file_name,trend,seasonal,stationary,pattern,shifting,dataset_name,train_lens,time_steps,if_univariate,size,type_value,total_len,train/total
NAB_data_Traffic_6.csv,FALSE,FALSE,TRUE,FALSE,FALSE,NAB,112,1126,TRUE,large,Shapelet,,
NAB_data_CloudWatch_15.csv,FALSE,FALSE,TRUE,FALSE,TRUE,NAB,124,1242,TRUE,large,Shapelet,,
NAB_data_Exchange_3.csv,FALSE,FALSE,TRUE,FALSE,FALSE,NAB,153,1537,TRUE,large,Shapelet,,
NAB_data_Exchange_4.csv,FALSE,FALSE,FALSE,FALSE,FALSE,NAB,153,1537,TRUE,large,Shapelet,,
NAB_data_Exchange_2.csv,FALSE,FALSE,TRUE,FALSE,FALSE,NAB,162,1623,TRUE,large,Shapelet,,
NAB_data_Exchange_5.csv,FALSE,FALSE,TRUE,FALSE,FALSE,NAB,164,1642,TRUE,large,Shapelet,,
NAB_data_Exchange_6.csv,FALSE,FALSE,TRUE,FALSE,FALSE,NAB,164,1642,TRUE,large,Shapelet,,
NAB_data_KnownCause_6.csv,FALSE,FALSE,TRUE,FALSE,FALSE,NAB,188,1881,TRUE,large,Shapelet,,
NAB_data_Traffic_2.csv,FALSE,FALSE,TRUE,FALSE,TRUE,NAB,216,2161,TRUE,large,Shapelet,,
Yahoo_A1real_62_data.csv,FALSE,FALSE,FALSE,FALSE,FALSE,YAHOO,222,741,TRUE,large,mix,,
Yahoo_A1real_54_data.csv,FALSE,TRUE,TRUE,FALSE,FALSE,YAHOO,222,741,TRUE,large,Shapelet,,
NAB_data_Traffic_3.csv,FALSE,FALSE,TRUE,FALSE,FALSE,NAB,237,2379,TRUE,large,Shapelet,,
NAB_data_Traffic_1.csv,FALSE,FALSE,TRUE,FALSE,FALSE,NAB,249,2499,TRUE,large,Shapelet,,
NAB_data_Traffic_4.csv,FALSE,FALSE,TRUE,FALSE,FALSE,NAB,249,2499,TRUE,large,Shapelet,,
NAB_data_Traffic_5.csv,FALSE,FALSE,TRUE,FALSE,FALSE,NAB,249,2499,TRUE,large,Shapelet,,
NAB_data_Traffic_7.csv,FALSE,FALSE,TRUE,FALSE,FALSE,NAB,249,2494,TRUE,large,Shapelet,,
NAB_data_art1_4.csv,FALSE,FALSE,TRUE,FALSE,FALSE,NAB,403,4031,TRUE,large,Seasonal,,
NAB_data_art1_0.csv,FALSE,TRUE,TRUE,FALSE,FALSE,NAB,403,4031,TRUE,large,Shapelet,,
NAB_data_art1_1.csv,FALSE,TRUE,TRUE,FALSE,FALSE,NAB,403,4031,TRUE,large,Shapelet,,
NAB_data_art1_2.csv,FALSE,TRUE,TRUE,FALSE,FALSE,NAB,403,4031,TRUE,large,Shapelet,,
NAB_data_art1_3.csv,FALSE,TRUE,TRUE,FALSE,FALSE,NAB,403,4031,TRUE,large,Shapelet,,
NAB_data_art1_5.csv,FALSE,FALSE,TRUE,FALSE,FALSE,NAB,403,4031,TRUE,large,Shapelet,,
NAB_data_CloudWatch_1.csv,FALSE,FALSE,TRUE,FALSE,TRUE,NAB,403,4031,TRUE,large,Shapelet,,
NAB_data_CloudWatch_11.csv,FALSE,FALSE,TRUE,FALSE,TRUE,NAB,403,4031,TRUE,large,Shapelet,,
NAB_data_CloudWatch_13.csv,FALSE,FALSE,TRUE,FALSE,FALSE,NAB,403,4031,TRUE,large,Shapelet,,
NAB_data_CloudWatch_16.csv,TRUE,FALSE,FALSE,FALSE,FALSE,NAB,403,4031,TRUE,large,Shapelet,,
NAB_data_CloudWatch_17.csv,FALSE,FALSE,FALSE,FALSE,FALSE,NAB,403,4031,TRUE,large,Shapelet,,
NAB_data_CloudWatch_2.csv,FALSE,FALSE,TRUE,FALSE,FALSE,NAB,403,4031,TRUE,large,Shapelet,,
NAB_data_CloudWatch_3.csv,FALSE,FALSE,FALSE,FALSE,FALSE,NAB,403,4031,TRUE,large,Shapelet,,
NAB_data_CloudWatch_4.csv,FALSE,FALSE,TRUE,FALSE,FALSE,NAB,403,4031,TRUE,large,Shapelet,,
NAB_data_CloudWatch_5.csv,FALSE,FALSE,TRUE,FALSE,FALSE,NAB,403,4031,TRUE,large,Shapelet,,
NAB_data_CloudWatch_6.csv,TRUE,FALSE,FALSE,FALSE,FALSE,NAB,403,4031,TRUE,large,Shapelet,,
NAB_data_KnownCause_3.csv,FALSE,FALSE,TRUE,FALSE,FALSE,NAB,403,4031,TRUE,large,Shapelet,,
periodic_data_15_from2020-01-07to2020-01-21_7519.csv,FALSE,FALSE,TRUE,FALSE,FALSE,GAIA,409,4093,TRUE,large,mix,,
periodic_data_24_from2020-01-07to2020-01-21_7513.csv,FALSE,FALSE,TRUE,TRUE,FALSE,GAIA,409,4092,TRUE,large,Global,,
partially_stationary_data_50_from2020-04-09to2020-04-23_7586.csv,FALSE,FALSE,TRUE,FALSE,FALSE,GAIA,413,4137,TRUE,large,Shapelet,,
Yahoo_A1real_4_data.csv,FALSE,FALSE,FALSE,FALSE,FALSE,YAHOO,426,1423,TRUE,large,Global,,
Yahoo_A1real_67_data.csv,FALSE,FALSE,FALSE,FALSE,FALSE,YAHOO,426,1423,TRUE,large,Shapelet,,
Yahoo_A1real_7_data.csv,TRUE,FALSE,FALSE,FALSE,TRUE,YAHOO,426,1423,TRUE,large,Trend,,
Yahoo_A1real_20_data.csv,TRUE,FALSE,FALSE,FALSE,TRUE,YAHOO,426,1422,TRUE,large,Shapelet,,
Yahoo_A2synthetic_12_data.csv,FALSE,TRUE,TRUE,FALSE,FALSE,YAHOO,426,1421,TRUE,large,Contextual,,
Yahoo_A2synthetic_15_data.csv,FALSE,TRUE,TRUE,FALSE,FALSE,YAHOO,426,1421,TRUE,large,Global,,
Yahoo_A2synthetic_18_data.csv,TRUE,TRUE,TRUE,FALSE,FALSE,YAHOO,426,1421,TRUE,large,Global,,
Yahoo_A2synthetic_21_data.csv,TRUE,FALSE,FALSE,FALSE,FALSE,YAHOO,426,1421,TRUE,large,Global,,
Yahoo_A2synthetic_24_data.csv,FALSE,TRUE,TRUE,FALSE,FALSE,YAHOO,426,1421,TRUE,large,Global,,
Yahoo_A2synthetic_27_data.csv,TRUE,TRUE,TRUE,FALSE,FALSE,YAHOO,426,1421,TRUE,large,Global,,
Yahoo_A2synthetic_3_data.csv,FALSE,TRUE,TRUE,FALSE,FALSE,YAHOO,426,1421,TRUE,large,Global,,
Yahoo_A2synthetic_30_data.csv,TRUE,FALSE,FALSE,FALSE,FALSE,YAHOO,426,1421,TRUE,large,Global,,
Yahoo_A2synthetic_33_data.csv,FALSE,TRUE,TRUE,FALSE,FALSE,YAHOO,426,1421,TRUE,large,Global,,
Yahoo_A2synthetic_36_data.csv,FALSE,TRUE,TRUE,FALSE,FALSE,YAHOO,426,1421,TRUE,large,Global,,
Yahoo_A2synthetic_39_data.csv,TRUE,FALSE,FALSE,FALSE,FALSE,YAHOO,426,1421,TRUE,large,Global,,
Yahoo_A2synthetic_42_data.csv,TRUE,FALSE,FALSE,FALSE,FALSE,YAHOO,426,1421,TRUE,large,Global,,
Yahoo_A2synthetic_45_data.csv,FALSE,FALSE,TRUE,FALSE,FALSE,YAHOO,426,1421,TRUE,large,Global,,
Yahoo_A2synthetic_48_data.csv,TRUE,FALSE,FALSE,FALSE,FALSE,YAHOO,426,1421,TRUE,large,Global,,
Yahoo_A2synthetic_51_data.csv,TRUE,FALSE,FALSE,FALSE,FALSE,YAHOO,426,1421,TRUE,large,Global,,
Yahoo_A2synthetic_54_data.csv,FALSE,FALSE,TRUE,FALSE,FALSE,YAHOO,426,1421,TRUE,large,Global,,
Yahoo_A2synthetic_57_data.csv,FALSE,FALSE,FALSE,FALSE,FALSE,YAHOO,426,1421,TRUE,large,Global,,
Yahoo_A2synthetic_6_data.csv,TRUE,TRUE,TRUE,FALSE,FALSE,YAHOO,426,1421,TRUE,large,Global,,
Yahoo_A2synthetic_60_data.csv,TRUE,TRUE,FALSE,FALSE,FALSE,YAHOO,426,1421,TRUE,large,Global,,
Yahoo_A2synthetic_63_data.csv,TRUE,FALSE,FALSE,FALSE,FALSE,YAHOO,426,1421,TRUE,large,Global,,
Yahoo_A2synthetic_66_data.csv,FALSE,TRUE,TRUE,FALSE,FALSE,YAHOO,426,1421,TRUE,large,Global,,
Yahoo_A2synthetic_69_data.csv,TRUE,FALSE,FALSE,FALSE,FALSE,YAHOO,426,1421,TRUE,large,Global,,
Yahoo_A2synthetic_72_data.csv,TRUE,FALSE,FALSE,FALSE,FALSE,YAHOO,426,1421,TRUE,large,Global,,
Yahoo_A2synthetic_75_data.csv,FALSE,TRUE,TRUE,FALSE,FALSE,YAHOO,426,1421,TRUE,large,Global,,
Yahoo_A2synthetic_78_data.csv,FALSE,TRUE,TRUE,FALSE,FALSE,YAHOO,426,1421,TRUE,large,Global,,
Yahoo_A2synthetic_81_data.csv,TRUE,FALSE,FALSE,FALSE,FALSE,YAHOO,426,1421,TRUE,large,Global,,
Yahoo_A2synthetic_84_data.csv,TRUE,FALSE,FALSE,FALSE,FALSE,YAHOO,426,1421,TRUE,large,Global,,
Yahoo_A2synthetic_87_data.csv,FALSE,TRUE,TRUE,FALSE,FALSE,YAHOO,426,1421,TRUE,large,Global,,
Yahoo_A2synthetic_9_data.csv,TRUE,TRUE,TRUE,FALSE,FALSE,YAHOO,426,1421,TRUE,large,Global,,
Yahoo_A2synthetic_90_data.csv,TRUE,FALSE,FALSE,FALSE,FALSE,YAHOO,426,1421,TRUE,large,Global,,
Yahoo_A2synthetic_93_data.csv,TRUE,FALSE,FALSE,FALSE,FALSE,YAHOO,426,1421,TRUE,large,Global,,
Yahoo_A2synthetic_96_data.csv,TRUE,TRUE,TRUE,FALSE,FALSE,YAHOO,426,1421,TRUE,large,Global,,
Yahoo_A2synthetic_99_data.csv,TRUE,TRUE,FALSE,FALSE,FALSE,YAHOO,426,1421,TRUE,large,Global,,
Yahoo_A2synthetic_67_data.csv,TRUE,FALSE,FALSE,FALSE,FALSE,YAHOO,426,1421,TRUE,large,mix,,
Yahoo_A2synthetic_70_data.csv,TRUE,FALSE,FALSE,FALSE,FALSE,YAHOO,426,1421,TRUE,large,mix,,
Yahoo_A2synthetic_1_data.csv,FALSE,TRUE,TRUE,FALSE,FALSE,YAHOO,426,1421,TRUE,large,Shapelet,,
Yahoo_A2synthetic_10_data.csv,FALSE,TRUE,TRUE,FALSE,FALSE,YAHOO,426,1421,TRUE,large,Shapelet,,
Yahoo_A2synthetic_100_data.csv,TRUE,FALSE,FALSE,FALSE,FALSE,YAHOO,426,1421,TRUE,large,Shapelet,,
Yahoo_A2synthetic_11_data.csv,FALSE,FALSE,TRUE,FALSE,FALSE,YAHOO,426,1421,TRUE,large,Shapelet,,
Yahoo_A2synthetic_13_data.csv,TRUE,TRUE,TRUE,FALSE,FALSE,YAHOO,426,1421,TRUE,large,Shapelet,,
Yahoo_A2synthetic_14_data.csv,TRUE,FALSE,FALSE,FALSE,FALSE,YAHOO,426,1421,TRUE,large,Shapelet,,
Yahoo_A2synthetic_16_data.csv,TRUE,TRUE,FALSE,FALSE,FALSE,YAHOO,426,1421,TRUE,large,Shapelet,,
Yahoo_A2synthetic_17_data.csv,FALSE,TRUE,TRUE,FALSE,FALSE,YAHOO,426,1421,TRUE,large,Shapelet,,
Yahoo_A2synthetic_19_data.csv,FALSE,TRUE,TRUE,FALSE,FALSE,YAHOO,426,1421,TRUE,large,Shapelet,,
Yahoo_A2synthetic_2_data.csv,FALSE,TRUE,TRUE,FALSE,FALSE,YAHOO,426,1421,TRUE,large,Shapelet,,
Yahoo_A2synthetic_20_data.csv,TRUE,TRUE,TRUE,FALSE,FALSE,YAHOO,426,1421,TRUE,large,Shapelet,,
Yahoo_A2synthetic_22_data.csv,FALSE,TRUE,TRUE,FALSE,FALSE,YAHOO,426,1421,TRUE,large,Shapelet,,
Yahoo_A2synthetic_23_data.csv,FALSE,FALSE,FALSE,FALSE,FALSE,YAHOO,426,1421,TRUE,large,Shapelet,,
Yahoo_A2synthetic_25_data.csv,TRUE,FALSE,FALSE,FALSE,FALSE,YAHOO,426,1421,TRUE,large,Shapelet,,
Yahoo_A2synthetic_26_data.csv,FALSE,TRUE,TRUE,FALSE,FALSE,YAHOO,426,1421,TRUE,large,Shapelet,,
Yahoo_A2synthetic_28_data.csv,TRUE,FALSE,FALSE,FALSE,FALSE,YAHOO,426,1421,TRUE,large,Shapelet,,
Yahoo_A2synthetic_29_data.csv,FALSE,TRUE,FALSE,FALSE,FALSE,YAHOO,426,1421,TRUE,large,Shapelet,,
Yahoo_A2synthetic_31_data.csv,FALSE,TRUE,TRUE,FALSE,FALSE,YAHOO,426,1421,TRUE,large,Shapelet,,
Yahoo_A2synthetic_32_data.csv,TRUE,FALSE,FALSE,FALSE,FALSE,YAHOO,426,1421,TRUE,large,Shapelet,,
Yahoo_A2synthetic_34_data.csv,TRUE,TRUE,TRUE,FALSE,FALSE,YAHOO,426,1421,TRUE,large,Shapelet,,
Yahoo_A2synthetic_35_data.csv,FALSE,FALSE,FALSE,FALSE,FALSE,YAHOO,426,1421,TRUE,large,Shapelet,,
Yahoo_A2synthetic_37_data.csv,TRUE,FALSE,FALSE,FALSE,FALSE,YAHOO,426,1421,TRUE,large,Shapelet,,
Yahoo_A2synthetic_38_data.csv,FALSE,FALSE,TRUE,FALSE,FALSE,YAHOO,426,1421,TRUE,large,Shapelet,,
Yahoo_A2synthetic_4_data.csv,FALSE,TRUE,TRUE,FALSE,FALSE,YAHOO,426,1421,TRUE,large,Shapelet,,
Yahoo_A2synthetic_40_data.csv,FALSE,TRUE,TRUE,FALSE,FALSE,YAHOO,426,1421,TRUE,large,Shapelet,,
Yahoo_A2synthetic_41_data.csv,FALSE,FALSE,FALSE,FALSE,FALSE,YAHOO,426,1421,TRUE,large,Shapelet,,
Yahoo_A2synthetic_43_data.csv,FALSE,FALSE,FALSE,FALSE,FALSE,YAHOO,426,1421,TRUE,large,Shapelet,,
Yahoo_A2synthetic_44_data.csv,TRUE,FALSE,FALSE,FALSE,FALSE,YAHOO,426,1421,TRUE,large,Shapelet,,
Yahoo_A2synthetic_46_data.csv,TRUE,FALSE,FALSE,FALSE,FALSE,YAHOO,426,1421,TRUE,large,Shapelet,,
Yahoo_A2synthetic_47_data.csv,FALSE,FALSE,TRUE,FALSE,FALSE,YAHOO,426,1421,TRUE,large,Shapelet,,
Yahoo_A2synthetic_49_data.csv,TRUE,FALSE,FALSE,FALSE,FALSE,YAHOO,426,1421,TRUE,large,Shapelet,,
Yahoo_A2synthetic_5_data.csv,FALSE,TRUE,TRUE,FALSE,FALSE,YAHOO,426,1421,TRUE,large,Shapelet,,
Yahoo_A2synthetic_50_data.csv,TRUE,FALSE,FALSE,FALSE,FALSE,YAHOO,426,1421,TRUE,large,Shapelet,,
Yahoo_A2synthetic_52_data.csv,TRUE,FALSE,FALSE,FALSE,FALSE,YAHOO,426,1421,TRUE,large,Shapelet,,
Yahoo_A2synthetic_53_data.csv,FALSE,FALSE,FALSE,FALSE,FALSE,YAHOO,426,1421,TRUE,large,Shapelet,,
Yahoo_A2synthetic_55_data.csv,FALSE,FALSE,FALSE,FALSE,FALSE,YAHOO,426,1421,TRUE,large,Shapelet,,
Yahoo_A2synthetic_56_data.csv,TRUE,FALSE,FALSE,FALSE,FALSE,YAHOO,426,1421,TRUE,large,Shapelet,,
Yahoo_A2synthetic_58_data.csv,TRUE,FALSE,FALSE,FALSE,FALSE,YAHOO,426,1421,TRUE,large,Shapelet,,
Yahoo_A2synthetic_59_data.csv,FALSE,FALSE,FALSE,FALSE,FALSE,YAHOO,426,1421,TRUE,large,Shapelet,,
Yahoo_A2synthetic_61_data.csv,FALSE,TRUE,TRUE,FALSE,FALSE,YAHOO,426,1421,TRUE,large,Shapelet,,
Yahoo_A2synthetic_62_data.csv,TRUE,FALSE,FALSE,FALSE,FALSE,YAHOO,426,1421,TRUE,large,Shapelet,,
Yahoo_A2synthetic_64_data.csv,FALSE,TRUE,TRUE,FALSE,FALSE,YAHOO,426,1421,TRUE,large,Shapelet,,
Yahoo_A2synthetic_65_data.csv,FALSE,FALSE,FALSE,FALSE,FALSE,YAHOO,426,1421,TRUE,large,Shapelet,,
Yahoo_A2synthetic_68_data.csv,FALSE,TRUE,TRUE,FALSE,FALSE,YAHOO,426,1421,TRUE,large,Shapelet,,
Yahoo_A2synthetic_7_data.csv,TRUE,FALSE,FALSE,FALSE,FALSE,YAHOO,426,1421,TRUE,large,Shapelet,,
Yahoo_A2synthetic_71_data.csv,FALSE,TRUE,TRUE,FALSE,FALSE,YAHOO,426,1421,TRUE,large,Shapelet,,
Yahoo_A2synthetic_73_data.csv,FALSE,TRUE,TRUE,FALSE,FALSE,YAHOO,426,1421,TRUE,large,Shapelet,,
Yahoo_A2synthetic_74_data.csv,TRUE,FALSE,FALSE,FALSE,FALSE,YAHOO,426,1421,TRUE,large,Shapelet,,
Yahoo_A2synthetic_76_data.csv,TRUE,FALSE,FALSE,FALSE,FALSE,YAHOO,426,1421,TRUE,large,Shapelet,,
Yahoo_A2synthetic_77_data.csv,TRUE,FALSE,FALSE,FALSE,FALSE,YAHOO,426,1421,TRUE,large,Shapelet,,
Yahoo_A2synthetic_79_data.csv,TRUE,FALSE,FALSE,FALSE,FALSE,YAHOO,426,1421,TRUE,large,Shapelet,,
Yahoo_A2synthetic_8_data.csv,FALSE,TRUE,TRUE,FALSE,FALSE,YAHOO,426,1421,TRUE,large,Shapelet,,
Yahoo_A2synthetic_80_data.csv,TRUE,TRUE,TRUE,FALSE,FALSE,YAHOO,426,1421,TRUE,large,Shapelet,,
Yahoo_A2synthetic_82_data.csv,TRUE,TRUE,TRUE,FALSE,FALSE,YAHOO,426,1421,TRUE,large,Shapelet,,
Yahoo_A2synthetic_83_data.csv,FALSE,FALSE,FALSE,FALSE,FALSE,YAHOO,426,1421,TRUE,large,Shapelet,,
Yahoo_A2synthetic_85_data.csv,TRUE,FALSE,FALSE,FALSE,FALSE,YAHOO,426,1421,TRUE,large,Shapelet,,
Yahoo_A2synthetic_86_data.csv,TRUE,FALSE,FALSE,FALSE,FALSE,YAHOO,426,1421,TRUE,large,Shapelet,,
Yahoo_A2synthetic_88_data.csv,TRUE,FALSE,FALSE,FALSE,FALSE,YAHOO,426,1421,TRUE,large,Shapelet,,
Yahoo_A2synthetic_89_data.csv,FALSE,FALSE,FALSE,FALSE,FALSE,YAHOO,426,1421,TRUE,large,Shapelet,,
Yahoo_A2synthetic_91_data.csv,TRUE,FALSE,FALSE,FALSE,FALSE,YAHOO,426,1421,TRUE,large,Shapelet,,
Yahoo_A2synthetic_92_data.csv,TRUE,FALSE,FALSE,FALSE,FALSE,YAHOO,426,1421,TRUE,large,Shapelet,,
Yahoo_A2synthetic_94_data.csv,TRUE,FALSE,FALSE,FALSE,FALSE,YAHOO,426,1421,TRUE,large,Shapelet,,
Yahoo_A2synthetic_95_data.csv,FALSE,FALSE,FALSE,FALSE,FALSE,YAHOO,426,1421,TRUE,large,Shapelet,,
Yahoo_A2synthetic_97_data.csv,TRUE,FALSE,FALSE,FALSE,FALSE,YAHOO,426,1421,TRUE,large,Shapelet,,
Yahoo_A2synthetic_98_data.csv,TRUE,FALSE,FALSE,FALSE,FALSE,YAHOO,426,1421,TRUE,large,Shapelet,,
Yahoo_A1real_1_data.csv,FALSE,FALSE,TRUE,FALSE,FALSE,YAHOO,426,1420,TRUE,large,mix,,
Yahoo_A1real_21_data.csv,FALSE,FALSE,FALSE,FALSE,FALSE,YAHOO,426,1420,TRUE,large,mix,,
Yahoo_A1real_23_data.csv,FALSE,FALSE,TRUE,FALSE,FALSE,YAHOO,426,1420,TRUE,large,mix,,
Yahoo_A1real_22_data.csv,FALSE,FALSE,FALSE,FALSE,FALSE,YAHOO,426,1420,TRUE,large,Shapelet,,
Yahoo_A1real_8_data.csv,FALSE,FALSE,TRUE,FALSE,FALSE,YAHOO,426,1420,TRUE,large,Shapelet,,
Yahoo_A1real_66_data.csv,FALSE,FALSE,TRUE,FALSE,FALSE,YAHOO,427,1424,TRUE,large,Shapelet,,
Yahoo_A1real_65_data.csv,FALSE,FALSE,FALSE,FALSE,FALSE,YAHOO,427,1424,TRUE,large,Trend,,
Yahoo_A1real_34_data.csv,FALSE,TRUE,TRUE,FALSE,FALSE,YAHOO,428,1427,TRUE,large,Global,,
Yahoo_A1real_27_data.csv,FALSE,TRUE,FALSE,FALSE,FALSE,YAHOO,428,1427,TRUE,large,mix,,
Yahoo_A1real_31_data.csv,TRUE,FALSE,FALSE,FALSE,FALSE,YAHOO,428,1427,TRUE,large,mix,,
Yahoo_A1real_32_data.csv,TRUE,FALSE,FALSE,FALSE,FALSE,YAHOO,428,1427,TRUE,large,mix,,
Yahoo_A1real_38_data.csv,FALSE,TRUE,TRUE,FALSE,FALSE,YAHOO,428,1427,TRUE,large,mix,,
Yahoo_A1real_39_data.csv,FALSE,FALSE,TRUE,FALSE,FALSE,YAHOO,428,1427,TRUE,large,mix,,
Yahoo_A1real_40_data.csv,FALSE,FALSE,TRUE,FALSE,FALSE,YAHOO,428,1427,TRUE,large,mix,,
Yahoo_A1real_47_data.csv,FALSE,TRUE,FALSE,FALSE,FALSE,YAHOO,428,1427,TRUE,large,mix,,
Yahoo_A1real_51_data.csv,FALSE,TRUE,FALSE,FALSE,FALSE,YAHOO,428,1427,TRUE,large,mix,,
Yahoo_A1real_55_data.csv,TRUE,TRUE,FALSE,FALSE,FALSE,YAHOO,428,1427,TRUE,large,mix,,
Yahoo_A1real_56_data.csv,TRUE,FALSE,FALSE,FALSE,FALSE,YAHOO,428,1427,TRUE,large,mix,,
Yahoo_A1real_52_data.csv,FALSE,TRUE,FALSE,FALSE,FALSE,YAHOO,429,1432,TRUE,large,Shapelet,,
Yahoo_A1real_41_data.csv,FALSE,FALSE,TRUE,FALSE,FALSE,YAHOO,430,1435,TRUE,large,Global,,
Yahoo_A1real_26_data.csv,FALSE,FALSE,FALSE,FALSE,FALSE,YAHOO,430,1435,TRUE,large,mix,,
Yahoo_A1real_25_data.csv,FALSE,FALSE,FALSE,FALSE,FALSE,YAHOO,430,1435,TRUE,large,Shapelet,,
Yahoo_A1real_58_data.csv,FALSE,FALSE,FALSE,FALSE,FALSE,YAHOO,430,1435,TRUE,large,Shapelet,,
Yahoo_A1real_37_data.csv,FALSE,FALSE,TRUE,FALSE,FALSE,YAHOO,430,1434,TRUE,large,Shapelet,,
Yahoo_A1real_2_data.csv,FALSE,FALSE,TRUE,FALSE,FALSE,YAHOO,431,1439,TRUE,large,Global,,
Yahoo_A1real_12_data.csv,FALSE,FALSE,TRUE,FALSE,FALSE,YAHOO,431,1439,TRUE,large,mix,,
Yahoo_A1real_11_data.csv,FALSE,FALSE,FALSE,FALSE,TRUE,YAHOO,431,1439,TRUE,large,Shapelet,,
Yahoo_A1real_13_data.csv,FALSE,TRUE,FALSE,FALSE,FALSE,YAHOO,431,1439,TRUE,large,Shapelet,,
Yahoo_A1real_14_data.csv,FALSE,FALSE,TRUE,FALSE,FALSE,YAHOO,431,1439,TRUE,large,Shapelet,,
Yahoo_A1real_15_data.csv,FALSE,TRUE,FALSE,FALSE,FALSE,YAHOO,431,1439,TRUE,large,Shapelet,,
Yahoo_A1real_33_data.csv,FALSE,FALSE,TRUE,FALSE,FALSE,YAHOO,431,1439,TRUE,large,Shapelet,,
Yahoo_A1real_5_data.csv,FALSE,FALSE,TRUE,FALSE,FALSE,YAHOO,431,1439,TRUE,large,Shapelet,,
Yahoo_A1real_6_data.csv,FALSE,FALSE,FALSE,FALSE,FALSE,YAHOO,431,1439,TRUE,large,Shapelet,,
Yahoo_A1real_10_data.csv,FALSE,FALSE,TRUE,FALSE,FALSE,YAHOO,431,1439,TRUE,large,Trend,,
Yahoo_A1real_48_data.csv,FALSE,FALSE,TRUE,FALSE,TRUE,YAHOO,431,1439,TRUE,large,Trend,,
Yahoo_A1real_50_data.csv,FALSE,FALSE,FALSE,FALSE,FALSE,YAHOO,431,1439,TRUE,large,Trend,,
Yahoo_A1real_63_data.csv,FALSE,FALSE,TRUE,FALSE,FALSE,YAHOO,431,1439,TRUE,large,Trend,,
partially_stationary_data_2_from2019-09-23to2019-10-08_7569.csv,FALSE,FALSE,TRUE,FALSE,FALSE,GAIA,432,4320,TRUE,large,Global,,
Yahoo_A1real_57_data.csv,TRUE,TRUE,FALSE,FALSE,FALSE,YAHOO,432,1441,TRUE,large,Contextual,,
Yahoo_A1real_28_data.csv,TRUE,TRUE,FALSE,FALSE,FALSE,YAHOO,432,1441,TRUE,large,Global,,
Yahoo_A1real_46_data.csv,TRUE,TRUE,FALSE,FALSE,FALSE,YAHOO,432,1441,TRUE,large,Global,,
Yahoo_A1real_29_data.csv,FALSE,FALSE,FALSE,FALSE,FALSE,YAHOO,432,1441,TRUE,large,mix,,
Yahoo_A1real_61_data.csv,FALSE,FALSE,FALSE,FALSE,FALSE,YAHOO,432,1441,TRUE,large,mix,,
Yahoo_A1real_45_data.csv,FALSE,FALSE,TRUE,FALSE,FALSE,YAHOO,432,1440,TRUE,large,Global,,
Yahoo_A1real_42_data.csv,TRUE,FALSE,FALSE,FALSE,FALSE,YAHOO,432,1440,TRUE,large,Shapelet,,
Yahoo_A1real_43_data.csv,FALSE,FALSE,FALSE,FALSE,FALSE,YAHOO,432,1440,TRUE,large,Shapelet,,
Yahoo_A1real_24_data.csv,FALSE,FALSE,FALSE,FALSE,FALSE,YAHOO,438,1461,TRUE,large,Global,,
Yahoo_A1real_53_data.csv,FALSE,FALSE,FALSE,FALSE,FALSE,YAHOO,438,1461,TRUE,large,Global,,
Yahoo_A1real_3_data.csv,TRUE,FALSE,FALSE,FALSE,FALSE,YAHOO,438,1461,TRUE,large,mix,,
Yahoo_A1real_30_data.csv,FALSE,TRUE,FALSE,FALSE,FALSE,YAHOO,438,1461,TRUE,large,mix,,
Yahoo_A1real_36_data.csv,FALSE,FALSE,TRUE,FALSE,FALSE,YAHOO,438,1461,TRUE,large,mix,,
Yahoo_A1real_9_data.csv,FALSE,FALSE,TRUE,FALSE,FALSE,YAHOO,438,1461,TRUE,large,mix,,
Yahoo_A1real_16_data.csv,FALSE,FALSE,TRUE,FALSE,FALSE,YAHOO,438,1461,TRUE,large,Shapelet,,
Yahoo_A1real_18_data.csv,FALSE,FALSE,TRUE,FALSE,FALSE,YAHOO,438,1461,TRUE,large,Shapelet,,
Yahoo_A1real_44_data.csv,FALSE,TRUE,TRUE,FALSE,FALSE,YAHOO,438,1461,TRUE,large,Shapelet,,
Yahoo_A1real_60_data.csv,FALSE,FALSE,TRUE,FALSE,FALSE,YAHOO,438,1461,TRUE,large,Shapelet,,
Yahoo_A1real_49_data.csv,FALSE,FALSE,TRUE,FALSE,FALSE,YAHOO,438,1461,TRUE,large,Trend,,
T-9_439.csv,FALSE,FALSE,TRUE,FALSE,FALSE,NASA-MSL-new,439,1535,TRUE,large,Shapelet,,
NAB_data_CloudWatch_14.csv,TRUE,FALSE,FALSE,FALSE,FALSE,NAB,462,4620,TRUE,large,Shapelet,,
NAB_data_CloudWatch_12.csv,FALSE,FALSE,TRUE,FALSE,FALSE,NAB,472,4729,TRUE,large,Shapelet,,
NAB_data_CloudWatch_9.csv,FALSE,FALSE,TRUE,FALSE,FALSE,NAB,472,4729,TRUE,large,Shapelet,,
periodic_data_32_from2020-01-02to2020-01-19_7467.csv,FALSE,TRUE,TRUE,TRUE,FALSE,GAIA,477,4779,TRUE,large,Global,,
periodic_data_40_from2020-01-02to2020-01-19_7474.csv,FALSE,FALSE,TRUE,FALSE,FALSE,GAIA,493,4934,TRUE,large,Global,,
periodic_data_3_from2020-01-02to2020-01-19_7469.csv,FALSE,TRUE,TRUE,TRUE,FALSE,GAIA,494,4945,TRUE,large,mix,,
periodic_data_1_from2020-01-02to2020-01-19_7468.csv,FALSE,FALSE,TRUE,TRUE,FALSE,GAIA,494,4945,TRUE,large,Shapelet,,
YahooA3Benchmark-TS13_data.csv,TRUE,TRUE,FALSE,FALSE,FALSE,YAHOO,504,1680,TRUE,large,Contextual,,
YahooA3Benchmark-TS21_data.csv,TRUE,TRUE,FALSE,FALSE,FALSE,YAHOO,504,1680,TRUE,large,Contextual,,
YahooA3Benchmark-TS22_data.csv,TRUE,TRUE,FALSE,FALSE,FALSE,YAHOO,504,1680,TRUE,large,Contextual,,
YahooA3Benchmark-TS24_data.csv,FALSE,TRUE,TRUE,FALSE,FALSE,YAHOO,504,1680,TRUE,large,Contextual,,
YahooA3Benchmark-TS36_data.csv,TRUE,TRUE,FALSE,FALSE,FALSE,YAHOO,504,1680,TRUE,large,Contextual,,
YahooA3Benchmark-TS42_data.csv,TRUE,TRUE,FALSE,FALSE,FALSE,YAHOO,504,1680,TRUE,large,Contextual,,
YahooA3Benchmark-TS50_data.csv,TRUE,TRUE,FALSE,FALSE,FALSE,YAHOO,504,1680,TRUE,large,Contextual,,
YahooA3Benchmark-TS51_data.csv,TRUE,TRUE,FALSE,FALSE,FALSE,YAHOO,504,1680,TRUE,large,Contextual,,
YahooA3Benchmark-TS58_data.csv,FALSE,TRUE,TRUE,FALSE,FALSE,YAHOO,504,1680,TRUE,large,Contextual,,
YahooA3Benchmark-TS60_data.csv,TRUE,TRUE,FALSE,FALSE,FALSE,YAHOO,504,1680,TRUE,large,Contextual,,
YahooA3Benchmark-TS72_data.csv,TRUE,TRUE,FALSE,FALSE,FALSE,YAHOO,504,1680,TRUE,large,Contextual,,
YahooA3Benchmark-TS74_data.csv,TRUE,TRUE,FALSE,FALSE,FALSE,YAHOO,504,1680,TRUE,large,Contextual,,
YahooA3Benchmark-TS80_data.csv,TRUE,TRUE,FALSE,FALSE,FALSE,YAHOO,504,1680,TRUE,large,Contextual,,
YahooA3Benchmark-TS88_data.csv,FALSE,TRUE,FALSE,FALSE,FALSE,YAHOO,504,1680,TRUE,large,Contextual,,
YahooA4Benchmark-TS16_data.csv,TRUE,TRUE,TRUE,FALSE,FALSE,YAHOO,504,1680,TRUE,large,Contextual,,
YahooA4Benchmark-TS22_data.csv,TRUE,TRUE,FALSE,FALSE,TRUE,YAHOO,504,1680,TRUE,large,Contextual,,
YahooA4Benchmark-TS25_data.csv,TRUE,TRUE,FALSE,FALSE,FALSE,YAHOO,504,1680,TRUE,large,Contextual,,
YahooA4Benchmark-TS27_data.csv,TRUE,TRUE,FALSE,FALSE,FALSE,YAHOO,504,1680,TRUE,large,Contextual,,
YahooA4Benchmark-TS28_data.csv,FALSE,TRUE,FALSE,FALSE,FALSE,YAHOO,504,1680,TRUE,large,Contextual,,
YahooA4Benchmark-TS31_data.csv,TRUE,TRUE,FALSE,FALSE,FALSE,YAHOO,504,1680,TRUE,large,Contextual,,
YahooA4Benchmark-TS32_data.csv,TRUE,TRUE,FALSE,FALSE,FALSE,YAHOO,504,1680,TRUE,large,Contextual,,
YahooA4Benchmark-TS35_data.csv,TRUE,TRUE,FALSE,FALSE,FALSE,YAHOO,504,1680,TRUE,large,Contextual,,
YahooA4Benchmark-TS36_data.csv,FALSE,FALSE,FALSE,FALSE,TRUE,YAHOO,504,1680,TRUE,large,Contextual,,
YahooA4Benchmark-TS37_data.csv,TRUE,TRUE,FALSE,FALSE,FALSE,YAHOO,504,1680,TRUE,large,Contextual,,
YahooA4Benchmark-TS4_data.csv,TRUE,TRUE,FALSE,FALSE,FALSE,YAHOO,504,1680,TRUE,large,Contextual,,
YahooA4Benchmark-TS41_data.csv,TRUE,TRUE,FALSE,FALSE,FALSE,YAHOO,504,1680,TRUE,large,Contextual,,
YahooA4Benchmark-TS44_data.csv,FALSE,TRUE,FALSE,FALSE,FALSE,YAHOO,504,1680,TRUE,large,Contextual,,
YahooA4Benchmark-TS45_data.csv,TRUE,TRUE,FALSE,FALSE,FALSE,YAHOO,504,1680,TRUE,large,Contextual,,
YahooA4Benchmark-TS46_data.csv,FALSE,TRUE,FALSE,FALSE,TRUE,YAHOO,504,1680,TRUE,large,Contextual,,
YahooA4Benchmark-TS58_data.csv,TRUE,TRUE,FALSE,FALSE,FALSE,YAHOO,504,1680,TRUE,large,Contextual,,
YahooA4Benchmark-TS59_data.csv,TRUE,TRUE,FALSE,FALSE,FALSE,YAHOO,504,1680,TRUE,large,Contextual,,
YahooA4Benchmark-TS6_data.csv,FALSE,TRUE,TRUE,FALSE,FALSE,YAHOO,504,1680,TRUE,large,Contextual,,
YahooA4Benchmark-TS60_data.csv,TRUE,TRUE,FALSE,FALSE,FALSE,YAHOO,504,1680,TRUE,large,Contextual,,
YahooA4Benchmark-TS61_data.csv,FALSE,TRUE,FALSE,FALSE,FALSE,YAHOO,504,1680,TRUE,large,Contextual,,
YahooA4Benchmark-TS62_data.csv,TRUE,TRUE,FALSE,FALSE,FALSE,YAHOO,504,1680,TRUE,large,Contextual,,
YahooA4Benchmark-TS81_data.csv,TRUE,TRUE,FALSE,FALSE,FALSE,YAHOO,504,1680,TRUE,large,Contextual,,
YahooA4Benchmark-TS85_data.csv,FALSE,FALSE,FALSE,FALSE,FALSE,YAHOO,504,1680,TRUE,large,Contextual,,
YahooA4Benchmark-TS87_data.csv,TRUE,TRUE,TRUE,FALSE,FALSE,YAHOO,504,1680,TRUE,large,Contextual,,
YahooA4Benchmark-TS90_data.csv,TRUE,TRUE,FALSE,FALSE,FALSE,YAHOO,504,1680,TRUE,large,Contextual,,
YahooA4Benchmark-TS91_data.csv,TRUE,TRUE,FALSE,FALSE,FALSE,YAHOO,504,1680,TRUE,large,Contextual,,
YahooA4Benchmark-TS94_data.csv,TRUE,TRUE,FALSE,FALSE,FALSE,YAHOO,504,1680,TRUE,large,Contextual,,
YahooA4Benchmark-TS97_data.csv,TRUE,TRUE,FALSE,FALSE,TRUE,YAHOO,504,1680,TRUE,large,Contextual,,
YahooA4Benchmark-TS99_data.csv,FALSE,TRUE,FALSE,FALSE,FALSE,YAHOO,504,1680,TRUE,large,Contextual,,
YahooA3Benchmark-TS1_data.csv,TRUE,TRUE,FALSE,FALSE,FALSE,YAHOO,504,1680,TRUE,large,Global,,
YahooA3Benchmark-TS10_data.csv,TRUE,TRUE,FALSE,FALSE,FALSE,YAHOO,504,1680,TRUE,large,Global,,
YahooA3Benchmark-TS11_data.csv,TRUE,TRUE,FALSE,FALSE,FALSE,YAHOO,504,1680,TRUE,large,Global,,
YahooA3Benchmark-TS12_data.csv,FALSE,TRUE,TRUE,FALSE,FALSE,YAHOO,504,1680,TRUE,large,Global,,
YahooA3Benchmark-TS15_data.csv,TRUE,TRUE,FALSE,FALSE,FALSE,YAHOO,504,1680,TRUE,large,Global,,
YahooA3Benchmark-TS16_data.csv,TRUE,TRUE,FALSE,FALSE,FALSE,YAHOO,504,1680,TRUE,large,Global,,
YahooA3Benchmark-TS17_data.csv,TRUE,TRUE,FALSE,FALSE,FALSE,YAHOO,504,1680,TRUE,large,Global,,
YahooA3Benchmark-TS18_data.csv,TRUE,TRUE,FALSE,FALSE,FALSE,YAHOO,504,1680,TRUE,large,Global,,
YahooA3Benchmark-TS19_data.csv,TRUE,TRUE,FALSE,FALSE,TRUE,YAHOO,504,1680,TRUE,large,Global,,
YahooA3Benchmark-TS2_data.csv,TRUE,TRUE,FALSE,FALSE,FALSE,YAHOO,504,1680,TRUE,large,Global,,
YahooA3Benchmark-TS20_data.csv,TRUE,TRUE,FALSE,FALSE,FALSE,YAHOO,504,1680,TRUE,large,Global,,
YahooA3Benchmark-TS23_data.csv,FALSE,TRUE,FALSE,FALSE,FALSE,YAHOO,504,1680,TRUE,large,Global,,
YahooA3Benchmark-TS25_data.csv,TRUE,TRUE,FALSE,FALSE,FALSE,YAHOO,504,1680,TRUE,large,Global,,
YahooA3Benchmark-TS26_data.csv,TRUE,TRUE,FALSE,FALSE,FALSE,YAHOO,504,1680,TRUE,large,Global,,
YahooA3Benchmark-TS27_data.csv,TRUE,TRUE,FALSE,FALSE,FALSE,YAHOO,504,1680,TRUE,large,Global,,
YahooA3Benchmark-TS29_data.csv,TRUE,TRUE,FALSE,FALSE,FALSE,YAHOO,504,1680,TRUE,large,Global,,
YahooA3Benchmark-TS3_data.csv,TRUE,TRUE,FALSE,FALSE,FALSE,YAHOO,504,1680,TRUE,large,Global,,
YahooA3Benchmark-TS33_data.csv,FALSE,TRUE,TRUE,FALSE,FALSE,YAHOO,504,1680,TRUE,large,Global,,
YahooA3Benchmark-TS34_data.csv,TRUE,TRUE,FALSE,FALSE,FALSE,YAHOO,504,1680,TRUE,large,Global,,
YahooA3Benchmark-TS35_data.csv,TRUE,TRUE,FALSE,FALSE,FALSE,YAHOO,504,1680,TRUE,large,Global,,
YahooA3Benchmark-TS37_data.csv,FALSE,TRUE,FALSE,FALSE,FALSE,YAHOO,504,1680,TRUE,large,Global,,
YahooA3Benchmark-TS38_data.csv,TRUE,TRUE,FALSE,FALSE,FALSE,YAHOO,504,1680,TRUE,large,Global,,
YahooA3Benchmark-TS39_data.csv,TRUE,TRUE,FALSE,FALSE,FALSE,YAHOO,504,1680,TRUE,large,Global,,
YahooA3Benchmark-TS4_data.csv,TRUE,TRUE,FALSE,FALSE,FALSE,YAHOO,504,1680,TRUE,large,Global,,
YahooA3Benchmark-TS40_data.csv,TRUE,TRUE,FALSE,FALSE,FALSE,YAHOO,504,1680,TRUE,large,Global,,
YahooA3Benchmark-TS43_data.csv,TRUE,TRUE,FALSE,FALSE,FALSE,YAHOO,504,1680,TRUE,large,Global,,
YahooA3Benchmark-TS44_data.csv,FALSE,TRUE,TRUE,FALSE,FALSE,YAHOO,504,1680,TRUE,large,Global,,
YahooA3Benchmark-TS46_data.csv,TRUE,TRUE,FALSE,FALSE,FALSE,YAHOO,504,1680,TRUE,large,Global,,
YahooA3Benchmark-TS47_data.csv,TRUE,TRUE,FALSE,FALSE,FALSE,YAHOO,504,1680,TRUE,large,Global,,
YahooA3Benchmark-TS48_data.csv,TRUE,TRUE,FALSE,FALSE,FALSE,YAHOO,504,1680,TRUE,large,Global,,
YahooA3Benchmark-TS49_data.csv,FALSE,TRUE,FALSE,FALSE,FALSE,YAHOO,504,1680,TRUE,large,Global,,
YahooA3Benchmark-TS5_data.csv,TRUE,TRUE,FALSE,FALSE,FALSE,YAHOO,504,1680,TRUE,large,Global,,
YahooA3Benchmark-TS52_data.csv,FALSE,TRUE,FALSE,FALSE,FALSE,YAHOO,504,1680,TRUE,large,Global,,
YahooA3Benchmark-TS53_data.csv,TRUE,TRUE,FALSE,FALSE,FALSE,YAHOO,504,1680,TRUE,large,Global,,
YahooA3Benchmark-TS54_data.csv,FALSE,TRUE,FALSE,FALSE,TRUE,YAHOO,504,1680,TRUE,large,Global,,
YahooA3Benchmark-TS56_data.csv,TRUE,TRUE,FALSE,FALSE,FALSE,YAHOO,504,1680,TRUE,large,Global,,
YahooA3Benchmark-TS57_data.csv,TRUE,TRUE,FALSE,FALSE,FALSE,YAHOO,504,1680,TRUE,large,Global,,
YahooA3Benchmark-TS59_data.csv,TRUE,TRUE,FALSE,FALSE,FALSE,YAHOO,504,1680,TRUE,large,Global,,
YahooA3Benchmark-TS6_data.csv,FALSE,TRUE,TRUE,FALSE,FALSE,YAHOO,504,1680,TRUE,large,Global,,
YahooA3Benchmark-TS61_data.csv,TRUE,TRUE,FALSE,FALSE,FALSE,YAHOO,504,1680,TRUE,large,Global,,
YahooA3Benchmark-TS62_data.csv,TRUE,TRUE,FALSE,FALSE,FALSE,YAHOO,504,1680,TRUE,large,Global,,
YahooA3Benchmark-TS63_data.csv,TRUE,TRUE,FALSE,FALSE,FALSE,YAHOO,504,1680,TRUE,large,Global,,
YahooA3Benchmark-TS64_data.csv,FALSE,TRUE,FALSE,FALSE,FALSE,YAHOO,504,1680,TRUE,large,Global,,
YahooA3Benchmark-TS66_data.csv,FALSE,TRUE,TRUE,FALSE,FALSE,YAHOO,504,1680,TRUE,large,Global,,
YahooA3Benchmark-TS67_data.csv,TRUE,TRUE,FALSE,FALSE,FALSE,YAHOO,504,1680,TRUE,large,Global,,
YahooA3Benchmark-TS68_data.csv,TRUE,TRUE,FALSE,FALSE,FALSE,YAHOO,504,1680,TRUE,large,Global,,
YahooA3Benchmark-TS69_data.csv,FALSE,TRUE,FALSE,FALSE,FALSE,YAHOO,504,1680,TRUE,large,Global,,
YahooA3Benchmark-TS7_data.csv,FALSE,TRUE,TRUE,FALSE,FALSE,YAHOO,504,1680,TRUE,large,Global,,
YahooA3Benchmark-TS70_data.csv,TRUE,TRUE,FALSE,FALSE,FALSE,YAHOO,504,1680,TRUE,large,Global,,
YahooA3Benchmark-TS71_data.csv,TRUE,TRUE,FALSE,FALSE,FALSE,YAHOO,504,1680,TRUE,large,Global,,
YahooA3Benchmark-TS75_data.csv,TRUE,TRUE,FALSE,FALSE,TRUE,YAHOO,504,1680,TRUE,large,Global,,
YahooA3Benchmark-TS76_data.csv,FALSE,TRUE,TRUE,FALSE,FALSE,YAHOO,504,1680,TRUE,large,Global,,
YahooA3Benchmark-TS77_data.csv,FALSE,TRUE,FALSE,FALSE,FALSE,YAHOO,504,1680,TRUE,large,Global,,
YahooA3Benchmark-TS78_data.csv,TRUE,TRUE,FALSE,FALSE,FALSE,YAHOO,504,1680,TRUE,large,Global,,
YahooA3Benchmark-TS79_data.csv,TRUE,TRUE,FALSE,FALSE,FALSE,YAHOO,504,1680,TRUE,large,Global,,
YahooA3Benchmark-TS8_data.csv,TRUE,TRUE,FALSE,FALSE,FALSE,YAHOO,504,1680,TRUE,large,Global,,
YahooA3Benchmark-TS81_data.csv,TRUE,TRUE,FALSE,FALSE,FALSE,YAHOO,504,1680,TRUE,large,Global,,
YahooA3Benchmark-TS83_data.csv,FALSE,TRUE,FALSE,FALSE,FALSE,YAHOO,504,1680,TRUE,large,Global,,
YahooA3Benchmark-TS85_data.csv,FALSE,TRUE,TRUE,FALSE,FALSE,YAHOO,504,1680,TRUE,large,Global,,
YahooA3Benchmark-TS86_data.csv,FALSE,TRUE,FALSE,FALSE,FALSE,YAHOO,504,1680,TRUE,large,Global,,
YahooA3Benchmark-TS87_data.csv,FALSE,TRUE,TRUE,FALSE,FALSE,YAHOO,504,1680,TRUE,large,Global,,
YahooA3Benchmark-TS9_data.csv,TRUE,TRUE,FALSE,FALSE,TRUE,YAHOO,504,1680,TRUE,large,Global,,
YahooA3Benchmark-TS90_data.csv,TRUE,TRUE,FALSE,FALSE,FALSE,YAHOO,504,1680,TRUE,large,Global,,
YahooA3Benchmark-TS91_data.csv,FALSE,TRUE,TRUE,FALSE,FALSE,YAHOO,504,1680,TRUE,large,Global,,
YahooA3Benchmark-TS92_data.csv,FALSE,TRUE,FALSE,FALSE,FALSE,YAHOO,504,1680,TRUE,large,Global,,
YahooA3Benchmark-TS93_data.csv,FALSE,TRUE,FALSE,FALSE,FALSE,YAHOO,504,1680,TRUE,large,Global,,
YahooA3Benchmark-TS94_data.csv,TRUE,TRUE,FALSE,FALSE,FALSE,YAHOO,504,1680,TRUE,large,Global,,
YahooA3Benchmark-TS95_data.csv,TRUE,TRUE,FALSE,FALSE,FALSE,YAHOO,504,1680,TRUE,large,Global,,
YahooA3Benchmark-TS96_data.csv,TRUE,TRUE,FALSE,FALSE,FALSE,YAHOO,504,1680,TRUE,large,Global,,
YahooA3Benchmark-TS97_data.csv,TRUE,TRUE,FALSE,FALSE,FALSE,YAHOO,504,1680,TRUE,large,Global,,
YahooA3Benchmark-TS98_data.csv,TRUE,TRUE,FALSE,FALSE,FALSE,YAHOO,504,1680,TRUE,large,Global,,
YahooA3Benchmark-TS99_data.csv,TRUE,TRUE,FALSE,FALSE,FALSE,YAHOO,504,1680,TRUE,large,Global,,
YahooA4Benchmark-TS1_data.csv,TRUE,TRUE,TRUE,FALSE,FALSE,YAHOO,504,1680,TRUE,large,Global,,
YahooA4Benchmark-TS10_data.csv,FALSE,TRUE,FALSE,FALSE,FALSE,YAHOO,504,1680,TRUE,large,Global,,
YahooA4Benchmark-TS100_data.csv,TRUE,TRUE,FALSE,FALSE,FALSE,YAHOO,504,1680,TRUE,large,Global,,
YahooA4Benchmark-TS11_data.csv,TRUE,TRUE,FALSE,FALSE,FALSE,YAHOO,504,1680,TRUE,large,Global,,
YahooA4Benchmark-TS13_data.csv,TRUE,TRUE,FALSE,FALSE,FALSE,YAHOO,504,1680,TRUE,large,Global,,
YahooA4Benchmark-TS15_data.csv,FALSE,TRUE,FALSE,FALSE,FALSE,YAHOO,504,1680,TRUE,large,Global,,
YahooA4Benchmark-TS17_data.csv,TRUE,TRUE,FALSE,FALSE,FALSE,YAHOO,504,1680,TRUE,large,Global,,
YahooA4Benchmark-TS18_data.csv,TRUE,TRUE,FALSE,FALSE,TRUE,YAHOO,504,1680,TRUE,large,Global,,
YahooA4Benchmark-TS19_data.csv,TRUE,TRUE,FALSE,FALSE,FALSE,YAHOO,504,1680,TRUE,large,Global,,
YahooA4Benchmark-TS2_data.csv,TRUE,TRUE,FALSE,FALSE,FALSE,YAHOO,504,1680,TRUE,large,Global,,
YahooA4Benchmark-TS20_data.csv,TRUE,TRUE,FALSE,FALSE,FALSE,YAHOO,504,1680,TRUE,large,Global,,
YahooA4Benchmark-TS23_data.csv,TRUE,TRUE,FALSE,FALSE,FALSE,YAHOO,504,1680,TRUE,large,Global,,
YahooA4Benchmark-TS29_data.csv,TRUE,TRUE,FALSE,FALSE,FALSE,YAHOO,504,1680,TRUE,large,Global,,
YahooA4Benchmark-TS33_data.csv,TRUE,TRUE,FALSE,FALSE,FALSE,YAHOO,504,1680,TRUE,large,Global,,
YahooA4Benchmark-TS39_data.csv,TRUE,TRUE,FALSE,FALSE,FALSE,YAHOO,504,1680,TRUE,large,Global,,
YahooA4Benchmark-TS42_data.csv,TRUE,TRUE,FALSE,FALSE,FALSE,YAHOO,504,1680,TRUE,large,Global,,
YahooA4Benchmark-TS43_data.csv,FALSE,TRUE,FALSE,FALSE,TRUE,YAHOO,504,1680,TRUE,large,Global,,
YahooA4Benchmark-TS47_data.csv,TRUE,TRUE,FALSE,FALSE,TRUE,YAHOO,504,1680,TRUE,large,Global,,
YahooA4Benchmark-TS48_data.csv,TRUE,TRUE,FALSE,FALSE,FALSE,YAHOO,504,1680,TRUE,large,Global,,
YahooA4Benchmark-TS49_data.csv,TRUE,TRUE,FALSE,FALSE,FALSE,YAHOO,504,1680,TRUE,large,Global,,
YahooA4Benchmark-TS5_data.csv,TRUE,TRUE,FALSE,FALSE,TRUE,YAHOO,504,1680,TRUE,large,Global,,
YahooA4Benchmark-TS51_data.csv,TRUE,TRUE,FALSE,FALSE,TRUE,YAHOO,504,1680,TRUE,large,Global,,
YahooA4Benchmark-TS53_data.csv,TRUE,TRUE,FALSE,FALSE,FALSE,YAHOO,504,1680,TRUE,large,Global,,
YahooA4Benchmark-TS54_data.csv,TRUE,TRUE,FALSE,FALSE,FALSE,YAHOO,504,1680,TRUE,large,Global,,
YahooA4Benchmark-TS55_data.csv,FALSE,TRUE,FALSE,FALSE,FALSE,YAHOO,504,1680,TRUE,large,Global,,
YahooA4Benchmark-TS57_data.csv,FALSE,TRUE,FALSE,FALSE,FALSE,YAHOO,504,1680,TRUE,large,Global,,
YahooA4Benchmark-TS63_data.csv,TRUE,TRUE,FALSE,FALSE,FALSE,YAHOO,504,1680,TRUE,large,Global,,
YahooA4Benchmark-TS64_data.csv,TRUE,TRUE,TRUE,FALSE,FALSE,YAHOO,504,1680,TRUE,large,Global,,
YahooA4Benchmark-TS66_data.csv,TRUE,TRUE,TRUE,FALSE,FALSE,YAHOO,504,1680,TRUE,large,Global,,
YahooA4Benchmark-TS68_data.csv,TRUE,TRUE,FALSE,FALSE,FALSE,YAHOO,504,1680,TRUE,large,Global,,
YahooA4Benchmark-TS7_data.csv,FALSE,FALSE,TRUE,FALSE,FALSE,YAHOO,504,1680,TRUE,large,Global,,
YahooA4Benchmark-TS70_data.csv,FALSE,TRUE,FALSE,FALSE,FALSE,YAHOO,504,1680,TRUE,large,Global,,
YahooA4Benchmark-TS73_data.csv,TRUE,TRUE,FALSE,FALSE,FALSE,YAHOO,504,1680,TRUE,large,Global,,
YahooA4Benchmark-TS74_data.csv,TRUE,TRUE,FALSE,FALSE,TRUE,YAHOO,504,1680,TRUE,large,Global,,
YahooA4Benchmark-TS75_data.csv,TRUE,TRUE,FALSE,FALSE,FALSE,YAHOO,504,1680,TRUE,large,Global,,
YahooA4Benchmark-TS77_data.csv,FALSE,TRUE,FALSE,FALSE,FALSE,YAHOO,504,1680,TRUE,large,Global,,
YahooA4Benchmark-TS78_data.csv,TRUE,TRUE,FALSE,FALSE,FALSE,YAHOO,504,1680,TRUE,large,Global,,
YahooA4Benchmark-TS79_data.csv,TRUE,TRUE,FALSE,FALSE,FALSE,YAHOO,504,1680,TRUE,large,Global,,
YahooA4Benchmark-TS80_data.csv,FALSE,TRUE,FALSE,FALSE,FALSE,YAHOO,504,1680,TRUE,large,Global,,
YahooA4Benchmark-TS83_data.csv,TRUE,TRUE,TRUE,FALSE,FALSE,YAHOO,504,1680,TRUE,large,Global,,
YahooA4Benchmark-TS84_data.csv,TRUE,TRUE,FALSE,FALSE,FALSE,YAHOO,504,1680,TRUE,large,Global,,
YahooA4Benchmark-TS86_data.csv,FALSE,TRUE,FALSE,FALSE,FALSE,YAHOO,504,1680,TRUE,large,Global,,
YahooA4Benchmark-TS88_data.csv,TRUE,TRUE,FALSE,FALSE,FALSE,YAHOO,504,1680,TRUE,large,Global,,
YahooA4Benchmark-TS9_data.csv,TRUE,TRUE,FALSE,FALSE,FALSE,YAHOO,504,1680,TRUE,large,Global,,
YahooA4Benchmark-TS92_data.csv,TRUE,TRUE,FALSE,FALSE,FALSE,YAHOO,504,1680,TRUE,large,Global,,
YahooA4Benchmark-TS93_data.csv,TRUE,TRUE,FALSE,FALSE,TRUE,YAHOO,504,1680,TRUE,large,Global,,
YahooA3Benchmark-TS100_data.csv,FALSE,TRUE,TRUE,FALSE,FALSE,YAHOO,504,1680,TRUE,large,mix,,
YahooA3Benchmark-TS14_data.csv,TRUE,TRUE,FALSE,FALSE,FALSE,YAHOO,504,1680,TRUE,large,mix,,
YahooA3Benchmark-TS28_data.csv,TRUE,TRUE,TRUE,FALSE,TRUE,YAHOO,504,1680,TRUE,large,mix,,
YahooA3Benchmark-TS30_data.csv,TRUE,TRUE,FALSE,FALSE,FALSE,YAHOO,504,1680,TRUE,large,mix,,
YahooA3Benchmark-TS31_data.csv,FALSE,TRUE,FALSE,FALSE,FALSE,YAHOO,504,1680,TRUE,large,mix,,
YahooA3Benchmark-TS32_data.csv,FALSE,TRUE,FALSE,FALSE,FALSE,YAHOO,504,1680,TRUE,large,mix,,
YahooA3Benchmark-TS41_data.csv,FALSE,TRUE,TRUE,FALSE,FALSE,YAHOO,504,1680,TRUE,large,mix,,
YahooA3Benchmark-TS45_data.csv,FALSE,TRUE,FALSE,FALSE,FALSE,YAHOO,504,1680,TRUE,large,mix,,
YahooA3Benchmark-TS55_data.csv,TRUE,TRUE,FALSE,FALSE,FALSE,YAHOO,504,1680,TRUE,large,mix,,
YahooA3Benchmark-TS65_data.csv,FALSE,TRUE,TRUE,FALSE,FALSE,YAHOO,504,1680,TRUE,large,mix,,
YahooA3Benchmark-TS73_data.csv,FALSE,TRUE,FALSE,FALSE,FALSE,YAHOO,504,1680,TRUE,large,mix,,
YahooA3Benchmark-TS82_data.csv,TRUE,TRUE,FALSE,FALSE,FALSE,YAHOO,504,1680,TRUE,large,mix,,
YahooA3Benchmark-TS84_data.csv,TRUE,TRUE,FALSE,FALSE,FALSE,YAHOO,504,1680,TRUE,large,mix,,
YahooA3Benchmark-TS89_data.csv,TRUE,TRUE,FALSE,FALSE,FALSE,YAHOO,504,1680,TRUE,large,mix,,
YahooA4Benchmark-TS12_data.csv,TRUE,TRUE,FALSE,FALSE,FALSE,YAHOO,504,1680,TRUE,large,mix,,
YahooA4Benchmark-TS14_data.csv,FALSE,TRUE,FALSE,FALSE,FALSE,YAHOO,504,1680,TRUE,large,mix,,
YahooA4Benchmark-TS21_data.csv,TRUE,TRUE,FALSE,FALSE,FALSE,YAHOO,504,1680,TRUE,large,mix,,
YahooA4Benchmark-TS24_data.csv,TRUE,TRUE,FALSE,FALSE,TRUE,YAHOO,504,1680,TRUE,large,mix,,
YahooA4Benchmark-TS26_data.csv,TRUE,TRUE,FALSE,FALSE,FALSE,YAHOO,504,1680,TRUE,large,mix,,
YahooA4Benchmark-TS3_data.csv,TRUE,TRUE,FALSE,FALSE,FALSE,YAHOO,504,1680,TRUE,large,mix,,
YahooA4Benchmark-TS30_data.csv,TRUE,TRUE,FALSE,FALSE,FALSE,YAHOO,504,1680,TRUE,large,mix,,
YahooA4Benchmark-TS34_data.csv,FALSE,TRUE,FALSE,FALSE,FALSE,YAHOO,504,1680,TRUE,large,mix,,
YahooA4Benchmark-TS38_data.csv,TRUE,FALSE,FALSE,FALSE,FALSE,YAHOO,504,1680,TRUE,large,mix,,
YahooA4Benchmark-TS40_data.csv,FALSE,TRUE,FALSE,FALSE,FALSE,YAHOO,504,1680,TRUE,large,mix,,
YahooA4Benchmark-TS50_data.csv,FALSE,FALSE,FALSE,FALSE,FALSE,YAHOO,504,1680,TRUE,large,mix,,
YahooA4Benchmark-TS52_data.csv,FALSE,TRUE,TRUE,FALSE,FALSE,YAHOO,504,1680,TRUE,large,mix,,
YahooA4Benchmark-TS56_data.csv,TRUE,TRUE,FALSE,FALSE,FALSE,YAHOO,504,1680,TRUE,large,mix,,
YahooA4Benchmark-TS65_data.csv,FALSE,TRUE,FALSE,FALSE,FALSE,YAHOO,504,1680,TRUE,large,mix,,
YahooA4Benchmark-TS67_data.csv,TRUE,TRUE,FALSE,FALSE,TRUE,YAHOO,504,1680,TRUE,large,mix,,
YahooA4Benchmark-TS69_data.csv,FALSE,TRUE,FALSE,FALSE,FALSE,YAHOO,504,1680,TRUE,large,mix,,
YahooA4Benchmark-TS71_data.csv,TRUE,FALSE,FALSE,FALSE,FALSE,YAHOO,504,1680,TRUE,large,mix,,
YahooA4Benchmark-TS72_data.csv,FALSE,TRUE,TRUE,FALSE,FALSE,YAHOO,504,1680,TRUE,large,mix,,
YahooA4Benchmark-TS76_data.csv,TRUE,TRUE,FALSE,FALSE,FALSE,YAHOO,504,1680,TRUE,large,mix,,
YahooA4Benchmark-TS8_data.csv,TRUE,TRUE,FALSE,FALSE,FALSE,YAHOO,504,1680,TRUE,large,mix,,
YahooA4Benchmark-TS82_data.csv,FALSE,TRUE,FALSE,FALSE,FALSE,YAHOO,504,1680,TRUE,large,mix,,
YahooA4Benchmark-TS89_data.csv,TRUE,TRUE,FALSE,FALSE,FALSE,YAHOO,504,1680,TRUE,large,mix,,
YahooA4Benchmark-TS95_data.csv,TRUE,TRUE,FALSE,FALSE,FALSE,YAHOO,504,1680,TRUE,large,mix,,
YahooA4Benchmark-TS96_data.csv,TRUE,TRUE,FALSE,FALSE,FALSE,YAHOO,504,1680,TRUE,large,mix,,
YahooA4Benchmark-TS98_data.csv,TRUE,TRUE,FALSE,FALSE,FALSE,YAHOO,504,1680,TRUE,large,mix,,
NAB_data_KnownCause_7.csv,FALSE,FALSE,TRUE,FALSE,FALSE,NAB,531,5314,TRUE,large,Shapelet,,
periodic_data_16_from2020-01-02to2020-01-21_7479.csv,FALSE,TRUE,TRUE,TRUE,FALSE,GAIA,552,5523,TRUE,large,Shapelet,,
periodic_data_12_from2020-01-02to2020-01-21_7491.csv,FALSE,TRUE,TRUE,TRUE,FALSE,GAIA,554,5543,TRUE,large,Global,,
low_signal-to-noise_ratio_data_47_from2019-11-16to2019-12-09_6461.csv,FALSE,FALSE,FALSE,FALSE,FALSE,GAIA,648,6482,TRUE,large,mix,,
A-6_682.csv,FALSE,FALSE,FALSE,FALSE,FALSE,NASA-SMAP-new,682,5135,TRUE,large,Shapelet,,
A-5_705.csv,TRUE,FALSE,FALSE,FALSE,FALSE,NASA-SMAP-new,705,5398,TRUE,large,Shapelet,,
NAB_data_KnownCause_1.csv,TRUE,FALSE,TRUE,FALSE,FALSE,NAB,726,7266,TRUE,large,Shapelet,,
periodic_data_10_from2019-12-27to2020-01-21_7490.csv,FALSE,FALSE,TRUE,FALSE,FALSE,GAIA,738,7384,TRUE,large,Global,,
low_signal-to-noise_ratio_data_10_from2019-12-27to2020-01-21_7485.csv,FALSE,FALSE,TRUE,FALSE,FALSE,GAIA,738,7382,TRUE,large,Global,,
low_signal-to-noise_ratio_data_27_from2019-12-27to2020-01-21_7503.csv,FALSE,FALSE,TRUE,TRUE,TRUE,GAIA,738,7382,TRUE,large,mix,,
partially_stationary_data_20_from2019-12-27to2020-01-21_7525.csv,FALSE,FALSE,TRUE,FALSE,FALSE,GAIA,738,7382,TRUE,large,mix,,
partially_stationary_data_26_from2019-12-27to2020-01-21_7533.csv,FALSE,FALSE,TRUE,FALSE,FALSE,GAIA,739,7394,TRUE,large,Global,,
partially_stationary_data_36_from2019-12-27to2020-01-21_7521.csv,FALSE,TRUE,TRUE,FALSE,FALSE,GAIA,739,7393,TRUE,large,Shapelet,,
T-8_748.csv,FALSE,FALSE,TRUE,FALSE,TRUE,NASA-MSL-new,748,2267,TRUE,large,Shapelet,,
KPI-a8c06b47-cc41-3738-9110-12df0ee4c721.test.csv,FALSE,FALSE,TRUE,FALSE,FALSE,IOPS,757,7578,TRUE,large,Shapelet,,
C-2_764.csv,FALSE,FALSE,TRUE,FALSE,FALSE,NASA-MSL-new,764,2815,TRUE,large,Shapelet,,
periodic_data_27_from2020-11-10to2020-12-07_8433.csv,FALSE,TRUE,TRUE,TRUE,FALSE,GAIA,798,7984,TRUE,large,Shapelet,,
periodic_data_19_from2020-11-10to2020-12-07_8435.csv,FALSE,FALSE,TRUE,FALSE,FALSE,GAIA,798,7984,TRUE,large,Trend,,
periodic_data_28_from2020-11-10to2020-12-07_8431.csv,FALSE,TRUE,TRUE,FALSE,FALSE,GAIA,798,7983,TRUE,large,Shapelet,,
periodic_data_20_from2020-11-10to2020-12-07_8437.csv,FALSE,TRUE,TRUE,FALSE,FALSE,GAIA,799,7999,TRUE,large,Shapelet,,
periodic_data_37_from2020-11-10to2020-12-07_8440.csv,FALSE,TRUE,TRUE,FALSE,FALSE,GAIA,799,7999,TRUE,large,Shapelet,,
periodic_data_38_from2020-11-10to2020-12-07_8441.csv,FALSE,TRUE,TRUE,FALSE,FALSE,GAIA,799,7999,TRUE,large,Shapelet,,
periodic_data_14_from2020-11-10to2020-12-07_8438.csv,FALSE,FALSE,TRUE,FALSE,FALSE,GAIA,800,8001,TRUE,large,mix,,
periodic_data_22_from2020-11-10to2020-12-07_8436.csv,FALSE,TRUE,TRUE,TRUE,FALSE,GAIA,800,8001,TRUE,large,Shapelet,,
periodic_data_39_from2020-11-10to2020-12-07_8445.csv,FALSE,FALSE,TRUE,FALSE,FALSE,GAIA,800,8001,TRUE,large,Shapelet,,
periodic_data_41_from2020-11-10to2020-12-07_8444.csv,FALSE,FALSE,TRUE,FALSE,FALSE,GAIA,800,8001,TRUE,large,Shapelet,,
periodic_data_31_from2020-11-10to2020-12-07_8443.csv,FALSE,TRUE,TRUE,FALSE,FALSE,GAIA,800,8000,TRUE,large,Shapelet,,
periodic_data_9_from2019-08-11to2019-08-30_7454.csv,FALSE,FALSE,TRUE,FALSE,FALSE,GAIA,835,8353,TRUE,large,Global,,
low_signal-to-noise_ratio_data_49_from2019-08-11to2019-08-30_7410.csv,FALSE,FALSE,TRUE,TRUE,FALSE,GAIA,835,8353,TRUE,large,mix,,
periodic_data_13_from2019-08-11to2019-08-30_7428.csv,FALSE,FALSE,TRUE,FALSE,FALSE,GAIA,835,8353,TRUE,large,mix,,
low_signal-to-noise_ratio_data_6_from2019-09-17to2019-10-15_7560.csv,FALSE,FALSE,TRUE,TRUE,FALSE,GAIA,835,8352,TRUE,large,Global,,
changepoint_data_6_from2019-11-16to2019-12-16_1.csv,TRUE,FALSE,FALSE,FALSE,TRUE,GAIA,864,8640,TRUE,large,Contextual,,
changepoint_data_7_from2019-11-16to2019-12-16_65.csv,TRUE,FALSE,FALSE,FALSE,TRUE,GAIA,864,8640,TRUE,large,Contextual,,
changepoint_data_8_from2019-11-16to2019-12-16_153.csv,TRUE,FALSE,FALSE,FALSE,TRUE,GAIA,864,8640,TRUE,large,Contextual,,
changepoint_data_1_from2019-11-16to2019-12-16_234.csv,TRUE,FALSE,FALSE,FALSE,TRUE,GAIA,864,8640,TRUE,large,Global,,
changepoint_data_11_from2019-11-16to2019-12-16_121.csv,TRUE,FALSE,FALSE,FALSE,TRUE,GAIA,864,8640,TRUE,large,Global,,
changepoint_data_12_from2019-11-16to2019-12-16_108.csv,TRUE,FALSE,FALSE,FALSE,TRUE,GAIA,864,8640,TRUE,large,Global,,
changepoint_data_21_from2019-11-16to2019-12-16_246.csv,TRUE,FALSE,FALSE,FALSE,TRUE,GAIA,864,8640,TRUE,large,Global,,
low_signal-to-noise_ratio_data_0_from2019-11-16to2019-12-16_5287.csv,FALSE,FALSE,TRUE,FALSE,FALSE,GAIA,864,8640,TRUE,large,Global,,
low_signal-to-noise_ratio_data_2_from2019-11-16to2019-12-16_1586.csv,FALSE,FALSE,TRUE,FALSE,FALSE,GAIA,864,8640,TRUE,large,Global,,
low_signal-to-noise_ratio_data_22_from2019-11-16to2019-12-16_3845.csv,FALSE,FALSE,TRUE,FALSE,FALSE,GAIA,864,8640,TRUE,large,Global,,
low_signal-to-noise_ratio_data_29_from2019-11-16to2019-12-16_1073.csv,FALSE,FALSE,TRUE,FALSE,FALSE,GAIA,864,8640,TRUE,large,Global,,
low_signal-to-noise_ratio_data_3_from2019-11-16to2019-12-16_5483.csv,FALSE,FALSE,TRUE,FALSE,FALSE,GAIA,864,8640,TRUE,large,Global,,
low_signal-to-noise_ratio_data_33_from2019-11-16to2019-12-16_919.csv,FALSE,FALSE,TRUE,TRUE,FALSE,GAIA,864,8640,TRUE,large,Global,,
low_signal-to-noise_ratio_data_34_from2019-11-16to2019-12-16_4478.csv,FALSE,FALSE,TRUE,FALSE,FALSE,GAIA,864,8640,TRUE,large,Global,,
low_signal-to-noise_ratio_data_38_from2019-11-16to2019-12-16_7088.csv,FALSE,FALSE,TRUE,FALSE,FALSE,GAIA,864,8640,TRUE,large,Global,,
low_signal-to-noise_ratio_data_41_from2019-11-16to2019-12-16_4018.csv,FALSE,FALSE,TRUE,FALSE,FALSE,GAIA,864,8640,TRUE,large,Global,,
low_signal-to-noise_ratio_data_42_from2019-11-16to2019-12-16_1777.csv,FALSE,FALSE,TRUE,FALSE,FALSE,GAIA,864,8640,TRUE,large,Global,,
low_signal-to-noise_ratio_data_8_from2019-11-16to2019-12-16_1444.csv,FALSE,FALSE,TRUE,FALSE,FALSE,GAIA,864,8640,TRUE,large,Global,,
partially_stationary_data_1_from2019-11-16to2019-12-16_4830.csv,FALSE,FALSE,TRUE,FALSE,FALSE,GAIA,864,8640,TRUE,large,Global,,
partially_stationary_data_10_from2019-11-16to2019-12-16_3752.csv,FALSE,FALSE,TRUE,FALSE,FALSE,GAIA,864,8640,TRUE,large,Global,,
partially_stationary_data_11_from2019-11-16to2019-12-16_964.csv,FALSE,FALSE,TRUE,FALSE,FALSE,GAIA,864,8640,TRUE,large,Global,,
partially_stationary_data_16_from2019-11-16to2019-12-16_2711.csv,FALSE,FALSE,TRUE,FALSE,FALSE,GAIA,864,8640,TRUE,large,Global,,
partially_stationary_data_17_from2019-11-16to2019-12-16_1754.csv,FALSE,FALSE,TRUE,FALSE,FALSE,GAIA,864,8640,TRUE,large,Global,,
partially_stationary_data_21_from2019-11-16to2019-12-16_3736.csv,FALSE,FALSE,TRUE,FALSE,FALSE,GAIA,864,8640,TRUE,large,Global,,
partially_stationary_data_25_from2019-11-16to2019-12-16_3523.csv,FALSE,FALSE,TRUE,FALSE,FALSE,GAIA,864,8640,TRUE,large,Global,,
partially_stationary_data_27_from2019-11-16to2019-12-16_1651.csv,FALSE,FALSE,TRUE,FALSE,FALSE,GAIA,864,8640,TRUE,large,Global,,
partially_stationary_data_29_from2019-11-16to2019-12-16_6304.csv,FALSE,FALSE,TRUE,FALSE,FALSE,GAIA,864,8640,TRUE,large,Global,,
partially_stationary_data_3_from2019-11-16to2019-12-16_4950.csv,FALSE,FALSE,TRUE,FALSE,FALSE,GAIA,864,8640,TRUE,large,Global,,
partially_stationary_data_32_from2019-11-16to2019-12-16_2571.csv,FALSE,FALSE,TRUE,FALSE,FALSE,GAIA,864,8640,TRUE,large,Global,,
partially_stationary_data_38_from2019-11-16to2019-12-16_3083.csv,FALSE,FALSE,TRUE,FALSE,FALSE,GAIA,864,8640,TRUE,large,Global,,
partially_stationary_data_4_from2019-11-16to2019-12-16_4944.csv,FALSE,FALSE,TRUE,FALSE,FALSE,GAIA,864,8640,TRUE,large,Global,,
partially_stationary_data_43_from2019-11-16to2019-12-16_3267.csv,FALSE,FALSE,TRUE,FALSE,FALSE,GAIA,864,8640,TRUE,large,Global,,
partially_stationary_data_45_from2019-11-16to2019-12-16_3514.csv,FALSE,FALSE,TRUE,FALSE,FALSE,GAIA,864,8640,TRUE,large,Global,,
partially_stationary_data_48_from2019-11-16to2019-12-16_2754.csv,FALSE,FALSE,TRUE,FALSE,FALSE,GAIA,864,8640,TRUE,large,Global,,
partially_stationary_data_51_from2019-11-16to2019-12-16_5016.csv,FALSE,FALSE,TRUE,FALSE,FALSE,GAIA,864,8640,TRUE,large,Global,,
partially_stationary_data_52_from2019-11-16to2019-12-16_1890.csv,FALSE,FALSE,TRUE,FALSE,FALSE,GAIA,864,8640,TRUE,large,Global,,
partially_stationary_data_55_from2019-11-16to2019-12-16_7158.csv,FALSE,FALSE,TRUE,FALSE,FALSE,GAIA,864,8640,TRUE,large,Global,,
partially_stationary_data_56_from2019-11-16to2019-12-16_2197.csv,FALSE,FALSE,TRUE,FALSE,FALSE,GAIA,864,8640,TRUE,large,Global,,
partially_stationary_data_57_from2019-11-16to2019-12-16_3276.csv,FALSE,FALSE,TRUE,FALSE,FALSE,GAIA,864,8640,TRUE,large,Global,,
partially_stationary_data_60_from2019-11-16to2019-12-16_2155.csv,FALSE,FALSE,TRUE,FALSE,FALSE,GAIA,864,8640,TRUE,large,Global,,
partially_stationary_data_65_from2019-11-16to2019-12-16_2296.csv,FALSE,FALSE,TRUE,FALSE,FALSE,GAIA,864,8640,TRUE,large,Global,,
partially_stationary_data_66_from2019-11-16to2019-12-16_2057.csv,FALSE,FALSE,TRUE,FALSE,FALSE,GAIA,864,8640,TRUE,large,Global,,
partially_stationary_data_68_from2019-11-16to2019-12-16_6378.csv,FALSE,FALSE,TRUE,FALSE,FALSE,GAIA,864,8640,TRUE,large,Global,,
partially_stationary_data_70_from2019-11-16to2019-12-16_1205.csv,FALSE,FALSE,TRUE,FALSE,FALSE,GAIA,864,8640,TRUE,large,Global,,
partially_stationary_data_8_from2019-11-16to2019-12-16_6207.csv,FALSE,FALSE,TRUE,FALSE,FALSE,GAIA,864,8640,TRUE,large,Global,,
changepoint_data_10_from2019-11-16to2019-12-16_185.csv,TRUE,FALSE,FALSE,FALSE,TRUE,GAIA,864,8640,TRUE,large,mix,,
changepoint_data_23_from2019-11-16to2019-12-16_2597.csv,TRUE,FALSE,FALSE,FALSE,FALSE,GAIA,864,8640,TRUE,large,mix,,
changepoint_data_30_from2019-11-16to2019-12-16_229.csv,TRUE,FALSE,FALSE,FALSE,TRUE,GAIA,864,8640,TRUE,large,mix,,
concept_drift_data_0_from2019-11-16to2019-12-16_5736.csv,TRUE,FALSE,FALSE,FALSE,FALSE,GAIA,864,8640,TRUE,large,mix,,
low_signal-to-noise_ratio_data_13_from2019-11-16to2019-12-16_1876.csv,FALSE,FALSE,TRUE,TRUE,FALSE,GAIA,864,8640,TRUE,large,mix,,
low_signal-to-noise_ratio_data_15_from2019-11-16to2019-12-16_3094.csv,FALSE,FALSE,TRUE,TRUE,FALSE,GAIA,864,8640,TRUE,large,mix,,
low_signal-to-noise_ratio_data_16_from2019-11-16to2019-12-16_683.csv,FALSE,FALSE,FALSE,FALSE,FALSE,GAIA,864,8640,TRUE,large,mix,,
low_signal-to-noise_ratio_data_17_from2019-11-16to2019-12-16_3137.csv,TRUE,FALSE,FALSE,FALSE,TRUE,GAIA,864,8640,TRUE,large,mix,,
low_signal-to-noise_ratio_data_20_from2019-11-16to2019-12-16_1712.csv,FALSE,FALSE,TRUE,FALSE,FALSE,GAIA,864,8640,TRUE,large,mix,,
low_signal-to-noise_ratio_data_21_from2019-11-16to2019-12-16_3312.csv,FALSE,FALSE,TRUE,TRUE,FALSE,GAIA,864,8640,TRUE,large,mix,,
low_signal-to-noise_ratio_data_26_from2019-11-16to2019-12-16_5628.csv,FALSE,FALSE,FALSE,FALSE,FALSE,GAIA,864,8640,TRUE,large,mix,,
low_signal-to-noise_ratio_data_32_from2019-11-16to2019-12-16_1851.csv,FALSE,FALSE,TRUE,FALSE,FALSE,GAIA,864,8640,TRUE,large,mix,,
low_signal-to-noise_ratio_data_40_from2019-11-16to2019-12-16_2537.csv,FALSE,FALSE,TRUE,FALSE,FALSE,GAIA,864,8640,TRUE,large,mix,,
low_signal-to-noise_ratio_data_45_from2019-11-16to2019-12-16_1984.csv,FALSE,FALSE,TRUE,FALSE,FALSE,GAIA,864,8640,TRUE,large,mix,,
partially_stationary_data_14_from2019-11-16to2019-12-16_3988.csv,FALSE,FALSE,TRUE,FALSE,FALSE,GAIA,864,8640,TRUE,large,mix,,
partially_stationary_data_15_from2019-11-16to2019-12-16_4599.csv,FALSE,FALSE,TRUE,FALSE,FALSE,GAIA,864,8640,TRUE,large,mix,,
partially_stationary_data_63_from2019-11-16to2019-12-16_4971.csv,FALSE,FALSE,TRUE,FALSE,FALSE,GAIA,864,8640,TRUE,large,mix,,
periodic_data_26_from2019-11-16to2019-12-16_5017.csv,FALSE,FALSE,TRUE,TRUE,FALSE,GAIA,864,8640,TRUE,large,mix,,
low_signal-to-noise_ratio_data_11_from2019-11-16to2019-12-16_1042.csv,TRUE,FALSE,TRUE,FALSE,FALSE,GAIA,864,8640,TRUE,large,Shapelet,,
low_signal-to-noise_ratio_data_12_from2019-11-16to2019-12-16_5620.csv,FALSE,FALSE,TRUE,TRUE,FALSE,GAIA,864,8640,TRUE,large,Shapelet,,
low_signal-to-noise_ratio_data_14_from2019-11-16to2019-12-16_3719.csv,FALSE,FALSE,TRUE,TRUE,FALSE,GAIA,864,8640,TRUE,large,Shapelet,,
low_signal-to-noise_ratio_data_23_from2019-11-16to2019-12-16_4669.csv,FALSE,FALSE,TRUE,FALSE,FALSE,GAIA,864,8640,TRUE,large,Shapelet,,
low_signal-to-noise_ratio_data_24_from2019-11-16to2019-12-16_2378.csv,FALSE,FALSE,TRUE,TRUE,FALSE,GAIA,864,8640,TRUE,large,Shapelet,,
low_signal-to-noise_ratio_data_36_from2019-11-16to2019-12-16_3204.csv,FALSE,FALSE,TRUE,FALSE,FALSE,GAIA,864,8640,TRUE,large,Shapelet,,
low_signal-to-noise_ratio_data_37_from2019-11-16to2019-12-16_3006.csv,FALSE,FALSE,TRUE,TRUE,FALSE,GAIA,864,8640,TRUE,large,Shapelet,,
low_signal-to-noise_ratio_data_4_from2019-11-16to2019-12-16_5692.csv,FALSE,FALSE,TRUE,TRUE,FALSE,GAIA,864,8640,TRUE,large,Shapelet,,
low_signal-to-noise_ratio_data_5_from2019-11-16to2019-12-16_3792.csv,FALSE,FALSE,TRUE,FALSE,FALSE,GAIA,864,8640,TRUE,large,Shapelet,,
low_signal-to-noise_ratio_data_7_from2019-11-16to2019-12-16_445.csv,FALSE,FALSE,TRUE,TRUE,FALSE,GAIA,864,8640,TRUE,large,Shapelet,,
low_signal-to-noise_ratio_data_9_from2019-11-16to2019-12-16_491.csv,TRUE,FALSE,FALSE,FALSE,FALSE,GAIA,864,8640,TRUE,large,Shapelet,,
partially_stationary_data_34_from2019-11-16to2019-12-16_3294.csv,FALSE,FALSE,TRUE,FALSE,FALSE,GAIA,864,8640,TRUE,large,Shapelet,,
periodic_data_30_from2019-11-16to2019-12-16_3897.csv,FALSE,FALSE,TRUE,TRUE,FALSE,GAIA,864,8640,TRUE,large,Shapelet,,
periodic_data_33_from2019-11-16to2019-12-16_3172.csv,FALSE,FALSE,TRUE,TRUE,FALSE,GAIA,864,8640,TRUE,large,Shapelet,,
periodic_data_34_from2019-11-16to2019-12-16_1360.csv,FALSE,FALSE,TRUE,TRUE,FALSE,GAIA,864,8640,TRUE,large,Shapelet,,
periodic_data_42_from2019-11-16to2019-12-16_5739.csv,FALSE,FALSE,TRUE,TRUE,FALSE,GAIA,864,8640,TRUE,large,Shapelet,,
periodic_data_6_from2019-11-16to2019-12-16_3441.csv,FALSE,FALSE,TRUE,TRUE,FALSE,GAIA,864,8640,TRUE,large,Shapelet,,
changepoint_data_4_from2019-11-16to2019-12-16_60.csv,TRUE,FALSE,FALSE,FALSE,TRUE,GAIA,864,8640,TRUE,large,Trend,,
KPI-0efb375b-b902-3661-ab23-9a0bb799f4e3.test.csv,FALSE,TRUE,TRUE,TRUE,FALSE,IOPS,878,8784,TRUE,large,Shapelet,,
KPI-301c70d8-1630-35ac-8f96-bc1b6f4359ea.test.csv,FALSE,FALSE,TRUE,TRUE,FALSE,IOPS,878,8784,TRUE,large,Shapelet,,
low_signal-to-noise_ratio_data_19_from2019-01-01to2019-01-31_8063.csv,FALSE,FALSE,TRUE,TRUE,FALSE,GAIA,880,8807,TRUE,large,Contextual,,
partially_stationary_data_54_from2019-01-01to2019-01-31_7788.csv,FALSE,FALSE,TRUE,TRUE,FALSE,GAIA,880,8807,TRUE,large,Contextual,,
low_signal-to-noise_ratio_data_48_from2019-01-01to2019-01-31_7845.csv,FALSE,FALSE,TRUE,TRUE,FALSE,GAIA,880,8807,TRUE,large,Global,,
partially_stationary_data_18_from2019-01-01to2019-01-31_7976.csv,FALSE,FALSE,TRUE,FALSE,FALSE,GAIA,880,8807,TRUE,large,Global,,
partially_stationary_data_58_from2019-01-01to2019-01-31_7826.csv,FALSE,FALSE,TRUE,FALSE,FALSE,GAIA,880,8807,TRUE,large,Global,,
partially_stationary_data_19_from2019-01-01to2019-01-31_8112.csv,FALSE,FALSE,TRUE,TRUE,FALSE,GAIA,880,8806,TRUE,large,Global,,
linear_data_1_from2019-01-01to2019-01-31_7861.csv,TRUE,FALSE,FALSE,FALSE,TRUE,GAIA,880,8806,TRUE,large,mix,,
changepoint_data_17_from2019-01-01to2019-01-31_8129.csv,TRUE,FALSE,FALSE,FALSE,TRUE,GAIA,880,8806,TRUE,large,Shapelet,,
changepoint_data_2_from2019-01-01to2019-01-31_7848.csv,TRUE,FALSE,FALSE,FALSE,FALSE,GAIA,880,8806,TRUE,large,Shapelet,,
changepoint_data_27_from2019-01-01to2019-01-31_7987.csv,TRUE,FALSE,FALSE,TRUE,TRUE,GAIA,880,8806,TRUE,large,Shapelet,,
linear_data_47_from2019-01-01to2019-01-31_7946.csv,TRUE,FALSE,FALSE,FALSE,FALSE,GAIA,880,8806,TRUE,large,Shapelet,,
low_signal-to-noise_ratio_data_25_from2019-01-01to2019-01-31_7835.csv,TRUE,FALSE,FALSE,FALSE,FALSE,GAIA,880,8806,TRUE,large,Shapelet,,
low_signal-to-noise_ratio_data_28_from2019-01-01to2019-01-31_7818.csv,TRUE,FALSE,TRUE,FALSE,TRUE,GAIA,880,8806,TRUE,large,Shapelet,,
partially_stationary_data_12_from2019-01-01to2019-01-31_7912.csv,TRUE,FALSE,FALSE,FALSE,TRUE,GAIA,880,8806,TRUE,large,Shapelet,,
partially_stationary_data_30_from2019-01-01to2019-01-31_7965.csv,TRUE,FALSE,TRUE,FALSE,TRUE,GAIA,880,8806,TRUE,large,Shapelet,,
partially_stationary_data_31_from2019-01-01to2019-01-31_7967.csv,FALSE,FALSE,TRUE,FALSE,TRUE,GAIA,880,8806,TRUE,large,Shapelet,,
partially_stationary_data_39_from2019-01-01to2019-01-31_8076.csv,TRUE,FALSE,TRUE,FALSE,FALSE,GAIA,880,8806,TRUE,large,Shapelet,,
partially_stationary_data_42_from2019-01-01to2019-01-31_8090.csv,TRUE,FALSE,FALSE,FALSE,TRUE,GAIA,880,8806,TRUE,large,Shapelet,,
partially_stationary_data_44_from2019-01-01to2019-01-31_7822.csv,TRUE,FALSE,FALSE,FALSE,FALSE,GAIA,880,8806,TRUE,large,Shapelet,,
partially_stationary_data_46_from2019-01-01to2019-01-31_8091.csv,TRUE,FALSE,FALSE,FALSE,FALSE,GAIA,880,8806,TRUE,large,Shapelet,,
partially_stationary_data_47_from2019-01-01to2019-01-31_7798.csv,TRUE,FALSE,FALSE,FALSE,FALSE,GAIA,880,8806,TRUE,large,Shapelet,,
partially_stationary_data_5_from2019-01-01to2019-01-31_8013.csv,FALSE,FALSE,TRUE,FALSE,FALSE,GAIA,880,8806,TRUE,large,Shapelet,,
partially_stationary_data_53_from2019-01-01to2019-01-31_8040.csv,TRUE,FALSE,FALSE,FALSE,FALSE,GAIA,880,8806,TRUE,large,Shapelet,,
partially_stationary_data_67_from2019-01-01to2019-01-31_8035.csv,TRUE,FALSE,FALSE,FALSE,TRUE,GAIA,880,8806,TRUE,large,Shapelet,,
partially_stationary_data_9_from2019-01-01to2019-01-31_7867.csv,FALSE,FALSE,TRUE,FALSE,TRUE,GAIA,880,8806,TRUE,large,Shapelet,,
changepoint_data_24_from2019-01-01to2019-01-31_8131.csv,TRUE,FALSE,FALSE,FALSE,FALSE,GAIA,880,8806,TRUE,large,Trend,,
changepoint_data_32_from2019-01-01to2019-01-31_8143.csv,TRUE,FALSE,FALSE,FALSE,FALSE,GAIA,880,8806,TRUE,large,Trend,,
S-2_926.csv,FALSE,FALSE,TRUE,FALSE,FALSE,NASA-MSL-new,926,2753,TRUE,large,Shapelet,,
S09R01E4.test.csv@2.csv,FALSE,FALSE,TRUE,TRUE,FALSE,Daphnet,960,9600,TRUE,large,Seasonal,,
S03R03E4.test.csv@1.csv,FALSE,FALSE,TRUE,FALSE,FALSE,Daphnet,960,9600,TRUE,large,Shapelet,,
S03R03E4.test.csv@2.csv,FALSE,FALSE,TRUE,TRUE,FALSE,Daphnet,960,9600,TRUE,large,Shapelet,,
S03R03E4.test.csv@3.csv,FALSE,FALSE,TRUE,FALSE,FALSE,Daphnet,960,9600,TRUE,large,Shapelet,,
S03R03E4.test.csv@4.csv,FALSE,FALSE,TRUE,FALSE,FALSE,Daphnet,960,9600,TRUE,large,Shapelet,,
S03R03E4.test.csv@6.csv,FALSE,FALSE,TRUE,FALSE,FALSE,Daphnet,960,9600,TRUE,large,Shapelet,,
S09R01E0.test.csv@1.csv,FALSE,FALSE,TRUE,TRUE,FALSE,Daphnet,960,9600,TRUE,large,Shapelet,,
S09R01E0.test.csv@2.csv,FALSE,FALSE,TRUE,TRUE,FALSE,Daphnet,960,9600,TRUE,large,Shapelet,,
S09R01E0.test.csv@4.csv,FALSE,FALSE,TRUE,TRUE,FALSE,Daphnet,960,9600,TRUE,large,Shapelet,,
S09R01E0.test.csv@5.csv,FALSE,FALSE,TRUE,TRUE,FALSE,Daphnet,960,9600,TRUE,large,Shapelet,,
S09R01E0.test.csv@6.csv,FALSE,FALSE,TRUE,FALSE,FALSE,Daphnet,960,9600,TRUE,large,Shapelet,,
S09R01E0.test.csv@7.csv,FALSE,FALSE,TRUE,TRUE,FALSE,Daphnet,960,9600,TRUE,large,Shapelet,,
S09R01E0.test.csv@8.csv,FALSE,FALSE,TRUE,FALSE,FALSE,Daphnet,960,9600,TRUE,large,Shapelet,,
S09R01E0.test.csv@9.csv,FALSE,FALSE,TRUE,TRUE,FALSE,Daphnet,960,9600,TRUE,large,Shapelet,,
S09R01E4.test.csv@1.csv,FALSE,FALSE,TRUE,FALSE,FALSE,Daphnet,960,9600,TRUE,large,Shapelet,,
S09R01E4.test.csv@3.csv,FALSE,FALSE,TRUE,FALSE,FALSE,Daphnet,960,9600,TRUE,large,Shapelet,,
S09R01E4.test.csv@4.csv,FALSE,FALSE,TRUE,FALSE,FALSE,Daphnet,960,9600,TRUE,large,Shapelet,,
S09R01E4.test.csv@6.csv,FALSE,FALSE,TRUE,FALSE,FALSE,Daphnet,960,9600,TRUE,large,Shapelet,,
032_UCR_Anomaly_DISTORTEDInternalBleeding4_1000_4675_5033.csv,FALSE,TRUE,TRUE,FALSE,FALSE,KDD21,1000,7321,TRUE,large,Seasonal,,
140_UCR_Anomaly_InternalBleeding4_1000_4675_5033.csv,FALSE,TRUE,TRUE,FALSE,FALSE,KDD21,1000,7321,TRUE,large,Seasonal,,
periodic_data_5_from2020-11-29to2020-12-06_10543.csv,FALSE,TRUE,TRUE,TRUE,FALSE,GAIA,1010,10108,TRUE,large,Shapelet,,
periodic_data_7_from2020-11-29to2020-12-06_11104.csv,FALSE,TRUE,TRUE,FALSE,FALSE,GAIA,1010,10108,TRUE,large,Shapelet,,
periodic_data_0_from2020-11-29to2020-12-06_10457.csv,TRUE,FALSE,FALSE,FALSE,FALSE,GAIA,1010,10107,TRUE,large,Trend,,
NAB_data_KnownCause_5.csv,FALSE,TRUE,TRUE,TRUE,FALSE,NAB,1031,10319,TRUE,large,Shapelet,,
T-12_1145.csv,FALSE,FALSE,TRUE,FALSE,FALSE,NASA-MSL-new,1145,3575,TRUE,large,Shapelet,,
T-13_1145.csv,TRUE,FALSE,FALSE,FALSE,FALSE,NASA-MSL-new,1145,3575,TRUE,large,Trend,,
027_UCR_Anomaly_DISTORTEDInternalBleeding16_1200_4187_4199.csv,FALSE,TRUE,TRUE,FALSE,FALSE,KDD21,1200,7501,TRUE,large,Shapelet,,
098_UCR_Anomaly_NOISEInternalBleeding16_1200_4187_4199.csv,FALSE,TRUE,TRUE,FALSE,FALSE,KDD21,1200,7501,TRUE,large,Shapelet,,
135_UCR_Anomaly_InternalBleeding16_1200_4187_4199.csv,FALSE,TRUE,TRUE,FALSE,FALSE,KDD21,1200,7501,TRUE,large,Shapelet,,
changepoint_data_18_from2018-12-19to2019-01-31_8407.csv,TRUE,FALSE,FALSE,FALSE,TRUE,GAIA,1267,12672,TRUE,large,Contextual,,
changepoint_data_19_from2018-12-19to2019-01-31_8188.csv,TRUE,FALSE,FALSE,FALSE,TRUE,GAIA,1267,12672,TRUE,large,Contextual,,
changepoint_data_29_from2018-12-19to2019-01-31_8244.csv,FALSE,FALSE,TRUE,TRUE,FALSE,GAIA,1267,12672,TRUE,large,Contextual,,
changepoint_data_31_from2018-12-19to2019-01-31_8325.csv,FALSE,FALSE,FALSE,FALSE,TRUE,GAIA,1267,12672,TRUE,large,Contextual,,
changepoint_data_33_from2018-12-19to2019-01-31_8240.csv,TRUE,FALSE,FALSE,FALSE,FALSE,GAIA,1267,12672,TRUE,large,Contextual,,
changepoint_data_15_from2018-12-19to2019-01-31_8406.csv,TRUE,FALSE,FALSE,FALSE,TRUE,GAIA,1267,12672,TRUE,large,Global,,
changepoint_data_25_from2018-12-19to2019-01-31_8157.csv,FALSE,FALSE,FALSE,FALSE,TRUE,GAIA,1267,12672,TRUE,large,Global,,
partially_stationary_data_13_from2018-12-19to2019-01-31_8328.csv,FALSE,FALSE,TRUE,FALSE,FALSE,GAIA,1267,12672,TRUE,large,Global,,
partially_stationary_data_35_from2018-12-19to2019-01-31_8217.csv,FALSE,FALSE,TRUE,FALSE,FALSE,GAIA,1267,12672,TRUE,large,Global,,
partially_stationary_data_49_from2018-12-19to2019-01-31_8379.csv,FALSE,FALSE,TRUE,FALSE,FALSE,GAIA,1267,12672,TRUE,large,Global,,
changepoint_data_16_from2018-12-19to2019-01-31_8201.csv,TRUE,FALSE,FALSE,FALSE,TRUE,GAIA,1267,12672,TRUE,large,mix,,
low_signal-to-noise_ratio_data_46_from2018-12-19to2019-01-31_8321.csv,FALSE,FALSE,TRUE,TRUE,FALSE,GAIA,1267,12672,TRUE,large,mix,,
periodic_data_25_from2018-12-19to2019-01-31_8234.csv,FALSE,TRUE,TRUE,TRUE,FALSE,GAIA,1267,12672,TRUE,large,mix,,
periodic_data_35_from2018-12-19to2019-01-31_8245.csv,FALSE,FALSE,TRUE,FALSE,FALSE,GAIA,1267,12672,TRUE,large,mix,,
changepoint_data_14_from2018-12-19to2019-01-31_8358.csv,FALSE,FALSE,TRUE,FALSE,TRUE,GAIA,1267,12672,TRUE,large,Shapelet,,
changepoint_data_26_from2018-12-19to2019-01-31_8369.csv,FALSE,FALSE,TRUE,FALSE,TRUE,GAIA,1267,12672,TRUE,large,Shapelet,,
changepoint_data_28_from2018-12-19to2019-01-31_8418.csv,FALSE,FALSE,TRUE,FALSE,TRUE,GAIA,1267,12672,TRUE,large,Shapelet,,
changepoint_data_34_from2018-12-19to2019-01-31_8283.csv,FALSE,FALSE,TRUE,FALSE,FALSE,GAIA,1267,12672,TRUE,large,Shapelet,,
changepoint_data_5_from2018-12-19to2019-01-31_8317.csv,TRUE,FALSE,FALSE,FALSE,TRUE,GAIA,1267,12672,TRUE,large,Shapelet,,
changepoint_data_9_from2018-12-19to2019-01-31_8249.csv,FALSE,FALSE,TRUE,FALSE,TRUE,GAIA,1267,12672,TRUE,large,Shapelet,,
linear_data_49_from2018-12-19to2019-01-31_8380.csv,TRUE,FALSE,FALSE,FALSE,TRUE,GAIA,1267,12672,TRUE,large,Shapelet,,
linear_data_51_from2018-12-19to2019-01-31_8286.csv,TRUE,FALSE,FALSE,FALSE,TRUE,GAIA,1267,12672,TRUE,large,Shapelet,,
low_signal-to-noise_ratio_data_18_from2018-12-19to2019-01-31_8377.csv,FALSE,FALSE,TRUE,FALSE,TRUE,GAIA,1267,12672,TRUE,large,Shapelet,,
low_signal-to-noise_ratio_data_30_from2018-12-19to2019-01-31_8156.csv,FALSE,FALSE,TRUE,TRUE,FALSE,GAIA,1267,12672,TRUE,large,Shapelet,,
low_signal-to-noise_ratio_data_35_from2018-12-19to2019-01-31_8287.csv,FALSE,FALSE,TRUE,TRUE,FALSE,GAIA,1267,12672,TRUE,large,Shapelet,,
periodic_data_2_from2018-12-19to2019-01-31_8288.csv,FALSE,FALSE,TRUE,FALSE,FALSE,GAIA,1267,12672,TRUE,large,Shapelet,,
periodic_data_8_from2018-12-19to2019-01-31_8205.csv,FALSE,FALSE,TRUE,TRUE,FALSE,GAIA,1267,12672,TRUE,large,Shapelet,,
changepoint_data_20_from2018-12-19to2019-01-31_8203.csv,FALSE,FALSE,TRUE,FALSE,FALSE,GAIA,1267,12672,TRUE,large,Trend,,
concept_drift_data_2_from2018-12-19to2019-01-31_8333.csv,TRUE,FALSE,FALSE,FALSE,TRUE,GAIA,1267,12672,TRUE,large,Trend,,
periodic_data_23_from2018-12-19to2019-01-31_8180.csv,FALSE,FALSE,TRUE,FALSE,TRUE,GAIA,1267,12672,TRUE,large,Trend,,
staircase_data_1_from2018-12-19to2019-01-31_8271.csv,TRUE,FALSE,FALSE,FALSE,TRUE,GAIA,1267,12672,TRUE,large,Trend,,
staircase_data_10_from2018-12-19to2019-01-31_8423.csv,TRUE,FALSE,FALSE,FALSE,FALSE,GAIA,1267,12672,TRUE,large,Trend,,
staircase_data_11_from2018-12-19to2019-01-31_8194.csv,TRUE,FALSE,FALSE,FALSE,FALSE,GAIA,1267,12672,TRUE,large,Trend,,
staircase_data_12_from2018-12-19to2019-01-31_8355.csv,TRUE,FALSE,FALSE,FALSE,FALSE,GAIA,1267,12672,TRUE,large,Trend,,
staircase_data_13_from2018-12-19to2019-01-31_8154.csv,TRUE,FALSE,FALSE,FALSE,FALSE,GAIA,1267,12672,TRUE,large,Trend,,
staircase_data_14_from2018-12-19to2019-01-31_8222.csv,TRUE,FALSE,FALSE,FALSE,FALSE,GAIA,1267,12672,TRUE,large,Trend,,
staircase_data_15_from2018-12-19to2019-01-31_8324.csv,TRUE,FALSE,FALSE,FALSE,FALSE,GAIA,1267,12672,TRUE,large,Trend,,
staircase_data_16_from2018-12-19to2019-01-31_8252.csv,TRUE,FALSE,FALSE,FALSE,FALSE,GAIA,1267,12672,TRUE,large,Trend,,
staircase_data_17_from2018-12-19to2019-01-31_8241.csv,TRUE,FALSE,FALSE,FALSE,FALSE,GAIA,1267,12672,TRUE,large,Trend,,
staircase_data_2_from2018-12-19to2019-01-31_8312.csv,TRUE,FALSE,FALSE,FALSE,FALSE,GAIA,1267,12672,TRUE,large,Trend,,
staircase_data_3_from2018-12-19to2019-01-31_8272.csv,TRUE,FALSE,FALSE,FALSE,FALSE,GAIA,1267,12672,TRUE,large,Trend,,
staircase_data_5_from2018-12-19to2019-01-31_8365.csv,TRUE,FALSE,FALSE,FALSE,FALSE,GAIA,1267,12672,TRUE,large,Trend,,
staircase_data_6_from2018-12-19to2019-01-31_8214.csv,TRUE,FALSE,FALSE,FALSE,FALSE,GAIA,1267,12672,TRUE,large,Trend,,
staircase_data_7_from2018-12-19to2019-01-31_8361.csv,TRUE,FALSE,FALSE,FALSE,FALSE,GAIA,1267,12672,TRUE,large,Trend,,
staircase_data_8_from2018-12-19to2019-01-31_8216.csv,TRUE,FALSE,FALSE,FALSE,TRUE,GAIA,1267,12672,TRUE,large,Trend,,
068_UCR_Anomaly_DISTORTEDinsectEPG4_1300_6508_6558.csv,FALSE,FALSE,TRUE,FALSE,FALSE,KDD21,1300,9998,TRUE,large,Shapelet,,
176_UCR_Anomaly_insectEPG4_1300_6508_6558.csv,FALSE,FALSE,TRUE,FALSE,FALSE,KDD21,1300,9998,TRUE,large,Shapelet,,
D-13_1490.csv,TRUE,FALSE,FALSE,FALSE,FALSE,NASA-SMAP-new,1490,9153,TRUE,large,Trend,,
034_UCR_Anomaly_DISTORTEDInternalBleeding6_1500_3474_3629.csv,FALSE,TRUE,TRUE,FALSE,FALSE,KDD21,1500,7654,TRUE,large,Seasonal,,
142_UCR_Anomaly_InternalBleeding6_1500_3474_3629.csv,FALSE,TRUE,TRUE,FALSE,FALSE,KDD21,1500,7654,TRUE,large,Seasonal,,
099_UCR_Anomaly_NOISEInternalBleeding6_1500_3474_3629.csv,FALSE,TRUE,TRUE,FALSE,FALSE,KDD21,1500,7654,TRUE,large,Shapelet,,
053_UCR_Anomaly_DISTORTEDWalkingAceleration1_1500_2764_2995.csv,FALSE,FALSE,TRUE,FALSE,FALSE,KDD21,1500,6684,TRUE,large,Shapelet,,
161_UCR_Anomaly_WalkingAceleration1_1500_2764_2995.csv,FALSE,FALSE,TRUE,FALSE,FALSE,KDD21,1500,6684,TRUE,large,Shapelet,,
M-6_1565.csv,TRUE,FALSE,FALSE,FALSE,FALSE,NASA-MSL-new,1565,3614,TRUE,large,Shapelet,,
NAB_data_tweets_5.csv,FALSE,FALSE,TRUE,TRUE,FALSE,NAB,1583,15832,TRUE,large,Shapelet,,
NAB_data_tweets_2.csv,FALSE,FALSE,TRUE,TRUE,FALSE,NAB,1583,15830,TRUE,large,Shapelet,,
NAB_data_tweets_6.csv,FALSE,FALSE,TRUE,TRUE,FALSE,NAB,1584,15841,TRUE,large,Shapelet,,
NAB_data_tweets_9.csv,FALSE,FALSE,TRUE,FALSE,FALSE,NAB,1585,15857,TRUE,large,Shapelet,,
NAB_data_tweets_4.csv,FALSE,FALSE,TRUE,FALSE,FALSE,NAB,1585,15852,TRUE,large,Shapelet,,
NAB_data_tweets_8.csv,FALSE,FALSE,TRUE,TRUE,FALSE,NAB,1585,15850,TRUE,large,Shapelet,,
NAB_data_tweets_10.csv,FALSE,FALSE,TRUE,FALSE,FALSE,NAB,1586,15865,TRUE,large,Shapelet,,
M-7_1587.csv,FALSE,FALSE,TRUE,FALSE,FALSE,NASA-MSL-new,1587,3743,TRUE,large,Shapelet,,
NAB_data_tweets_7.csv,FALSE,FALSE,TRUE,TRUE,FALSE,NAB,1589,15892,TRUE,large,Shapelet,,
NAB_data_tweets_1.csv,FALSE,FALSE,TRUE,TRUE,FALSE,NAB,1590,15901,TRUE,large,Shapelet,,
NAB_data_tweets_3.csv,FALSE,FALSE,TRUE,TRUE,FALSE,NAB,1590,15901,TRUE,large,Shapelet,,
028_UCR_Anomaly_DISTORTEDInternalBleeding17_1600_3198_3309.csv,FALSE,TRUE,TRUE,FALSE,FALSE,KDD21,1600,7500,TRUE,large,Shapelet,,
136_UCR_Anomaly_InternalBleeding17_1600_3198_3309.csv,FALSE,TRUE,TRUE,FALSE,FALSE,KDD21,1600,7500,TRUE,large,Shapelet,,
genesis-anomalies.test.csv@3.csv,FALSE,FALSE,TRUE,FALSE,FALSE,Genesis,1622,16220,TRUE,large,Shapelet,,
026_UCR_Anomaly_DISTORTEDInternalBleeding15_1700_5684_5854.csv,FALSE,TRUE,TRUE,FALSE,FALSE,KDD21,1700,7601,TRUE,large,Seasonal,,
134_UCR_Anomaly_InternalBleeding15_1700_5684_5854.csv,FALSE,TRUE,TRUE,FALSE,FALSE,KDD21,1700,7601,TRUE,large,Seasonal,,
partially_stationary_data_22_from2019-12-27to2020-02-27_7693.csv,FALSE,FALSE,TRUE,TRUE,FALSE,GAIA,1802,18026,TRUE,large,Global,,
partially_stationary_data_28_from2019-12-27to2020-02-27_7657.csv,FALSE,FALSE,TRUE,FALSE,FALSE,GAIA,1802,18025,TRUE,large,Contextual,,
low_signal-to-noise_ratio_data_31_from2019-12-27to2020-02-27_7675.csv,FALSE,FALSE,TRUE,TRUE,FALSE,GAIA,1802,18025,TRUE,large,Global,,
NAB_data_KnownCause_2.csv,FALSE,TRUE,TRUE,TRUE,FALSE,NAB,1804,18049,TRUE,large,Shapelet,,
partially_stationary_data_6_from2019-12-27to2020-02-27_7630.csv,FALSE,FALSE,TRUE,FALSE,FALSE,GAIA,1806,18066,TRUE,large,Global,,
periodic_data_4_from2019-12-27to2020-02-27_7622.csv,FALSE,FALSE,TRUE,TRUE,FALSE,GAIA,1806,18066,TRUE,large,Shapelet,,
248_UCR_Anomaly_weallwalk_2000_4702_4707.csv,FALSE,FALSE,TRUE,FALSE,TRUE,KDD21,2000,8432,TRUE,large,Shapelet,,
M-5_2032.csv,FALSE,FALSE,TRUE,FALSE,FALSE,NASA-MSL-new,2032,4335,TRUE,large,Shapelet,,
M-3_2037.csv,FALSE,FALSE,TRUE,FALSE,FALSE,NASA-MSL-new,2037,4164,TRUE,large,Shapelet,,
M-4_2076.csv,FALSE,FALSE,TRUE,FALSE,FALSE,NASA-MSL-new,2076,4114,TRUE,large,Shapelet,,
S4-ADL4.test.csv@6.csv,FALSE,FALSE,TRUE,FALSE,FALSE,OPPORTUNITY,2119,21191,TRUE,large,Seasonal,,
S4-ADL4.test.csv@42.csv,FALSE,FALSE,TRUE,TRUE,FALSE,OPPORTUNITY,2121,21216,TRUE,large,Seasonal,,
S4-ADL4.test.csv@81.csv,FALSE,FALSE,TRUE,FALSE,FALSE,OPPORTUNITY,2121,21216,TRUE,large,Shapelet,,
S4-ADL4.test.csv@92.csv,FALSE,FALSE,TRUE,TRUE,FALSE,OPPORTUNITY,2121,21216,TRUE,large,Shapelet,,
S4-ADL4.test.csv@94.csv,FALSE,FALSE,TRUE,FALSE,FALSE,OPPORTUNITY,2121,21216,TRUE,large,Shapelet,,
C-1_2158.csv,FALSE,FALSE,TRUE,FALSE,FALSE,NASA-MSL-new,2158,4422,TRUE,large,Shapelet,,
S4-ADL4.test.csv@104.csv,FALSE,FALSE,TRUE,TRUE,FALSE,OPPORTUNITY,2223,22230,TRUE,large,Seasonal,,
S4-ADL4.test.csv@108.csv,FALSE,FALSE,TRUE,FALSE,FALSE,OPPORTUNITY,2223,22230,TRUE,large,Seasonal,,
S4-ADL4.test.csv@118.csv,FALSE,FALSE,TRUE,FALSE,FALSE,OPPORTUNITY,2223,22230,TRUE,large,Seasonal,,
S4-ADL4.test.csv@120.csv,FALSE,FALSE,TRUE,FALSE,FALSE,OPPORTUNITY,2223,22230,TRUE,large,Seasonal,,
S4-ADL4.test.csv@124.csv,FALSE,FALSE,TRUE,FALSE,FALSE,OPPORTUNITY,2223,22230,TRUE,large,Seasonal,,
S4-ADL4.test.csv@133.csv,FALSE,FALSE,TRUE,FALSE,FALSE,OPPORTUNITY,2223,22230,TRUE,large,Seasonal,,
F-4_2244.csv,FALSE,FALSE,TRUE,FALSE,FALSE,NASA-MSL-new,2244,5666,TRUE,large,Shapelet,,
NAB_data_KnownCause_4.csv,FALSE,FALSE,TRUE,TRUE,FALSE,NAB,2269,22694,TRUE,large,Shapelet,,
T-5_2272.csv,FALSE,FALSE,TRUE,FALSE,FALSE,NASA-MSL-new,2272,4490,TRUE,large,Shapelet,,
T-4_2272.csv,FALSE,FALSE,TRUE,FALSE,FALSE,NASA-MSL-new,2272,4489,TRUE,large,Shapelet,,
029_UCR_Anomaly_DISTORTEDInternalBleeding18_2300_4485_4587.csv,FALSE,TRUE,TRUE,FALSE,FALSE,KDD21,2300,7500,TRUE,large,Shapelet,,
137_UCR_Anomaly_InternalBleeding18_2300_4485_4587.csv,FALSE,TRUE,TRUE,FALSE,FALSE,KDD21,2300,7500,TRUE,large,Shapelet,,
machine-2-4.test.csv@20.csv,FALSE,TRUE,TRUE,FALSE,FALSE,SMD,2368,23689,TRUE,large,mix,,
machine-2-3.test.csv@1.csv,FALSE,FALSE,TRUE,FALSE,FALSE,SMD,2368,23689,TRUE,large,Shapelet,,
machine-2-3.test.csv@11.csv,FALSE,FALSE,TRUE,TRUE,FALSE,SMD,2368,23689,TRUE,large,Shapelet,,
machine-2-3.test.csv@19.csv,FALSE,FALSE,TRUE,FALSE,FALSE,SMD,2368,23689,TRUE,large,Shapelet,,
machine-2-3.test.csv@2.csv,FALSE,FALSE,TRUE,TRUE,FALSE,SMD,2368,23689,TRUE,large,Shapelet,,
machine-2-3.test.csv@20.csv,FALSE,FALSE,TRUE,FALSE,FALSE,SMD,2368,23689,TRUE,large,Shapelet,,
machine-2-3.test.csv@21.csv,FALSE,FALSE,TRUE,FALSE,FALSE,SMD,2368,23689,TRUE,large,Shapelet,,
machine-2-3.test.csv@22.csv,FALSE,FALSE,TRUE,TRUE,FALSE,SMD,2368,23689,TRUE,large,Shapelet,,
machine-2-3.test.csv@23.csv,FALSE,FALSE,TRUE,FALSE,FALSE,SMD,2368,23689,TRUE,large,Shapelet,,
machine-2-3.test.csv@28.csv,FALSE,FALSE,TRUE,TRUE,FALSE,SMD,2368,23689,TRUE,large,Shapelet,,
machine-2-3.test.csv@3.csv,FALSE,FALSE,TRUE,FALSE,FALSE,SMD,2368,23689,TRUE,large,Shapelet,,
machine-2-3.test.csv@31.csv,FALSE,FALSE,TRUE,FALSE,FALSE,SMD,2368,23689,TRUE,large,Shapelet,,
machine-2-3.test.csv@32.csv,FALSE,FALSE,TRUE,FALSE,FALSE,SMD,2368,23689,TRUE,large,Shapelet,,
machine-2-3.test.csv@4.csv,FALSE,FALSE,TRUE,FALSE,FALSE,SMD,2368,23689,TRUE,large,Shapelet,,
machine-2-3.test.csv@7.csv,FALSE,FALSE,TRUE,FALSE,FALSE,SMD,2368,23689,TRUE,large,Shapelet,,
machine-2-4.test.csv@12.csv,FALSE,FALSE,TRUE,FALSE,FALSE,SMD,2368,23689,TRUE,large,Shapelet,,
machine-2-4.test.csv@14.csv,FALSE,FALSE,TRUE,TRUE,FALSE,SMD,2368,23689,TRUE,large,Shapelet,,
machine-2-4.test.csv@15.csv,FALSE,FALSE,TRUE,FALSE,FALSE,SMD,2368,23689,TRUE,large,Shapelet,,
machine-2-4.test.csv@19.csv,FALSE,TRUE,TRUE,FALSE,FALSE,SMD,2368,23689,TRUE,large,Shapelet,,
machine-2-4.test.csv@21.csv,FALSE,TRUE,TRUE,FALSE,FALSE,SMD,2368,23689,TRUE,large,Shapelet,,
machine-2-4.test.csv@22.csv,FALSE,TRUE,TRUE,TRUE,FALSE,SMD,2368,23689,TRUE,large,Shapelet,,
machine-2-4.test.csv@31.csv,FALSE,TRUE,TRUE,TRUE,FALSE,SMD,2368,23689,TRUE,large,Shapelet,,
machine-2-4.test.csv@9.csv,FALSE,FALSE,TRUE,FALSE,FALSE,SMD,2368,23689,TRUE,large,Shapelet,,
machine-2-5.test.csv@1.csv,FALSE,FALSE,TRUE,FALSE,FALSE,SMD,2368,23689,TRUE,large,Shapelet,,
machine-2-5.test.csv@12.csv,FALSE,FALSE,TRUE,TRUE,FALSE,SMD,2368,23689,TRUE,large,Shapelet,,
machine-2-5.test.csv@15.csv,FALSE,FALSE,TRUE,TRUE,FALSE,SMD,2368,23689,TRUE,large,Shapelet,,
machine-2-4.test.csv@28.csv,FALSE,TRUE,TRUE,TRUE,FALSE,SMD,2368,23689,TRUE,large,Trend,,
machine-3-4.test.csv@7.csv,TRUE,FALSE,FALSE,FALSE,TRUE,SMD,2368,23687,TRUE,large,Shapelet,,
machine-1-8.test.csv@24.csv,FALSE,TRUE,TRUE,TRUE,FALSE,SMD,2369,23699,TRUE,large,Shapelet,,
machine-1-8.test.csv@26.csv,FALSE,TRUE,TRUE,FALSE,FALSE,SMD,2369,23699,TRUE,large,Shapelet,,
machine-2-7.test.csv@1.csv,FALSE,TRUE,TRUE,FALSE,FALSE,SMD,2369,23696,TRUE,large,Shapelet,,
machine-2-7.test.csv@2.csv,FALSE,FALSE,TRUE,TRUE,FALSE,SMD,2369,23696,TRUE,large,Shapelet,,
machine-2-7.test.csv@20.csv,FALSE,TRUE,TRUE,FALSE,FALSE,SMD,2369,23696,TRUE,large,Shapelet,,
machine-2-7.test.csv@24.csv,FALSE,FALSE,TRUE,TRUE,TRUE,SMD,2369,23696,TRUE,large,Shapelet,,
machine-2-7.test.csv@25.csv,FALSE,TRUE,TRUE,FALSE,FALSE,SMD,2369,23696,TRUE,large,Shapelet,,
machine-2-7.test.csv@28.csv,FALSE,TRUE,TRUE,FALSE,FALSE,SMD,2369,23696,TRUE,large,Shapelet,,
machine-2-7.test.csv@3.csv,FALSE,FALSE,TRUE,FALSE,FALSE,SMD,2369,23696,TRUE,large,Shapelet,,
machine-2-7.test.csv@31.csv,FALSE,TRUE,TRUE,FALSE,FALSE,SMD,2369,23696,TRUE,large,Shapelet,,
machine-2-7.test.csv@32.csv,FALSE,FALSE,TRUE,FALSE,FALSE,SMD,2369,23696,TRUE,large,Shapelet,,
machine-2-7.test.csv@4.csv,FALSE,FALSE,TRUE,FALSE,FALSE,SMD,2369,23696,TRUE,large,Shapelet,,
machine-1-2.test.csv@10.csv,FALSE,FALSE,TRUE,TRUE,FALSE,SMD,2369,23694,TRUE,large,Shapelet,,
machine-1-2.test.csv@11.csv,FALSE,FALSE,TRUE,FALSE,FALSE,SMD,2369,23694,TRUE,large,Shapelet,,
machine-1-2.test.csv@12.csv,FALSE,FALSE,TRUE,TRUE,FALSE,SMD,2369,23694,TRUE,large,Shapelet,,
machine-1-2.test.csv@15.csv,FALSE,FALSE,TRUE,TRUE,FALSE,SMD,2369,23694,TRUE,large,Shapelet,,
machine-1-2.test.csv@24.csv,FALSE,FALSE,TRUE,FALSE,FALSE,SMD,2369,23694,TRUE,large,Shapelet,,
machine-1-2.test.csv@26.csv,FALSE,FALSE,TRUE,FALSE,FALSE,SMD,2369,23694,TRUE,large,Shapelet,,
machine-1-2.test.csv@7.csv,FALSE,FALSE,TRUE,FALSE,FALSE,SMD,2369,23694,TRUE,large,Shapelet,,
machine-1-2.test.csv@9.csv,FALSE,FALSE,TRUE,FALSE,FALSE,SMD,2369,23694,TRUE,large,Shapelet,,
machine-2-1.test.csv@10.csv,FALSE,FALSE,TRUE,FALSE,FALSE,SMD,2369,23694,TRUE,large,Shapelet,,
machine-2-1.test.csv@11.csv,FALSE,FALSE,TRUE,FALSE,FALSE,SMD,2369,23694,TRUE,large,Shapelet,,
machine-2-1.test.csv@21.csv,FALSE,FALSE,TRUE,TRUE,FALSE,SMD,2369,23694,TRUE,large,Shapelet,,
machine-2-1.test.csv@22.csv,FALSE,FALSE,TRUE,TRUE,FALSE,SMD,2369,23694,TRUE,large,Shapelet,,
machine-2-1.test.csv@7.csv,FALSE,FALSE,TRUE,TRUE,FALSE,SMD,2369,23694,TRUE,large,Shapelet,,
machine-3-10.test.csv@14.csv,FALSE,FALSE,TRUE,FALSE,FALSE,SMD,2369,23693,TRUE,large,Shapelet,,
machine-3-10.test.csv@7.csv,FALSE,FALSE,FALSE,FALSE,TRUE,SMD,2369,23693,TRUE,large,Shapelet,,
machine-1-4.test.csv@14.csv,FALSE,FALSE,TRUE,TRUE,FALSE,SMD,2370,23707,TRUE,large,Shapelet,,
machine-1-4.test.csv@9.csv,FALSE,FALSE,TRUE,FALSE,FALSE,SMD,2370,23707,TRUE,large,Shapelet,,
machine-1-5.test.csv@1.csv,FALSE,FALSE,TRUE,FALSE,FALSE,SMD,2370,23706,TRUE,large,Shapelet,,
machine-1-5.test.csv@19.csv,FALSE,FALSE,TRUE,FALSE,FALSE,SMD,2370,23706,TRUE,large,Shapelet,,
machine-1-5.test.csv@21.csv,FALSE,FALSE,TRUE,TRUE,FALSE,SMD,2370,23706,TRUE,large,Shapelet,,
machine-1-5.test.csv@22.csv,FALSE,FALSE,TRUE,FALSE,FALSE,SMD,2370,23706,TRUE,large,Shapelet,,
machine-1-5.test.csv@23.csv,FALSE,FALSE,TRUE,FALSE,FALSE,SMD,2370,23706,TRUE,large,Shapelet,,
machine-1-5.test.csv@24.csv,FALSE,FALSE,TRUE,FALSE,FALSE,SMD,2370,23706,TRUE,large,Shapelet,,
machine-1-5.test.csv@25.csv,FALSE,FALSE,TRUE,TRUE,FALSE,SMD,2370,23706,TRUE,large,Shapelet,,
machine-1-5.test.csv@26.csv,FALSE,FALSE,TRUE,FALSE,FALSE,SMD,2370,23706,TRUE,large,Shapelet,,
machine-1-5.test.csv@28.csv,FALSE,FALSE,TRUE,TRUE,FALSE,SMD,2370,23706,TRUE,large,Shapelet,,
machine-1-5.test.csv@31.csv,FALSE,FALSE,TRUE,TRUE,FALSE,SMD,2370,23706,TRUE,large,Shapelet,,
machine-1-5.test.csv@32.csv,FALSE,FALSE,TRUE,TRUE,FALSE,SMD,2370,23706,TRUE,large,Shapelet,,
machine-1-5.test.csv@4.csv,FALSE,FALSE,TRUE,TRUE,FALSE,SMD,2370,23706,TRUE,large,Shapelet,,
machine-1-5.test.csv@7.csv,FALSE,FALSE,TRUE,FALSE,FALSE,SMD,2370,23706,TRUE,large,Shapelet,,
machine-2-8.test.csv@1.csv,FALSE,TRUE,TRUE,FALSE,FALSE,SMD,2370,23703,TRUE,large,Shapelet,,
machine-2-8.test.csv@10.csv,FALSE,FALSE,TRUE,TRUE,FALSE,SMD,2370,23703,TRUE,large,Shapelet,,
machine-2-8.test.csv@11.csv,FALSE,FALSE,TRUE,FALSE,FALSE,SMD,2370,23703,TRUE,large,Shapelet,,
machine-2-8.test.csv@12.csv,FALSE,TRUE,FALSE,FALSE,FALSE,SMD,2370,23703,TRUE,large,Shapelet,,
machine-2-8.test.csv@13.csv,FALSE,FALSE,TRUE,TRUE,FALSE,SMD,2370,23703,TRUE,large,Shapelet,,
machine-2-8.test.csv@14.csv,FALSE,TRUE,TRUE,FALSE,FALSE,SMD,2370,23703,TRUE,large,Shapelet,,
machine-2-8.test.csv@15.csv,FALSE,FALSE,FALSE,TRUE,FALSE,SMD,2370,23703,TRUE,large,Shapelet,,
machine-2-8.test.csv@16.csv,FALSE,TRUE,TRUE,TRUE,FALSE,SMD,2370,23703,TRUE,large,Shapelet,,
machine-2-8.test.csv@17.csv,TRUE,TRUE,FALSE,FALSE,FALSE,SMD,2370,23703,TRUE,large,Shapelet,,
machine-2-8.test.csv@18.csv,TRUE,TRUE,FALSE,FALSE,FALSE,SMD,2370,23703,TRUE,large,Shapelet,,
machine-2-8.test.csv@19.csv,FALSE,TRUE,TRUE,FALSE,FALSE,SMD,2370,23703,TRUE,large,Shapelet,,
machine-2-8.test.csv@2.csv,FALSE,FALSE,TRUE,TRUE,FALSE,SMD,2370,23703,TRUE,large,Shapelet,,
machine-2-8.test.csv@20.csv,FALSE,TRUE,TRUE,FALSE,FALSE,SMD,2370,23703,TRUE,large,Shapelet,,
machine-2-8.test.csv@21.csv,FALSE,TRUE,TRUE,FALSE,FALSE,SMD,2370,23703,TRUE,large,Shapelet,,
machine-2-8.test.csv@22.csv,FALSE,TRUE,TRUE,TRUE,FALSE,SMD,2370,23703,TRUE,large,Shapelet,,
machine-2-8.test.csv@23.csv,FALSE,FALSE,TRUE,FALSE,TRUE,SMD,2370,23703,TRUE,large,Shapelet,,
machine-2-8.test.csv@24.csv,FALSE,TRUE,TRUE,FALSE,FALSE,SMD,2370,23703,TRUE,large,Shapelet,,
machine-2-8.test.csv@25.csv,FALSE,FALSE,TRUE,FALSE,FALSE,SMD,2370,23703,TRUE,large,Shapelet,,
machine-2-8.test.csv@26.csv,FALSE,TRUE,TRUE,FALSE,FALSE,SMD,2370,23703,TRUE,large,Shapelet,,
machine-2-8.test.csv@28.csv,FALSE,TRUE,TRUE,FALSE,FALSE,SMD,2370,23703,TRUE,large,Shapelet,,
machine-2-8.test.csv@29.csv,TRUE,TRUE,FALSE,FALSE,FALSE,SMD,2370,23703,TRUE,large,Shapelet,,
machine-2-8.test.csv@3.csv,FALSE,FALSE,TRUE,FALSE,FALSE,SMD,2370,23703,TRUE,large,Shapelet,,
machine-2-8.test.csv@30.csv,FALSE,FALSE,TRUE,FALSE,FALSE,SMD,2370,23703,TRUE,large,Shapelet,,
machine-2-8.test.csv@31.csv,FALSE,TRUE,TRUE,FALSE,FALSE,SMD,2370,23703,TRUE,large,Shapelet,,
machine-2-8.test.csv@32.csv,FALSE,FALSE,TRUE,FALSE,FALSE,SMD,2370,23703,TRUE,large,Shapelet,,
machine-2-8.test.csv@33.csv,FALSE,FALSE,TRUE,FALSE,FALSE,SMD,2370,23703,TRUE,large,Shapelet,,
machine-2-8.test.csv@34.csv,FALSE,FALSE,TRUE,TRUE,FALSE,SMD,2370,23703,TRUE,large,Shapelet,,
machine-2-8.test.csv@35.csv,FALSE,TRUE,TRUE,TRUE,FALSE,SMD,2370,23703,TRUE,large,Shapelet,,
machine-2-8.test.csv@36.csv,FALSE,TRUE,TRUE,TRUE,FALSE,SMD,2370,23703,TRUE,large,Shapelet,,
machine-2-8.test.csv@4.csv,FALSE,FALSE,TRUE,FALSE,FALSE,SMD,2370,23703,TRUE,large,Shapelet,,
machine-2-8.test.csv@6.csv,FALSE,FALSE,TRUE,FALSE,FALSE,SMD,2370,23703,TRUE,large,Shapelet,,
machine-2-8.test.csv@7.csv,FALSE,FALSE,FALSE,FALSE,TRUE,SMD,2370,23703,TRUE,large,Shapelet,,
machine-2-8.test.csv@9.csv,FALSE,FALSE,TRUE,FALSE,FALSE,SMD,2370,23703,TRUE,large,Shapelet,,
machine-3-3.test.csv@1.csv,FALSE,TRUE,FALSE,FALSE,FALSE,SMD,2370,23703,TRUE,large,Shapelet,,
machine-3-3.test.csv@16.csv,FALSE,FALSE,TRUE,FALSE,FALSE,SMD,2370,23703,TRUE,large,Shapelet,,
machine-2-8.test.csv@5.csv,FALSE,FALSE,FALSE,FALSE,FALSE,SMD,2370,23703,TRUE,large,Trend,,
B-1_2435.csv,TRUE,FALSE,FALSE,FALSE,TRUE,NASA-SMAP-new,2435,10479,TRUE,large,Trend,,
S4-ADL2.test.csv@31.csv,FALSE,FALSE,TRUE,TRUE,FALSE,OPPORTUNITY,2443,24435,TRUE,large,Shapelet,,
S4-ADL2.test.csv@32.csv,FALSE,FALSE,TRUE,TRUE,FALSE,OPPORTUNITY,2443,24435,TRUE,large,Shapelet,,
S4-ADL2.test.csv@33.csv,FALSE,FALSE,TRUE,TRUE,FALSE,OPPORTUNITY,2443,24435,TRUE,large,Shapelet,,
G-7_2446.csv,FALSE,FALSE,TRUE,FALSE,FALSE,NASA-SMAP-new,2446,10475,TRUE,large,Seasonal,,
S4-ADL3.test.csv@16.csv,FALSE,FALSE,TRUE,FALSE,FALSE,OPPORTUNITY,2452,24525,TRUE,large,Seasonal,,
S4-ADL3.test.csv@17.csv,FALSE,FALSE,TRUE,FALSE,FALSE,OPPORTUNITY,2452,24525,TRUE,large,Seasonal,,
S4-ADL3.test.csv@42.csv,FALSE,FALSE,TRUE,FALSE,FALSE,OPPORTUNITY,2455,24550,TRUE,large,Seasonal,,
S4-ADL3.test.csv@53.csv,FALSE,FALSE,TRUE,FALSE,FALSE,OPPORTUNITY,2455,24550,TRUE,large,Seasonal,,
S4-ADL3.test.csv@81.csv,FALSE,FALSE,TRUE,FALSE,FALSE,OPPORTUNITY,2455,24550,TRUE,large,Seasonal,,
G-2_2478.csv,FALSE,FALSE,TRUE,FALSE,TRUE,NASA-SMAP-new,2478,9839,TRUE,large,Shapelet,,
004_UCR_Anomaly_DISTORTEDBIDMC1_2500_5400_5600.csv,FALSE,TRUE,TRUE,FALSE,FALSE,KDD21,2500,11000,TRUE,large,Shapelet,,
094_UCR_Anomaly_NOISEBIDMC1_2500_5400_5600.csv,FALSE,TRUE,TRUE,FALSE,FALSE,KDD21,2500,11000,TRUE,large,Shapelet,,
112_UCR_Anomaly_BIDMC1_2500_5400_5600.csv,FALSE,TRUE,TRUE,FALSE,FALSE,KDD21,2500,11000,TRUE,large,Shapelet,,
035_UCR_Anomaly_DISTORTEDInternalBleeding8_2500_5865_5974.csv,FALSE,TRUE,TRUE,FALSE,FALSE,KDD21,2500,7501,TRUE,large,shapelet,,
143_UCR_Anomaly_InternalBleeding8_2500_5865_5974.csv,FALSE,TRUE,TRUE,FALSE,FALSE,KDD21,2500,7501,TRUE,large,shapelet,,
F-7_2511.csv,FALSE,FALSE,TRUE,FALSE,FALSE,NASA-MSL-new,2511,7565,TRUE,large,Shapelet,,
S4-ADL3.test.csv@120.csv,FALSE,FALSE,TRUE,FALSE,FALSE,OPPORTUNITY,2513,25132,TRUE,large,Seasonal,,
S4-ADL3.test.csv@124.csv,FALSE,FALSE,TRUE,FALSE,FALSE,OPPORTUNITY,2513,25132,TRUE,large,Seasonal,,
S4-ADL3.test.csv@108.csv,FALSE,FALSE,TRUE,TRUE,FALSE,OPPORTUNITY,2513,25132,TRUE,large,Shapelet,,
S4-ADL3.test.csv@118.csv,FALSE,FALSE,TRUE,FALSE,FALSE,OPPORTUNITY,2513,25132,TRUE,large,Shapelet,,
G-4_2551.csv,FALSE,FALSE,TRUE,FALSE,FALSE,NASA-SMAP-new,2551,10183,TRUE,large,Shapelet,,
D-5_2561.csv,TRUE,FALSE,FALSE,FALSE,TRUE,NASA-SMAP-new,2561,10189,TRUE,large,Shapelet,,
D-6_2594.csv,FALSE,FALSE,TRUE,FALSE,TRUE,NASA-SMAP-new,2594,10478,TRUE,large,Shapelet,,
F-5_2598.csv,FALSE,FALSE,TRUE,FALSE,FALSE,NASA-MSL-new,2598,6520,TRUE,large,Shapelet,,
D-8_2602.csv,FALSE,FALSE,TRUE,FALSE,FALSE,NASA-SMAP-new,2602,10476,TRUE,large,Shapelet,,
P-4_2609.csv,FALSE,FALSE,TRUE,FALSE,FALSE,NASA-SMAP-new,2609,10392,TRUE,large,Shapelet,,
D-11_2611.csv,FALSE,FALSE,FALSE,FALSE,FALSE,NASA-SMAP-new,2611,10042,TRUE,large,Trend,,
S3-ADL5.test.csv@38.csv,FALSE,FALSE,TRUE,FALSE,FALSE,OPPORTUNITY,2620,26204,TRUE,large,Seasonal,,
S3-ADL5.test.csv@42.csv,FALSE,FALSE,TRUE,TRUE,FALSE,OPPORTUNITY,2620,26204,TRUE,large,Seasonal,,
S3-ADL5.test.csv@50.csv,TRUE,FALSE,TRUE,FALSE,FALSE,OPPORTUNITY,2620,26204,TRUE,large,Seasonal,,
S3-ADL5.test.csv@51.csv,FALSE,FALSE,TRUE,FALSE,FALSE,OPPORTUNITY,2620,26204,TRUE,large,Seasonal,,
S3-ADL5.test.csv@53.csv,FALSE,FALSE,TRUE,TRUE,FALSE,OPPORTUNITY,2620,26204,TRUE,large,Seasonal,,
S3-ADL5.test.csv@54.csv,FALSE,FALSE,TRUE,FALSE,FALSE,OPPORTUNITY,2620,26204,TRUE,large,Seasonal,,
S3-ADL5.test.csv@55.csv,FALSE,FALSE,TRUE,FALSE,FALSE,OPPORTUNITY,2620,26204,TRUE,large,Seasonal,,
S3-ADL5.test.csv@63.csv,FALSE,FALSE,TRUE,FALSE,FALSE,OPPORTUNITY,2620,26204,TRUE,large,Seasonal,,
S3-ADL5.test.csv@66.csv,FALSE,FALSE,TRUE,TRUE,FALSE,OPPORTUNITY,2620,26204,TRUE,large,Seasonal,,
S3-ADL5.test.csv@67.csv,FALSE,FALSE,TRUE,TRUE,FALSE,OPPORTUNITY,2620,26204,TRUE,large,Seasonal,,
S3-ADL5.test.csv@68.csv,FALSE,FALSE,TRUE,FALSE,FALSE,OPPORTUNITY,2620,26204,TRUE,large,Seasonal,,
S3-ADL5.test.csv@93.csv,FALSE,FALSE,TRUE,TRUE,FALSE,OPPORTUNITY,2620,26204,TRUE,large,Seasonal,,
G-3_2624.csv,FALSE,FALSE,TRUE,FALSE,FALSE,NASA-SMAP-new,2624,10531,TRUE,large,Shapelet,,
S3-ADL3.test.csv@55.csv,FALSE,FALSE,TRUE,FALSE,FALSE,OPPORTUNITY,2644,26448,TRUE,large,Seasonal,,
S3-ADL3.test.csv@57.csv,FALSE,FALSE,TRUE,FALSE,FALSE,OPPORTUNITY,2644,26448,TRUE,large,Seasonal,,
S3-ADL3.test.csv@63.csv,FALSE,FALSE,TRUE,FALSE,FALSE,OPPORTUNITY,2644,26448,TRUE,large,Seasonal,,
S3-ADL3.test.csv@66.csv,FALSE,FALSE,TRUE,TRUE,FALSE,OPPORTUNITY,2644,26448,TRUE,large,Seasonal,,
S3-ADL3.test.csv@67.csv,FALSE,FALSE,TRUE,FALSE,FALSE,OPPORTUNITY,2644,26448,TRUE,large,Seasonal,,
S3-ADL3.test.csv@68.csv,FALSE,FALSE,TRUE,FALSE,FALSE,OPPORTUNITY,2644,26448,TRUE,large,Seasonal,,
S3-ADL3.test.csv@71.csv,FALSE,FALSE,TRUE,FALSE,FALSE,OPPORTUNITY,2644,26448,TRUE,large,Seasonal,,
S3-ADL3.test.csv@80.csv,FALSE,FALSE,TRUE,FALSE,FALSE,OPPORTUNITY,2644,26448,TRUE,large,Seasonal,,
S3-ADL3.test.csv@81.csv,FALSE,FALSE,TRUE,FALSE,FALSE,OPPORTUNITY,2644,26448,TRUE,large,Seasonal,,
S3-ADL3.test.csv@92.csv,FALSE,FALSE,TRUE,FALSE,FALSE,OPPORTUNITY,2644,26448,TRUE,large,Seasonal,,
S3-ADL3.test.csv@38.csv,TRUE,FALSE,TRUE,FALSE,FALSE,OPPORTUNITY,2644,26448,TRUE,large,Shapelet,,
S3-ADL3.test.csv@42.csv,FALSE,FALSE,TRUE,FALSE,FALSE,OPPORTUNITY,2644,26448,TRUE,large,Shapelet,,
S3-ADL3.test.csv@50.csv,TRUE,FALSE,TRUE,FALSE,FALSE,OPPORTUNITY,2644,26448,TRUE,large,Shapelet,,
S3-ADL3.test.csv@51.csv,FALSE,FALSE,TRUE,FALSE,FALSE,OPPORTUNITY,2644,26448,TRUE,large,Shapelet,,
S3-ADL3.test.csv@52.csv,FALSE,FALSE,TRUE,FALSE,FALSE,OPPORTUNITY,2644,26448,TRUE,large,Shapelet,,
S3-ADL3.test.csv@53.csv,FALSE,FALSE,TRUE,FALSE,FALSE,OPPORTUNITY,2644,26448,TRUE,large,Shapelet,,
S3-ADL3.test.csv@54.csv,FALSE,FALSE,TRUE,FALSE,FALSE,OPPORTUNITY,2644,26448,TRUE,large,Shapelet,,
A-2_2648.csv,FALSE,FALSE,TRUE,FALSE,FALSE,NASA-SMAP-new,2648,10562,TRUE,large,Shapelet,,
S3-ADL5.test.csv@103.csv,FALSE,FALSE,TRUE,FALSE,FALSE,OPPORTUNITY,2649,26495,TRUE,large,Seasonal,,
S3-ADL5.test.csv@104.csv,FALSE,FALSE,TRUE,FALSE,FALSE,OPPORTUNITY,2649,26495,TRUE,large,Seasonal,,
S3-ADL5.test.csv@108.csv,FALSE,FALSE,TRUE,FALSE,FALSE,OPPORTUNITY,2649,26495,TRUE,large,Seasonal,,
S3-ADL5.test.csv@120.csv,FALSE,FALSE,FALSE,FALSE,FALSE,OPPORTUNITY,2649,26495,TRUE,large,Seasonal,,
S3-ADL5.test.csv@124.csv,FALSE,FALSE,TRUE,FALSE,FALSE,OPPORTUNITY,2649,26495,TRUE,large,Seasonal,,
S3-ADL5.test.csv@126.csv,FALSE,FALSE,FALSE,FALSE,FALSE,OPPORTUNITY,2649,26495,TRUE,large,Seasonal,,
S4-ADL5.test.csv@4.csv,FALSE,FALSE,TRUE,TRUE,FALSE,OPPORTUNITY,2669,26693,TRUE,large,Shapelet,,
S4-ADL5.test.csv@5.csv,FALSE,FALSE,TRUE,TRUE,FALSE,OPPORTUNITY,2669,26693,TRUE,large,Shapelet,,
S4-ADL5.test.csv@6.csv,FALSE,FALSE,TRUE,TRUE,FALSE,OPPORTUNITY,2669,26693,TRUE,large,Shapelet,,
S3-ADL3.test.csv@103.csv,FALSE,FALSE,FALSE,FALSE,FALSE,OPPORTUNITY,2671,26717,TRUE,large,Shapelet,,
S3-ADL3.test.csv@104.csv,FALSE,FALSE,TRUE,FALSE,FALSE,OPPORTUNITY,2671,26717,TRUE,large,Shapelet,,
S3-ADL3.test.csv@108.csv,FALSE,FALSE,TRUE,FALSE,FALSE,OPPORTUNITY,2671,26717,TRUE,large,Shapelet,,
S3-ADL3.test.csv@109.csv,FALSE,FALSE,TRUE,TRUE,FALSE,OPPORTUNITY,2671,26717,TRUE,large,Shapelet,,
S3-ADL3.test.csv@120.csv,TRUE,FALSE,FALSE,FALSE,FALSE,OPPORTUNITY,2671,26717,TRUE,large,Shapelet,,
S3-ADL3.test.csv@126.csv,FALSE,FALSE,FALSE,FALSE,FALSE,OPPORTUNITY,2671,26717,TRUE,large,Shapelet,,
A-4_2690.csv,FALSE,FALSE,TRUE,TRUE,FALSE,NASA-SMAP-new,2690,10770,TRUE,large,Shapelet,,
031_UCR_Anomaly_DISTORTEDInternalBleeding20_2700_5759_5919.csv,FALSE,TRUE,TRUE,FALSE,FALSE,KDD21,2700,7500,TRUE,large,Seasonal,,
139_UCR_Anomaly_InternalBleeding20_2700_5759_5919.csv,FALSE,TRUE,TRUE,FALSE,FALSE,KDD21,2700,7500,TRUE,large,shapelet,,
054_UCR_Anomaly_DISTORTEDWalkingAceleration5_2700_5920_5979.csv,FALSE,FALSE,TRUE,FALSE,FALSE,KDD21,2700,6684,TRUE,large,Shapelet,,
162_UCR_Anomaly_WalkingAceleration5_2700_5920_5979.csv,FALSE,FALSE,TRUE,FALSE,FALSE,KDD21,2700,6684,TRUE,large,Shapelet,,
A-3_2736.csv,FALSE,FALSE,TRUE,TRUE,FALSE,NASA-SMAP-new,2736,10941,TRUE,large,Shapelet,,
S3-ADL4.test.csv@16.csv,FALSE,FALSE,TRUE,FALSE,FALSE,OPPORTUNITY,2739,27396,TRUE,large,Seasonal,,
S3-ADL4.test.csv@17.csv,TRUE,FALSE,TRUE,FALSE,FALSE,OPPORTUNITY,2739,27396,TRUE,large,Seasonal,,
S3-ADL2.test.csv@25.csv,FALSE,FALSE,TRUE,TRUE,FALSE,OPPORTUNITY,2744,27441,TRUE,large,Shapelet,,
S3-ADL2.test.csv@26.csv,FALSE,FALSE,TRUE,TRUE,FALSE,OPPORTUNITY,2744,27441,TRUE,large,Shapelet,,
S3-ADL2.test.csv@27.csv,FALSE,FALSE,TRUE,TRUE,FALSE,OPPORTUNITY,2744,27441,TRUE,large,Shapelet,,
S3-ADL2.test.csv@50.csv,TRUE,FALSE,TRUE,FALSE,FALSE,OPPORTUNITY,2745,27457,TRUE,large,mix,,
S3-ADL2.test.csv@51.csv,FALSE,FALSE,TRUE,TRUE,FALSE,OPPORTUNITY,2745,27457,TRUE,large,Seasonal,,
S3-ADL2.test.csv@53.csv,FALSE,FALSE,TRUE,TRUE,FALSE,OPPORTUNITY,2745,27457,TRUE,large,Seasonal,,
S3-ADL2.test.csv@54.csv,FALSE,FALSE,TRUE,TRUE,FALSE,OPPORTUNITY,2745,27457,TRUE,large,Shapelet,,
S3-ADL2.test.csv@55.csv,FALSE,FALSE,TRUE,TRUE,FALSE,OPPORTUNITY,2745,27457,TRUE,large,Shapelet,,
S3-ADL2.test.csv@63.csv,FALSE,FALSE,TRUE,FALSE,FALSE,OPPORTUNITY,2745,27457,TRUE,large,Shapelet,,
249_UCR_Anomaly_weallwalk_2753_8285_8315.csv,FALSE,FALSE,TRUE,FALSE,FALSE,KDD21,2753,10524,TRUE,large,Shapelet,,
S3-ADL4.test.csv@38.csv,TRUE,FALSE,TRUE,FALSE,FALSE,OPPORTUNITY,2754,27541,TRUE,large,Seasonal,,
S3-ADL4.test.csv@40.csv,FALSE,FALSE,TRUE,TRUE,FALSE,OPPORTUNITY,2754,27541,TRUE,large,Seasonal,,
S3-ADL4.test.csv@42.csv,FALSE,FALSE,TRUE,TRUE,FALSE,OPPORTUNITY,2754,27541,TRUE,large,Seasonal,,
S3-ADL4.test.csv@45.csv,FALSE,FALSE,TRUE,FALSE,FALSE,OPPORTUNITY,2754,27541,TRUE,large,Seasonal,,
S3-ADL4.test.csv@50.csv,TRUE,FALSE,FALSE,FALSE,FALSE,OPPORTUNITY,2754,27541,TRUE,large,Seasonal,,
S3-ADL4.test.csv@51.csv,FALSE,FALSE,TRUE,TRUE,FALSE,OPPORTUNITY,2754,27541,TRUE,large,Seasonal,,
S3-ADL4.test.csv@52.csv,FALSE,FALSE,TRUE,TRUE,FALSE,OPPORTUNITY,2754,27541,TRUE,large,Seasonal,,
S3-ADL4.test.csv@53.csv,FALSE,FALSE,TRUE,FALSE,FALSE,OPPORTUNITY,2754,27541,TRUE,large,Seasonal,,
S3-ADL4.test.csv@54.csv,FALSE,FALSE,TRUE,FALSE,FALSE,OPPORTUNITY,2754,27541,TRUE,large,Seasonal,,
S3-ADL4.test.csv@55.csv,FALSE,FALSE,TRUE,FALSE,FALSE,OPPORTUNITY,2754,27541,TRUE,large,Seasonal,,
S3-ADL4.test.csv@56.csv,FALSE,FALSE,TRUE,FALSE,FALSE,OPPORTUNITY,2754,27541,TRUE,large,Seasonal,,
S3-ADL4.test.csv@63.csv,TRUE,FALSE,TRUE,FALSE,FALSE,OPPORTUNITY,2754,27541,TRUE,large,Seasonal,,
S3-ADL4.test.csv@66.csv,FALSE,FALSE,TRUE,FALSE,FALSE,OPPORTUNITY,2754,27541,TRUE,large,Seasonal,,
S3-ADL4.test.csv@67.csv,FALSE,FALSE,TRUE,FALSE,FALSE,OPPORTUNITY,2754,27541,TRUE,large,Seasonal,,
S3-ADL4.test.csv@68.csv,FALSE,FALSE,TRUE,FALSE,FALSE,OPPORTUNITY,2754,27541,TRUE,large,Seasonal,,
S3-ADL4.test.csv@69.csv,FALSE,FALSE,TRUE,FALSE,FALSE,OPPORTUNITY,2754,27541,TRUE,large,Seasonal,,
S3-ADL4.test.csv@79.csv,FALSE,FALSE,TRUE,FALSE,FALSE,OPPORTUNITY,2754,27541,TRUE,large,Seasonal,,
S3-ADL4.test.csv@80.csv,FALSE,FALSE,TRUE,FALSE,FALSE,OPPORTUNITY,2754,27541,TRUE,large,Seasonal,,
S3-ADL4.test.csv@81.csv,FALSE,FALSE,TRUE,FALSE,FALSE,OPPORTUNITY,2754,27541,TRUE,large,Seasonal,,
S3-ADL4.test.csv@84.csv,FALSE,FALSE,TRUE,FALSE,FALSE,OPPORTUNITY,2754,27541,TRUE,large,Seasonal,,
S3-ADL4.test.csv@92.csv,FALSE,FALSE,TRUE,FALSE,FALSE,OPPORTUNITY,2754,27541,TRUE,large,Seasonal,,
S3-ADL4.test.csv@93.csv,FALSE,FALSE,TRUE,FALSE,FALSE,OPPORTUNITY,2754,27541,TRUE,large,Seasonal,,
S3-ADL4.test.csv@94.csv,FALSE,FALSE,TRUE,FALSE,FALSE,OPPORTUNITY,2754,27541,TRUE,large,Seasonal,,
S4-ADL2.test.csv@17.csv,FALSE,FALSE,TRUE,TRUE,FALSE,OPPORTUNITY,2756,27566,TRUE,large,mix,,
S4-ADL2.test.csv@16.csv,FALSE,FALSE,TRUE,TRUE,FALSE,OPPORTUNITY,2756,27566,TRUE,large,Seasonal,,
S4-ADL2.test.csv@38.csv,FALSE,FALSE,TRUE,TRUE,FALSE,OPPORTUNITY,2758,27588,TRUE,large,Shapelet,,
S4-ADL2.test.csv@42.csv,FALSE,FALSE,TRUE,FALSE,FALSE,OPPORTUNITY,2758,27588,TRUE,large,Shapelet,,
S4-ADL2.test.csv@77.csv,FALSE,FALSE,TRUE,FALSE,FALSE,OPPORTUNITY,2758,27588,TRUE,large,Shapelet,,
S4-ADL2.test.csv@79.csv,FALSE,FALSE,TRUE,TRUE,FALSE,OPPORTUNITY,2758,27588,TRUE,large,Shapelet,,
S4-ADL2.test.csv@81.csv,FALSE,FALSE,TRUE,FALSE,FALSE,OPPORTUNITY,2758,27588,TRUE,large,Shapelet,,
S3-ADL4.test.csv@103.csv,FALSE,FALSE,TRUE,FALSE,FALSE,OPPORTUNITY,2768,27681,TRUE,large,Seasonal,,
S3-ADL4.test.csv@108.csv,FALSE,FALSE,TRUE,FALSE,FALSE,OPPORTUNITY,2768,27681,TRUE,large,Seasonal,,
S3-ADL4.test.csv@109.csv,FALSE,FALSE,TRUE,FALSE,FALSE,OPPORTUNITY,2768,27681,TRUE,large,Seasonal,,
S3-ADL4.test.csv@110.csv,FALSE,FALSE,TRUE,FALSE,FALSE,OPPORTUNITY,2768,27681,TRUE,large,Seasonal,,
S3-ADL4.test.csv@120.csv,TRUE,FALSE,FALSE,FALSE,FALSE,OPPORTUNITY,2768,27681,TRUE,large,Seasonal,,
S3-ADL4.test.csv@124.csv,FALSE,FALSE,TRUE,FALSE,FALSE,OPPORTUNITY,2768,27681,TRUE,large,Seasonal,,
S3-ADL4.test.csv@125.csv,FALSE,FALSE,TRUE,FALSE,FALSE,OPPORTUNITY,2768,27681,TRUE,large,Seasonal,,
S3-ADL4.test.csv@126.csv,FALSE,FALSE,FALSE,FALSE,FALSE,OPPORTUNITY,2768,27681,TRUE,large,Seasonal,,
S3-ADL4.test.csv@129.csv,FALSE,FALSE,TRUE,FALSE,FALSE,OPPORTUNITY,2768,27681,TRUE,large,Seasonal,,
S3-ADL4.test.csv@130.csv,FALSE,FALSE,TRUE,FALSE,FALSE,OPPORTUNITY,2768,27681,TRUE,large,Seasonal,,
S3-ADL4.test.csv@132.csv,FALSE,FALSE,TRUE,FALSE,FALSE,OPPORTUNITY,2768,27681,TRUE,large,Seasonal,,
E-7_2769.csv,FALSE,FALSE,TRUE,FALSE,FALSE,NASA-SMAP-new,2769,11079,TRUE,large,Shapelet,,
S4-ADL2.test.csv@119.csv,FALSE,FALSE,TRUE,FALSE,FALSE,OPPORTUNITY,2773,27737,TRUE,large,Seasonal,,
S4-ADL2.test.csv@120.csv,FALSE,FALSE,TRUE,TRUE,FALSE,OPPORTUNITY,2773,27737,TRUE,large,Seasonal,,
S4-ADL2.test.csv@124.csv,FALSE,FALSE,TRUE,FALSE,FALSE,OPPORTUNITY,2773,27737,TRUE,large,Seasonal,,
S4-ADL2.test.csv@125.csv,FALSE,FALSE,TRUE,FALSE,FALSE,OPPORTUNITY,2773,27737,TRUE,large,Seasonal,,
S4-ADL2.test.csv@127.csv,FALSE,FALSE,TRUE,FALSE,FALSE,OPPORTUNITY,2773,27737,TRUE,large,Seasonal,,
S4-ADL2.test.csv@128.csv,FALSE,FALSE,TRUE,FALSE,FALSE,OPPORTUNITY,2773,27737,TRUE,large,Seasonal,,
S4-ADL2.test.csv@131.csv,FALSE,FALSE,TRUE,FALSE,FALSE,OPPORTUNITY,2773,27737,TRUE,large,Seasonal,,
025_UCR_Anomaly_DISTORTEDInternalBleeding14_2800_5607_5634.csv,FALSE,TRUE,TRUE,FALSE,FALSE,KDD21,2800,7501,TRUE,large,Shapelet,,
133_UCR_Anomaly_InternalBleeding14_2800_5607_5634.csv,FALSE,TRUE,TRUE,FALSE,FALSE,KDD21,2800,7501,TRUE,large,Shapelet,,
S4-ADL5.test.csv@31.csv,FALSE,FALSE,TRUE,TRUE,FALSE,OPPORTUNITY,2802,28023,TRUE,large,Shapelet,,
S4-ADL5.test.csv@32.csv,FALSE,FALSE,TRUE,FALSE,FALSE,OPPORTUNITY,2802,28023,TRUE,large,Shapelet,,
S-1_2818.csv,FALSE,FALSE,TRUE,TRUE,FALSE,NASA-SMAP-new,2818,10149,TRUE,large,Shapelet,,
G-1_2820.csv,FALSE,FALSE,TRUE,FALSE,FALSE,NASA-SMAP-new,2820,11289,TRUE,large,Shapelet,,
P-2_2821.csv,FALSE,FALSE,TRUE,FALSE,TRUE,NASA-SMAP-new,2821,11030,TRUE,large,Shapelet,,
machine-1-1.test.csv@23.csv,FALSE,TRUE,TRUE,TRUE,FALSE,SMD,2847,28479,TRUE,large,Seasonal,,
machine-1-1.test.csv@1.csv,FALSE,FALSE,TRUE,TRUE,FALSE,SMD,2847,28479,TRUE,large,Shapelet,,
machine-1-1.test.csv@10.csv,FALSE,FALSE,TRUE,FALSE,FALSE,SMD,2847,28479,TRUE,large,Shapelet,,
machine-1-1.test.csv@12.csv,FALSE,FALSE,TRUE,TRUE,FALSE,SMD,2847,28479,TRUE,large,Shapelet,,
machine-1-1.test.csv@14.csv,FALSE,FALSE,TRUE,FALSE,FALSE,SMD,2847,28479,TRUE,large,Shapelet,,
machine-1-1.test.csv@19.csv,FALSE,FALSE,TRUE,TRUE,FALSE,SMD,2847,28479,TRUE,large,Shapelet,,
machine-1-1.test.csv@20.csv,FALSE,FALSE,TRUE,TRUE,FALSE,SMD,2847,28479,TRUE,large,Shapelet,,
machine-1-1.test.csv@25.csv,FALSE,FALSE,TRUE,TRUE,FALSE,SMD,2847,28479,TRUE,large,Shapelet,,
machine-1-1.test.csv@28.csv,FALSE,FALSE,TRUE,TRUE,FALSE,SMD,2847,28479,TRUE,large,Shapelet,,
machine-1-1.test.csv@9.csv,FALSE,FALSE,TRUE,TRUE,FALSE,SMD,2847,28479,TRUE,large,Shapelet,,
machine-3-11.test.csv@10.csv,TRUE,TRUE,FALSE,FALSE,FALSE,SMD,2869,28696,TRUE,large,Shapelet,,
machine-3-11.test.csv@11.csv,TRUE,TRUE,FALSE,FALSE,FALSE,SMD,2869,28696,TRUE,large,Shapelet,,
machine-3-11.test.csv@12.csv,FALSE,FALSE,TRUE,TRUE,FALSE,SMD,2869,28696,TRUE,large,Shapelet,,
machine-3-11.test.csv@15.csv,FALSE,FALSE,TRUE,TRUE,FALSE,SMD,2869,28696,TRUE,large,Shapelet,,
machine-3-11.test.csv@16.csv,FALSE,FALSE,TRUE,TRUE,FALSE,SMD,2869,28696,TRUE,large,Shapelet,,
machine-3-11.test.csv@19.csv,FALSE,TRUE,TRUE,FALSE,FALSE,SMD,2869,28696,TRUE,large,Shapelet,,
machine-3-11.test.csv@20.csv,FALSE,TRUE,TRUE,TRUE,FALSE,SMD,2869,28696,TRUE,large,Shapelet,,
machine-3-11.test.csv@21.csv,FALSE,TRUE,TRUE,FALSE,FALSE,SMD,2869,28696,TRUE,large,Shapelet,,
machine-3-11.test.csv@22.csv,FALSE,TRUE,TRUE,TRUE,FALSE,SMD,2869,28696,TRUE,large,Shapelet,,
machine-3-11.test.csv@26.csv,FALSE,FALSE,TRUE,FALSE,FALSE,SMD,2869,28696,TRUE,large,Shapelet,,
machine-3-11.test.csv@28.csv,FALSE,TRUE,TRUE,FALSE,FALSE,SMD,2869,28696,TRUE,large,Shapelet,,
machine-3-11.test.csv@3.csv,FALSE,TRUE,FALSE,FALSE,FALSE,SMD,2869,28696,TRUE,large,Shapelet,,
machine-3-11.test.csv@31.csv,FALSE,TRUE,TRUE,TRUE,FALSE,SMD,2869,28696,TRUE,large,Shapelet,,
machine-3-11.test.csv@35.csv,FALSE,TRUE,TRUE,FALSE,FALSE,SMD,2869,28696,TRUE,large,Shapelet,,
machine-3-11.test.csv@36.csv,FALSE,TRUE,TRUE,FALSE,FALSE,SMD,2869,28696,TRUE,large,Shapelet,,
machine-3-11.test.csv@37.csv,FALSE,TRUE,FALSE,TRUE,FALSE,SMD,2869,28696,TRUE,large,Shapelet,,
machine-3-11.test.csv@4.csv,FALSE,TRUE,TRUE,FALSE,FALSE,SMD,2869,28696,TRUE,large,Shapelet,,
machine-3-11.test.csv@6.csv,FALSE,FALSE,FALSE,FALSE,TRUE,SMD,2869,28696,TRUE,large,Shapelet,,
F-1_2869.csv,FALSE,FALSE,TRUE,TRUE,FALSE,NASA-SMAP-new,2869,11453,TRUE,large,Shapelet,,
machine-3-7.test.csv@10.csv,FALSE,FALSE,TRUE,FALSE,FALSE,SMD,2870,28705,TRUE,large,Shapelet,,
machine-3-7.test.csv@6.csv,FALSE,FALSE,TRUE,TRUE,FALSE,SMD,2870,28705,TRUE,large,Shapelet,,
machine-3-7.test.csv@7.csv,FALSE,TRUE,TRUE,TRUE,FALSE,SMD,2870,28705,TRUE,large,Shapelet,,
machine-3-8.test.csv@1.csv,FALSE,FALSE,TRUE,FALSE,FALSE,SMD,2870,28704,TRUE,large,Shapelet,,
machine-3-8.test.csv@11.csv,FALSE,FALSE,TRUE,TRUE,FALSE,SMD,2870,28704,TRUE,large,Shapelet,,
machine-3-8.test.csv@16.csv,FALSE,FALSE,TRUE,TRUE,FALSE,SMD,2870,28704,TRUE,large,Shapelet,,
machine-3-8.test.csv@19.csv,FALSE,FALSE,TRUE,TRUE,FALSE,SMD,2870,28704,TRUE,large,Shapelet,,
machine-3-8.test.csv@20.csv,FALSE,FALSE,TRUE,TRUE,FALSE,SMD,2870,28704,TRUE,large,Shapelet,,
machine-3-8.test.csv@21.csv,FALSE,FALSE,TRUE,FALSE,FALSE,SMD,2870,28704,TRUE,large,Shapelet,,
machine-3-8.test.csv@22.csv,FALSE,FALSE,TRUE,FALSE,FALSE,SMD,2870,28704,TRUE,large,Shapelet,,
machine-3-8.test.csv@28.csv,FALSE,FALSE,TRUE,FALSE,FALSE,SMD,2870,28704,TRUE,large,Shapelet,,
machine-3-8.test.csv@3.csv,FALSE,FALSE,TRUE,FALSE,FALSE,SMD,2870,28704,TRUE,large,Shapelet,,
machine-3-8.test.csv@31.csv,FALSE,FALSE,TRUE,FALSE,FALSE,SMD,2870,28704,TRUE,large,Shapelet,,
machine-3-8.test.csv@32.csv,FALSE,FALSE,TRUE,TRUE,FALSE,SMD,2870,28704,TRUE,large,Shapelet,,
machine-3-8.test.csv@35.csv,FALSE,FALSE,TRUE,FALSE,FALSE,SMD,2870,28704,TRUE,large,Shapelet,,
machine-3-8.test.csv@36.csv,FALSE,FALSE,TRUE,TRUE,FALSE,SMD,2870,28704,TRUE,large,Shapelet,,
machine-3-8.test.csv@4.csv,FALSE,FALSE,TRUE,TRUE,FALSE,SMD,2870,28704,TRUE,large,Shapelet,,
machine-3-1.test.csv@30.csv,FALSE,FALSE,TRUE,FALSE,FALSE,SMD,2870,28700,TRUE,large,Seasonal,,
machine-3-1.test.csv@14.csv,FALSE,FALSE,TRUE,TRUE,FALSE,SMD,2870,28700,TRUE,large,Shapelet,,
machine-3-1.test.csv@20.csv,FALSE,TRUE,TRUE,FALSE,FALSE,SMD,2870,28700,TRUE,large,Shapelet,,
machine-3-1.test.csv@35.csv,FALSE,FALSE,TRUE,FALSE,FALSE,SMD,2870,28700,TRUE,large,Shapelet,,
machine-3-1.test.csv@36.csv,FALSE,FALSE,TRUE,TRUE,FALSE,SMD,2870,28700,TRUE,large,Shapelet,,
machine-3-9.test.csv@20.csv,FALSE,TRUE,TRUE,TRUE,FALSE,SMD,2871,28713,TRUE,large,Shapelet,,
machine-3-9.test.csv@21.csv,FALSE,TRUE,TRUE,TRUE,FALSE,SMD,2871,28713,TRUE,large,Shapelet,,
machine-3-9.test.csv@25.csv,FALSE,FALSE,TRUE,FALSE,FALSE,SMD,2871,28713,TRUE,large,Shapelet,,
machine-3-9.test.csv@31.csv,FALSE,TRUE,TRUE,FALSE,FALSE,SMD,2871,28713,TRUE,large,Shapelet,,
machine-3-9.test.csv@35.csv,FALSE,FALSE,TRUE,FALSE,FALSE,SMD,2871,28713,TRUE,large,Shapelet,,
machine-3-9.test.csv@36.csv,FALSE,FALSE,TRUE,FALSE,FALSE,SMD,2871,28713,TRUE,large,Shapelet,,
machine-3-6.test.csv@1.csv,FALSE,TRUE,TRUE,TRUE,FALSE,SMD,2872,28726,TRUE,large,Shapelet,,
machine-3-6.test.csv@12.csv,FALSE,FALSE,FALSE,TRUE,TRUE,SMD,2872,28726,TRUE,large,Shapelet,,
machine-3-6.test.csv@13.csv,FALSE,FALSE,FALSE,FALSE,TRUE,SMD,2872,28726,TRUE,large,Shapelet,,
machine-3-6.test.csv@14.csv,FALSE,FALSE,TRUE,TRUE,FALSE,SMD,2872,28726,TRUE,large,Shapelet,,
machine-3-6.test.csv@15.csv,FALSE,FALSE,TRUE,FALSE,FALSE,SMD,2872,28726,TRUE,large,Shapelet,,
machine-3-6.test.csv@20.csv,FALSE,TRUE,TRUE,TRUE,FALSE,SMD,2872,28726,TRUE,large,Shapelet,,
machine-3-6.test.csv@22.csv,FALSE,TRUE,TRUE,TRUE,FALSE,SMD,2872,28726,TRUE,large,Shapelet,,
machine-3-6.test.csv@24.csv,FALSE,FALSE,TRUE,TRUE,FALSE,SMD,2872,28726,TRUE,large,Shapelet,,
machine-3-6.test.csv@31.csv,FALSE,TRUE,TRUE,TRUE,FALSE,SMD,2872,28726,TRUE,large,Shapelet,,
machine-3-6.test.csv@32.csv,FALSE,TRUE,TRUE,TRUE,FALSE,SMD,2872,28726,TRUE,large,Shapelet,,
machine-3-6.test.csv@36.csv,FALSE,TRUE,TRUE,TRUE,FALSE,SMD,2872,28726,TRUE,large,Shapelet,,
machine-3-6.test.csv@4.csv,FALSE,TRUE,TRUE,TRUE,FALSE,SMD,2872,28726,TRUE,large,Shapelet,,
machine-3-6.test.csv@7.csv,FALSE,FALSE,TRUE,FALSE,FALSE,SMD,2872,28726,TRUE,large,Shapelet,,
machine-3-6.test.csv@9.csv,FALSE,FALSE,TRUE,TRUE,FALSE,SMD,2872,28726,TRUE,large,Shapelet,,
machine-2-9.test.csv@26.csv,FALSE,FALSE,TRUE,TRUE,FALSE,SMD,2872,28722,TRUE,large,Shapelet,,
P-1_2872.csv,FALSE,FALSE,TRUE,TRUE,FALSE,NASA-SMAP-new,2872,11377,TRUE,large,Shapelet,,
machine-2-6.test.csv@1.csv,FALSE,FALSE,TRUE,FALSE,FALSE,SMD,2874,28743,TRUE,large,Shapelet,,
machine-2-6.test.csv@11.csv,FALSE,FALSE,TRUE,TRUE,FALSE,SMD,2874,28743,TRUE,large,Shapelet,,
machine-2-6.test.csv@15.csv,FALSE,FALSE,TRUE,FALSE,FALSE,SMD,2874,28743,TRUE,large,Shapelet,,
machine-2-6.test.csv@16.csv,FALSE,FALSE,TRUE,FALSE,FALSE,SMD,2874,28743,TRUE,large,Shapelet,,
machine-2-6.test.csv@2.csv,FALSE,FALSE,TRUE,TRUE,FALSE,SMD,2874,28743,TRUE,large,Shapelet,,
machine-2-6.test.csv@31.csv,FALSE,TRUE,TRUE,TRUE,FALSE,SMD,2874,28743,TRUE,large,Shapelet,,
machine-2-6.test.csv@7.csv,FALSE,FALSE,TRUE,FALSE,FALSE,SMD,2874,28743,TRUE,large,Shapelet,,
R-1_2874.csv,FALSE,FALSE,TRUE,FALSE,FALSE,NASA-SMAP-new,2874,10118,TRUE,large,Shapelet,,
T-3_2876.csv,FALSE,FALSE,TRUE,FALSE,FALSE,NASA-SMAP-new,2876,11455,TRUE,large,Shapelet,,
S01R02E0.test.csv@1.csv,FALSE,FALSE,TRUE,TRUE,FALSE,Daphnet,2880,28800,TRUE,large,Shapelet,,
S01R02E0.test.csv@4.csv,FALSE,FALSE,TRUE,TRUE,FALSE,Daphnet,2880,28800,TRUE,large,Shapelet,,
S01R02E0.test.csv@6.csv,FALSE,FALSE,TRUE,TRUE,FALSE,Daphnet,2880,28800,TRUE,large,Shapelet,,
A-1_2880.csv,FALSE,FALSE,TRUE,FALSE,FALSE,NASA-SMAP-new,2880,11520,TRUE,large,Shapelet,,
E-13_2880.csv,FALSE,FALSE,TRUE,TRUE,FALSE,NASA-SMAP-new,2880,11520,TRUE,large,Shapelet,,
E-8_2880.csv,FALSE,FALSE,TRUE,TRUE,FALSE,NASA-SMAP-new,2880,11412,TRUE,large,Shapelet,,
E-1_2880.csv,FALSE,FALSE,TRUE,FALSE,FALSE,NASA-SMAP-new,2880,11396,TRUE,large,mix,,
E-11_2880.csv,FALSE,FALSE,TRUE,FALSE,FALSE,NASA-SMAP-new,2880,11394,TRUE,large,Seasonal,,
E-12_2880.csv,FALSE,FALSE,TRUE,FALSE,FALSE,NASA-SMAP-new,2880,11392,TRUE,large,mix,,
E-10_2880.csv,FALSE,FALSE,TRUE,FALSE,FALSE,NASA-SMAP-new,2880,11385,TRUE,large,Seasonal,,
F-3_2880.csv,TRUE,FALSE,FALSE,FALSE,FALSE,NASA-SMAP-new,2880,11256,TRUE,large,Trend,,
E-9_2880.csv,FALSE,FALSE,TRUE,FALSE,TRUE,NASA-SMAP-new,2880,11182,TRUE,large,Shapelet,,
E-6_2880.csv,FALSE,FALSE,TRUE,FALSE,FALSE,NASA-SMAP-new,2880,11180,TRUE,large,Shapelet,,
E-5_2880.csv,FALSE,FALSE,TRUE,FALSE,TRUE,NASA-SMAP-new,2880,11174,TRUE,large,Shapelet,,
P-14_2880.csv,TRUE,FALSE,FALSE,FALSE,FALSE,NASA-MSL-new,2880,8980,TRUE,large,Shapelet,,
G-6_2881.csv,TRUE,FALSE,FALSE,FALSE,FALSE,NASA-SMAP-new,2881,11521,TRUE,large,Trend,,
250_UCR_Anomaly_weallwalk_2951_7290_7296.csv,FALSE,FALSE,TRUE,FALSE,FALSE,KDD21,2951,10468,TRUE,large,Shapelet,,
065_UCR_Anomaly_DISTORTEDinsectEPG1_3000_7000_7030.csv,FALSE,FALSE,TRUE,FALSE,FALSE,KDD21,3000,10001,TRUE,large,Shapelet,,
173_UCR_Anomaly_insectEPG1_3000_7000_7030.csv,FALSE,FALSE,TRUE,FALSE,FALSE,KDD21,3000,10001,TRUE,large,Shapelet,,
030_UCR_Anomaly_DISTORTEDInternalBleeding19_3000_4187_4197.csv,FALSE,TRUE,TRUE,FALSE,FALSE,KDD21,3000,7500,TRUE,large,Shapelet,,
138_UCR_Anomaly_InternalBleeding19_3000_4187_4197.csv,FALSE,TRUE,TRUE,FALSE,FALSE,KDD21,3000,7500,TRUE,large,Shapelet,,
S2-ADL2.test.csv@101.csv,FALSE,FALSE,TRUE,TRUE,FALSE,OPPORTUNITY,3001,30010,TRUE,large,Shapelet,,
S2-ADL2.test.csv@38.csv,TRUE,FALSE,TRUE,TRUE,FALSE,OPPORTUNITY,3001,30010,TRUE,large,Shapelet,,
S2-ADL2.test.csv@40.csv,FALSE,FALSE,TRUE,TRUE,FALSE,OPPORTUNITY,3001,30010,TRUE,large,Shapelet,,
S2-ADL2.test.csv@54.csv,FALSE,FALSE,TRUE,FALSE,FALSE,OPPORTUNITY,3001,30010,TRUE,large,Shapelet,,
S2-ADL2.test.csv@55.csv,FALSE,FALSE,TRUE,FALSE,FALSE,OPPORTUNITY,3001,30010,TRUE,large,Shapelet,,
S2-ADL2.test.csv@65.csv,FALSE,FALSE,TRUE,TRUE,FALSE,OPPORTUNITY,3001,30010,TRUE,large,Shapelet,,
S2-ADL2.test.csv@66.csv,FALSE,FALSE,TRUE,TRUE,FALSE,OPPORTUNITY,3001,30010,TRUE,large,Shapelet,,
S2-ADL2.test.csv@68.csv,FALSE,FALSE,TRUE,FALSE,FALSE,OPPORTUNITY,3001,30010,TRUE,large,Shapelet,,
S2-ADL2.test.csv@76.csv,FALSE,FALSE,TRUE,FALSE,FALSE,OPPORTUNITY,3001,30010,TRUE,large,Shapelet,,
S2-ADL2.test.csv@77.csv,FALSE,FALSE,TRUE,TRUE,FALSE,OPPORTUNITY,3001,30010,TRUE,large,Shapelet,,
S2-ADL2.test.csv@79.csv,FALSE,FALSE,TRUE,FALSE,FALSE,OPPORTUNITY,3001,30010,TRUE,large,Shapelet,,
S2-ADL2.test.csv@81.csv,FALSE,FALSE,TRUE,FALSE,FALSE,OPPORTUNITY,3001,30010,TRUE,large,Shapelet,,
S2-ADL2.test.csv@89.csv,FALSE,FALSE,TRUE,FALSE,FALSE,OPPORTUNITY,3001,30010,TRUE,large,Shapelet,,
S2-ADL2.test.csv@91.csv,FALSE,FALSE,TRUE,FALSE,FALSE,OPPORTUNITY,3001,30010,TRUE,large,Shapelet,,
S2-ADL2.test.csv@92.csv,FALSE,FALSE,TRUE,FALSE,FALSE,OPPORTUNITY,3001,30010,TRUE,large,Shapelet,,
S2-ADL2.test.csv@93.csv,FALSE,FALSE,TRUE,FALSE,FALSE,OPPORTUNITY,3001,30010,TRUE,large,Shapelet,,
S2-ADL2.test.csv@94.csv,FALSE,FALSE,TRUE,FALSE,FALSE,OPPORTUNITY,3001,30010,TRUE,large,Shapelet,,
S2-ADL2.test.csv@96.csv,TRUE,FALSE,TRUE,FALSE,FALSE,OPPORTUNITY,3001,30010,TRUE,large,Shapelet,,
S2-ADL2.test.csv@98.csv,FALSE,FALSE,FALSE,FALSE,FALSE,OPPORTUNITY,3001,30010,TRUE,large,Shapelet,,
S1-ADL5.test.csv@16.csv,TRUE,FALSE,TRUE,TRUE,FALSE,OPPORTUNITY,3002,30023,TRUE,large,Shapelet,,
S1-ADL5.test.csv@17.csv,FALSE,FALSE,TRUE,TRUE,FALSE,OPPORTUNITY,3002,30023,TRUE,large,Shapelet,,
S1-ADL5.test.csv@18.csv,TRUE,FALSE,TRUE,FALSE,FALSE,OPPORTUNITY,3002,30023,TRUE,large,Shapelet,,
S1-ADL5.test.csv@38.csv,TRUE,FALSE,FALSE,FALSE,FALSE,OPPORTUNITY,3004,30048,TRUE,large,Shapelet,,
S1-ADL5.test.csv@39.csv,FALSE,FALSE,TRUE,FALSE,FALSE,OPPORTUNITY,3004,30048,TRUE,large,Shapelet,,
S1-ADL5.test.csv@40.csv,FALSE,FALSE,TRUE,TRUE,FALSE,OPPORTUNITY,3004,30048,TRUE,large,Shapelet,,
S1-ADL5.test.csv@41.csv,FALSE,FALSE,TRUE,TRUE,FALSE,OPPORTUNITY,3004,30048,TRUE,large,Shapelet,,
S1-ADL5.test.csv@42.csv,FALSE,FALSE,TRUE,TRUE,FALSE,OPPORTUNITY,3004,30048,TRUE,large,Shapelet,,
S1-ADL5.test.csv@44.csv,FALSE,FALSE,TRUE,FALSE,FALSE,OPPORTUNITY,3004,30048,TRUE,large,Shapelet,,
S1-ADL5.test.csv@45.csv,FALSE,FALSE,TRUE,FALSE,FALSE,OPPORTUNITY,3004,30048,TRUE,large,Shapelet,,
S1-ADL5.test.csv@47.csv,FALSE,FALSE,TRUE,FALSE,FALSE,OPPORTUNITY,3004,30048,TRUE,large,Shapelet,,
S1-ADL5.test.csv@49.csv,FALSE,FALSE,TRUE,FALSE,FALSE,OPPORTUNITY,3004,30048,TRUE,large,Shapelet,,
S1-ADL5.test.csv@52.csv,FALSE,FALSE,TRUE,FALSE,FALSE,OPPORTUNITY,3004,30048,TRUE,large,Shapelet,,
S1-ADL5.test.csv@53.csv,FALSE,FALSE,TRUE,TRUE,FALSE,OPPORTUNITY,3004,30048,TRUE,large,Shapelet,,
S1-ADL5.test.csv@54.csv,FALSE,FALSE,TRUE,TRUE,FALSE,OPPORTUNITY,3004,30048,TRUE,large,Shapelet,,
S1-ADL5.test.csv@55.csv,FALSE,FALSE,TRUE,TRUE,FALSE,OPPORTUNITY,3004,30048,TRUE,large,Shapelet,,
S1-ADL5.test.csv@66.csv,FALSE,FALSE,TRUE,TRUE,FALSE,OPPORTUNITY,3004,30048,TRUE,large,Shapelet,,
S1-ADL5.test.csv@67.csv,FALSE,FALSE,TRUE,TRUE,FALSE,OPPORTUNITY,3004,30048,TRUE,large,Shapelet,,
S1-ADL5.test.csv@68.csv,FALSE,FALSE,TRUE,FALSE,FALSE,OPPORTUNITY,3004,30048,TRUE,large,Shapelet,,
S1-ADL5.test.csv@71.csv,FALSE,FALSE,TRUE,FALSE,FALSE,OPPORTUNITY,3004,30048,TRUE,large,Shapelet,,
S1-ADL5.test.csv@76.csv,FALSE,FALSE,TRUE,TRUE,FALSE,OPPORTUNITY,3004,30048,TRUE,large,Shapelet,,
S1-ADL5.test.csv@77.csv,FALSE,FALSE,TRUE,FALSE,FALSE,OPPORTUNITY,3004,30048,TRUE,large,Shapelet,,
S1-ADL5.test.csv@78.csv,FALSE,FALSE,TRUE,FALSE,FALSE,OPPORTUNITY,3004,30048,TRUE,large,Shapelet,,
S1-ADL5.test.csv@79.csv,FALSE,FALSE,TRUE,TRUE,FALSE,OPPORTUNITY,3004,30048,TRUE,large,Shapelet,,
S1-ADL5.test.csv@80.csv,FALSE,FALSE,TRUE,TRUE,FALSE,OPPORTUNITY,3004,30048,TRUE,large,Shapelet,,
S1-ADL5.test.csv@81.csv,FALSE,FALSE,TRUE,TRUE,FALSE,OPPORTUNITY,3004,30048,TRUE,large,Shapelet,,
S1-ADL5.test.csv@82.csv,FALSE,FALSE,TRUE,FALSE,FALSE,OPPORTUNITY,3004,30048,TRUE,large,Shapelet,,
S1-ADL5.test.csv@83.csv,FALSE,FALSE,TRUE,FALSE,FALSE,OPPORTUNITY,3004,30048,TRUE,large,Shapelet,,
S1-ADL5.test.csv@89.csv,FALSE,FALSE,TRUE,TRUE,FALSE,OPPORTUNITY,3004,30048,TRUE,large,Shapelet,,
S1-ADL5.test.csv@90.csv,FALSE,FALSE,TRUE,TRUE,FALSE,OPPORTUNITY,3004,30048,TRUE,large,Shapelet,,
S1-ADL5.test.csv@92.csv,FALSE,FALSE,TRUE,TRUE,FALSE,OPPORTUNITY,3004,30048,TRUE,large,Shapelet,,
S1-ADL5.test.csv@93.csv,FALSE,FALSE,TRUE,TRUE,FALSE,OPPORTUNITY,3004,30048,TRUE,large,Shapelet,,
S1-ADL5.test.csv@94.csv,FALSE,FALSE,TRUE,FALSE,FALSE,OPPORTUNITY,3004,30048,TRUE,large,Shapelet,,
S1-ADL5.test.csv@103.csv,FALSE,FALSE,TRUE,FALSE,FALSE,OPPORTUNITY,3012,30127,TRUE,large,Shapelet,,
S1-ADL5.test.csv@104.csv,FALSE,FALSE,TRUE,FALSE,FALSE,OPPORTUNITY,3012,30127,TRUE,large,Shapelet,,
S1-ADL5.test.csv@106.csv,FALSE,FALSE,TRUE,FALSE,FALSE,OPPORTUNITY,3012,30127,TRUE,large,Shapelet,,
S1-ADL5.test.csv@108.csv,FALSE,FALSE,TRUE,FALSE,FALSE,OPPORTUNITY,3012,30127,TRUE,large,Shapelet,,
S1-ADL5.test.csv@109.csv,FALSE,FALSE,TRUE,FALSE,FALSE,OPPORTUNITY,3012,30127,TRUE,large,Shapelet,,
S1-ADL5.test.csv@110.csv,FALSE,FALSE,TRUE,TRUE,FALSE,OPPORTUNITY,3012,30127,TRUE,large,Shapelet,,
S1-ADL5.test.csv@111.csv,FALSE,FALSE,TRUE,FALSE,FALSE,OPPORTUNITY,3012,30127,TRUE,large,Shapelet,,
S1-ADL5.test.csv@112.csv,FALSE,FALSE,TRUE,TRUE,FALSE,OPPORTUNITY,3012,30127,TRUE,large,Shapelet,,
S1-ADL5.test.csv@113.csv,FALSE,FALSE,TRUE,FALSE,FALSE,OPPORTUNITY,3012,30127,TRUE,large,Shapelet,,
S1-ADL5.test.csv@114.csv,FALSE,FALSE,TRUE,TRUE,FALSE,OPPORTUNITY,3012,30127,TRUE,large,Shapelet,,
S1-ADL5.test.csv@115.csv,FALSE,FALSE,TRUE,FALSE,FALSE,OPPORTUNITY,3012,30127,TRUE,large,Shapelet,,
S1-ADL5.test.csv@116.csv,FALSE,FALSE,TRUE,FALSE,FALSE,OPPORTUNITY,3012,30127,TRUE,large,Shapelet,,
S1-ADL5.test.csv@119.csv,FALSE,FALSE,TRUE,FALSE,FALSE,OPPORTUNITY,3012,30127,TRUE,large,Shapelet,,
S1-ADL5.test.csv@120.csv,FALSE,FALSE,TRUE,FALSE,FALSE,OPPORTUNITY,3012,30127,TRUE,large,Shapelet,,
S1-ADL5.test.csv@122.csv,FALSE,FALSE,TRUE,FALSE,FALSE,OPPORTUNITY,3012,30127,TRUE,large,Shapelet,,
S1-ADL5.test.csv@124.csv,FALSE,FALSE,TRUE,FALSE,FALSE,OPPORTUNITY,3012,30127,TRUE,large,Shapelet,,
S1-ADL5.test.csv@125.csv,FALSE,FALSE,TRUE,FALSE,FALSE,OPPORTUNITY,3012,30127,TRUE,large,Shapelet,,
S1-ADL5.test.csv@126.csv,FALSE,FALSE,TRUE,FALSE,FALSE,OPPORTUNITY,3012,30127,TRUE,large,Shapelet,,
S1-ADL5.test.csv@127.csv,FALSE,FALSE,TRUE,FALSE,FALSE,OPPORTUNITY,3012,30127,TRUE,large,Shapelet,,
S1-ADL5.test.csv@128.csv,FALSE,FALSE,TRUE,TRUE,FALSE,OPPORTUNITY,3012,30127,TRUE,large,Shapelet,,
S1-ADL5.test.csv@129.csv,FALSE,FALSE,TRUE,TRUE,FALSE,OPPORTUNITY,3012,30127,TRUE,large,Shapelet,,
S1-ADL5.test.csv@130.csv,FALSE,FALSE,TRUE,TRUE,FALSE,OPPORTUNITY,3012,30127,TRUE,large,Shapelet,,
S1-ADL5.test.csv@131.csv,FALSE,FALSE,TRUE,FALSE,FALSE,OPPORTUNITY,3012,30127,TRUE,large,Shapelet,,
S1-ADL5.test.csv@132.csv,FALSE,FALSE,TRUE,TRUE,FALSE,OPPORTUNITY,3012,30127,TRUE,large,Shapelet,,
S2-ADL2.test.csv@103.csv,FALSE,FALSE,TRUE,TRUE,FALSE,OPPORTUNITY,3018,30182,TRUE,large,Shapelet,,
S2-ADL2.test.csv@104.csv,FALSE,FALSE,TRUE,TRUE,FALSE,OPPORTUNITY,3018,30182,TRUE,large,Shapelet,,
S2-ADL2.test.csv@108.csv,FALSE,FALSE,TRUE,FALSE,FALSE,OPPORTUNITY,3018,30182,TRUE,large,Shapelet,,
S2-ADL2.test.csv@109.csv,FALSE,FALSE,TRUE,FALSE,FALSE,OPPORTUNITY,3018,30182,TRUE,large,Shapelet,,
S2-ADL2.test.csv@110.csv,FALSE,FALSE,TRUE,FALSE,FALSE,OPPORTUNITY,3018,30182,TRUE,large,Shapelet,,
S2-ADL2.test.csv@119.csv,FALSE,FALSE,TRUE,TRUE,FALSE,OPPORTUNITY,3018,30182,TRUE,large,Shapelet,,
S2-ADL2.test.csv@120.csv,FALSE,FALSE,TRUE,FALSE,FALSE,OPPORTUNITY,3018,30182,TRUE,large,Shapelet,,
S2-ADL2.test.csv@124.csv,FALSE,FALSE,TRUE,FALSE,FALSE,OPPORTUNITY,3018,30182,TRUE,large,Shapelet,,
S2-ADL2.test.csv@125.csv,FALSE,FALSE,TRUE,FALSE,FALSE,OPPORTUNITY,3018,30182,TRUE,large,Shapelet,,
S2-ADL2.test.csv@126.csv,FALSE,FALSE,TRUE,FALSE,FALSE,OPPORTUNITY,3018,30182,TRUE,large,Shapelet,,
S4-ADL5.test.csv@16.csv,FALSE,FALSE,TRUE,FALSE,FALSE,OPPORTUNITY,3022,30222,TRUE,large,Shapelet,,
S4-ADL5.test.csv@17.csv,FALSE,FALSE,TRUE,TRUE,FALSE,OPPORTUNITY,3022,30222,TRUE,large,Shapelet,,
S4-ADL5.test.csv@38.csv,FALSE,FALSE,TRUE,FALSE,FALSE,OPPORTUNITY,3024,30249,TRUE,large,Shapelet,,
S4-ADL5.test.csv@39.csv,FALSE,FALSE,TRUE,TRUE,FALSE,OPPORTUNITY,3024,30249,TRUE,large,Shapelet,,
S4-ADL5.test.csv@40.csv,FALSE,FALSE,TRUE,TRUE,FALSE,OPPORTUNITY,3024,30249,TRUE,large,Shapelet,,
S4-ADL5.test.csv@42.csv,FALSE,FALSE,TRUE,FALSE,FALSE,OPPORTUNITY,3024,30249,TRUE,large,Shapelet,,
S4-ADL5.test.csv@52.csv,FALSE,FALSE,TRUE,FALSE,FALSE,OPPORTUNITY,3024,30249,TRUE,large,Shapelet,,
S4-ADL5.test.csv@53.csv,FALSE,FALSE,TRUE,TRUE,FALSE,OPPORTUNITY,3024,30249,TRUE,large,Shapelet,,
S4-ADL5.test.csv@54.csv,FALSE,FALSE,TRUE,TRUE,FALSE,OPPORTUNITY,3024,30249,TRUE,large,Shapelet,,
S4-ADL5.test.csv@55.csv,FALSE,FALSE,TRUE,TRUE,FALSE,OPPORTUNITY,3024,30249,TRUE,large,Shapelet,,
S4-ADL5.test.csv@65.csv,FALSE,FALSE,TRUE,FALSE,FALSE,OPPORTUNITY,3024,30249,TRUE,large,Shapelet,,
S4-ADL5.test.csv@68.csv,FALSE,FALSE,TRUE,TRUE,FALSE,OPPORTUNITY,3024,30249,TRUE,large,Shapelet,,
S4-ADL5.test.csv@77.csv,FALSE,FALSE,TRUE,FALSE,FALSE,OPPORTUNITY,3024,30249,TRUE,large,Shapelet,,
S4-ADL5.test.csv@79.csv,FALSE,FALSE,TRUE,TRUE,FALSE,OPPORTUNITY,3024,30249,TRUE,large,Shapelet,,
S4-ADL5.test.csv@81.csv,FALSE,FALSE,TRUE,TRUE,FALSE,OPPORTUNITY,3024,30249,TRUE,large,Shapelet,,
S4-ADL5.test.csv@89.csv,FALSE,FALSE,TRUE,TRUE,FALSE,OPPORTUNITY,3024,30249,TRUE,large,Shapelet,,
S4-ADL5.test.csv@91.csv,FALSE,FALSE,TRUE,FALSE,FALSE,OPPORTUNITY,3024,30249,TRUE,large,Shapelet,,
S4-ADL5.test.csv@92.csv,FALSE,FALSE,TRUE,TRUE,FALSE,OPPORTUNITY,3024,30249,TRUE,large,Shapelet,,
S4-ADL5.test.csv@94.csv,FALSE,FALSE,TRUE,TRUE,FALSE,OPPORTUNITY,3024,30249,TRUE,large,Shapelet,,
S4-ADL5.test.csv@96.csv,FALSE,FALSE,TRUE,FALSE,FALSE,OPPORTUNITY,3024,30249,TRUE,large,Shapelet,,
S4-ADL5.test.csv@128.csv,FALSE,FALSE,TRUE,TRUE,FALSE,OPPORTUNITY,3052,30527,TRUE,large,mix,,
S4-ADL5.test.csv@129.csv,FALSE,FALSE,TRUE,FALSE,FALSE,OPPORTUNITY,3052,30527,TRUE,large,mix,,
S4-ADL5.test.csv@125.csv,FALSE,FALSE,TRUE,FALSE,FALSE,OPPORTUNITY,3052,30527,TRUE,large,Seasonal,,
S4-ADL5.test.csv@108.csv,FALSE,FALSE,TRUE,FALSE,FALSE,OPPORTUNITY,3052,30527,TRUE,large,Shapelet,,
S4-ADL5.test.csv@118.csv,FALSE,FALSE,TRUE,FALSE,FALSE,OPPORTUNITY,3052,30527,TRUE,large,Shapelet,,
S4-ADL5.test.csv@120.csv,FALSE,FALSE,TRUE,FALSE,FALSE,OPPORTUNITY,3052,30527,TRUE,large,Shapelet,,
S4-ADL5.test.csv@124.csv,FALSE,FALSE,TRUE,FALSE,FALSE,OPPORTUNITY,3052,30527,TRUE,large,Shapelet,,
S4-ADL5.test.csv@126.csv,FALSE,FALSE,TRUE,FALSE,FALSE,OPPORTUNITY,3052,30527,TRUE,large,Shapelet,,
S4-ADL5.test.csv@127.csv,FALSE,FALSE,TRUE,FALSE,FALSE,OPPORTUNITY,3052,30527,TRUE,large,Shapelet,,
S4-ADL5.test.csv@130.csv,FALSE,FALSE,TRUE,TRUE,FALSE,OPPORTUNITY,3052,30527,TRUE,large,Shapelet,,
S4-ADL5.test.csv@131.csv,FALSE,FALSE,TRUE,FALSE,FALSE,OPPORTUNITY,3052,30527,TRUE,large,Shapelet,,
S4-ADL5.test.csv@132.csv,FALSE,FALSE,TRUE,FALSE,FALSE,OPPORTUNITY,3052,30527,TRUE,large,Shapelet,,
S2-ADL5.test.csv@40.csv,FALSE,FALSE,TRUE,FALSE,FALSE,OPPORTUNITY,3131,31313,TRUE,large,Shapelet,,
S2-ADL5.test.csv@53.csv,FALSE,FALSE,TRUE,TRUE,FALSE,OPPORTUNITY,3131,31313,TRUE,large,Shapelet,,
S2-ADL5.test.csv@66.csv,FALSE,FALSE,TRUE,FALSE,FALSE,OPPORTUNITY,3131,31313,TRUE,large,Shapelet,,
S2-ADL5.test.csv@78.csv,FALSE,FALSE,TRUE,TRUE,FALSE,OPPORTUNITY,3131,31313,TRUE,large,Shapelet,,
S2-ADL5.test.csv@79.csv,FALSE,FALSE,TRUE,FALSE,FALSE,OPPORTUNITY,3131,31313,TRUE,large,Shapelet,,
S2-ADL5.test.csv@80.csv,FALSE,FALSE,TRUE,FALSE,FALSE,OPPORTUNITY,3131,31313,TRUE,large,Shapelet,,
S2-ADL5.test.csv@81.csv,FALSE,FALSE,TRUE,FALSE,FALSE,OPPORTUNITY,3131,31313,TRUE,large,Shapelet,,
S2-ADL5.test.csv@89.csv,FALSE,FALSE,TRUE,FALSE,FALSE,OPPORTUNITY,3131,31313,TRUE,large,Shapelet,,
S2-ADL5.test.csv@90.csv,FALSE,FALSE,TRUE,TRUE,FALSE,OPPORTUNITY,3131,31313,TRUE,large,Shapelet,,
S2-ADL5.test.csv@91.csv,FALSE,FALSE,TRUE,FALSE,FALSE,OPPORTUNITY,3131,31313,TRUE,large,Shapelet,,
S2-ADL5.test.csv@92.csv,FALSE,FALSE,TRUE,FALSE,FALSE,OPPORTUNITY,3131,31313,TRUE,large,Shapelet,,
S2-ADL5.test.csv@93.csv,FALSE,FALSE,TRUE,FALSE,FALSE,OPPORTUNITY,3131,31313,TRUE,large,Shapelet,,
S2-ADL5.test.csv@94.csv,FALSE,FALSE,TRUE,FALSE,FALSE,OPPORTUNITY,3131,31313,TRUE,large,Shapelet,,
S2-ADL5.test.csv@98.csv,TRUE,FALSE,TRUE,FALSE,FALSE,OPPORTUNITY,3131,31313,TRUE,large,Shapelet,,
207_UCR_Anomaly_CHARISten_3165_26929_26989.csv,TRUE,TRUE,FALSE,TRUE,FALSE,KDD21,3165,39870,TRUE,large,Shapelet,,
S1-ADL2.test.csv@42.csv,FALSE,FALSE,TRUE,FALSE,FALSE,OPPORTUNITY,3189,31892,TRUE,large,Shapelet,,
S1-ADL2.test.csv@44.csv,FALSE,FALSE,TRUE,FALSE,FALSE,OPPORTUNITY,3189,31892,TRUE,large,Shapelet,,
S1-ADL2.test.csv@48.csv,TRUE,FALSE,FALSE,FALSE,FALSE,OPPORTUNITY,3189,31892,TRUE,large,Shapelet,,
S1-ADL2.test.csv@52.csv,FALSE,FALSE,TRUE,TRUE,FALSE,OPPORTUNITY,3189,31892,TRUE,large,Shapelet,,
S1-ADL2.test.csv@54.csv,FALSE,FALSE,TRUE,TRUE,FALSE,OPPORTUNITY,3189,31892,TRUE,large,Shapelet,,
S1-ADL2.test.csv@55.csv,FALSE,FALSE,TRUE,TRUE,FALSE,OPPORTUNITY,3189,31892,TRUE,large,Shapelet,,
S1-ADL2.test.csv@67.csv,FALSE,FALSE,TRUE,TRUE,FALSE,OPPORTUNITY,3189,31892,TRUE,large,Shapelet,,
S1-ADL2.test.csv@68.csv,FALSE,FALSE,TRUE,FALSE,FALSE,OPPORTUNITY,3189,31892,TRUE,large,Shapelet,,
S1-ADL2.test.csv@76.csv,FALSE,FALSE,TRUE,FALSE,FALSE,OPPORTUNITY,3189,31892,TRUE,large,Shapelet,,
S1-ADL2.test.csv@77.csv,FALSE,FALSE,TRUE,FALSE,FALSE,OPPORTUNITY,3189,31892,TRUE,large,Shapelet,,
S1-ADL2.test.csv@78.csv,FALSE,FALSE,FALSE,FALSE,FALSE,OPPORTUNITY,3189,31892,TRUE,large,Shapelet,,
S1-ADL2.test.csv@79.csv,FALSE,FALSE,TRUE,TRUE,FALSE,OPPORTUNITY,3189,31892,TRUE,large,Shapelet,,
S1-ADL2.test.csv@80.csv,FALSE,FALSE,TRUE,TRUE,FALSE,OPPORTUNITY,3189,31892,TRUE,large,Shapelet,,
S1-ADL2.test.csv@81.csv,FALSE,FALSE,TRUE,FALSE,FALSE,OPPORTUNITY,3189,31892,TRUE,large,Shapelet,,
S1-ADL2.test.csv@82.csv,FALSE,FALSE,TRUE,FALSE,FALSE,OPPORTUNITY,3189,31892,TRUE,large,Shapelet,,
S1-ADL2.test.csv@85.csv,FALSE,FALSE,TRUE,FALSE,FALSE,OPPORTUNITY,3189,31892,TRUE,large,Shapelet,,
S1-ADL2.test.csv@89.csv,FALSE,FALSE,TRUE,FALSE,FALSE,OPPORTUNITY,3189,31892,TRUE,large,Shapelet,,
S1-ADL2.test.csv@90.csv,FALSE,FALSE,TRUE,FALSE,FALSE,OPPORTUNITY,3189,31892,TRUE,large,Shapelet,,
S1-ADL2.test.csv@93.csv,FALSE,FALSE,TRUE,TRUE,FALSE,OPPORTUNITY,3189,31892,TRUE,large,Shapelet,,
S1-ADL2.test.csv@94.csv,FALSE,FALSE,TRUE,FALSE,FALSE,OPPORTUNITY,3189,31892,TRUE,large,Shapelet,,
S1-ADL2.test.csv@96.csv,FALSE,FALSE,TRUE,TRUE,FALSE,OPPORTUNITY,3189,31892,TRUE,large,Shapelet,,
069_UCR_Anomaly_DISTORTEDinsectEPG5_3200_8500_8501.csv,FALSE,FALSE,TRUE,FALSE,FALSE,KDD21,3200,10028,TRUE,large,Contextual,,
177_UCR_Anomaly_insectEPG5_3200_8500_8501.csv,FALSE,FALSE,TRUE,FALSE,FALSE,KDD21,3200,10028,TRUE,large,Contextual,,
024_UCR_Anomaly_DISTORTEDInternalBleeding10_3200_4526_4556.csv,FALSE,TRUE,TRUE,FALSE,FALSE,KDD21,3200,7501,TRUE,large,Shapelet,,
132_UCR_Anomaly_InternalBleeding10_3200_4526_4556.csv,FALSE,TRUE,TRUE,FALSE,FALSE,KDD21,3200,7501,TRUE,large,Shapelet,,
S1-ADL2.test.csv@103.csv,FALSE,FALSE,TRUE,FALSE,FALSE,OPPORTUNITY,3222,32224,TRUE,large,Shapelet,,
S1-ADL2.test.csv@104.csv,FALSE,FALSE,TRUE,FALSE,FALSE,OPPORTUNITY,3222,32224,TRUE,large,Shapelet,,
S1-ADL2.test.csv@108.csv,FALSE,FALSE,TRUE,FALSE,FALSE,OPPORTUNITY,3222,32224,TRUE,large,Shapelet,,
S1-ADL2.test.csv@109.csv,FALSE,FALSE,TRUE,FALSE,FALSE,OPPORTUNITY,3222,32224,TRUE,large,Shapelet,,
S1-ADL2.test.csv@110.csv,FALSE,FALSE,TRUE,TRUE,FALSE,OPPORTUNITY,3222,32224,TRUE,large,Shapelet,,
S1-ADL2.test.csv@111.csv,FALSE,FALSE,TRUE,FALSE,FALSE,OPPORTUNITY,3222,32224,TRUE,large,Shapelet,,
S1-ADL2.test.csv@114.csv,FALSE,FALSE,TRUE,FALSE,FALSE,OPPORTUNITY,3222,32224,TRUE,large,Shapelet,,
S1-ADL2.test.csv@115.csv,FALSE,FALSE,TRUE,FALSE,FALSE,OPPORTUNITY,3222,32224,TRUE,large,Shapelet,,
S1-ADL2.test.csv@120.csv,FALSE,FALSE,TRUE,TRUE,FALSE,OPPORTUNITY,3222,32224,TRUE,large,Shapelet,,
S1-ADL2.test.csv@122.csv,FALSE,FALSE,TRUE,FALSE,FALSE,OPPORTUNITY,3222,32224,TRUE,large,Shapelet,,
S1-ADL2.test.csv@124.csv,FALSE,FALSE,TRUE,FALSE,FALSE,OPPORTUNITY,3222,32224,TRUE,large,Shapelet,,
S1-ADL2.test.csv@126.csv,FALSE,FALSE,TRUE,FALSE,FALSE,OPPORTUNITY,3222,32224,TRUE,large,Shapelet,,
S1-ADL2.test.csv@130.csv,FALSE,FALSE,TRUE,FALSE,FALSE,OPPORTUNITY,3222,32224,TRUE,large,Shapelet,,
S1-ADL3.test.csv@38.csv,FALSE,FALSE,FALSE,FALSE,FALSE,OPPORTUNITY,3250,32500,TRUE,large,Shapelet,,
S1-ADL3.test.csv@40.csv,FALSE,FALSE,TRUE,TRUE,FALSE,OPPORTUNITY,3250,32500,TRUE,large,Shapelet,,
S1-ADL3.test.csv@42.csv,FALSE,FALSE,TRUE,TRUE,FALSE,OPPORTUNITY,3250,32500,TRUE,large,Shapelet,,
S1-ADL3.test.csv@45.csv,FALSE,FALSE,TRUE,TRUE,FALSE,OPPORTUNITY,3250,32500,TRUE,large,Shapelet,,
S1-ADL3.test.csv@47.csv,FALSE,FALSE,TRUE,FALSE,FALSE,OPPORTUNITY,3250,32500,TRUE,large,Shapelet,,
S1-ADL3.test.csv@49.csv,FALSE,FALSE,TRUE,FALSE,FALSE,OPPORTUNITY,3250,32500,TRUE,large,Shapelet,,
S1-ADL3.test.csv@52.csv,FALSE,FALSE,TRUE,FALSE,FALSE,OPPORTUNITY,3250,32500,TRUE,large,Shapelet,,
S1-ADL3.test.csv@53.csv,FALSE,FALSE,TRUE,TRUE,FALSE,OPPORTUNITY,3250,32500,TRUE,large,Shapelet,,
S1-ADL3.test.csv@54.csv,FALSE,FALSE,TRUE,TRUE,FALSE,OPPORTUNITY,3250,32500,TRUE,large,Shapelet,,
S1-ADL3.test.csv@55.csv,FALSE,FALSE,TRUE,TRUE,FALSE,OPPORTUNITY,3250,32500,TRUE,large,Shapelet,,
S1-ADL3.test.csv@67.csv,FALSE,FALSE,TRUE,TRUE,FALSE,OPPORTUNITY,3250,32500,TRUE,large,Shapelet,,
S1-ADL3.test.csv@68.csv,FALSE,FALSE,TRUE,FALSE,FALSE,OPPORTUNITY,3250,32500,TRUE,large,Shapelet,,
S1-ADL3.test.csv@76.csv,FALSE,FALSE,TRUE,FALSE,FALSE,OPPORTUNITY,3250,32500,TRUE,large,Shapelet,,
S1-ADL3.test.csv@77.csv,FALSE,FALSE,TRUE,FALSE,FALSE,OPPORTUNITY,3250,32500,TRUE,large,Shapelet,,
S1-ADL3.test.csv@78.csv,FALSE,FALSE,TRUE,FALSE,FALSE,OPPORTUNITY,3250,32500,TRUE,large,Shapelet,,
S1-ADL3.test.csv@80.csv,FALSE,FALSE,TRUE,TRUE,FALSE,OPPORTUNITY,3250,32500,TRUE,large,Shapelet,,
S1-ADL3.test.csv@81.csv,FALSE,FALSE,TRUE,TRUE,FALSE,OPPORTUNITY,3250,32500,TRUE,large,Shapelet,,
S1-ADL3.test.csv@82.csv,FALSE,FALSE,TRUE,FALSE,FALSE,OPPORTUNITY,3250,32500,TRUE,large,Shapelet,,
S1-ADL3.test.csv@83.csv,FALSE,FALSE,TRUE,FALSE,FALSE,OPPORTUNITY,3250,32500,TRUE,large,Shapelet,,
S1-ADL3.test.csv@89.csv,TRUE,FALSE,TRUE,FALSE,FALSE,OPPORTUNITY,3250,32500,TRUE,large,Shapelet,,
S1-ADL3.test.csv@91.csv,FALSE,FALSE,TRUE,TRUE,FALSE,OPPORTUNITY,3250,32500,TRUE,large,Shapelet,,
S1-ADL3.test.csv@93.csv,FALSE,FALSE,TRUE,TRUE,FALSE,OPPORTUNITY,3250,32500,TRUE,large,Shapelet,,
S1-ADL3.test.csv@94.csv,FALSE,FALSE,TRUE,TRUE,FALSE,OPPORTUNITY,3250,32500,TRUE,large,Shapelet,,
S2-ADL4.test.csv@101.csv,TRUE,FALSE,TRUE,TRUE,FALSE,OPPORTUNITY,3254,32543,TRUE,large,Shapelet,,
S2-ADL4.test.csv@38.csv,TRUE,FALSE,TRUE,FALSE,FALSE,OPPORTUNITY,3254,32543,TRUE,large,Shapelet,,
S2-ADL4.test.csv@54.csv,FALSE,FALSE,TRUE,TRUE,FALSE,OPPORTUNITY,3254,32543,TRUE,large,Shapelet,,
S2-ADL4.test.csv@55.csv,FALSE,FALSE,TRUE,TRUE,FALSE,OPPORTUNITY,3254,32543,TRUE,large,Shapelet,,
S2-ADL4.test.csv@66.csv,FALSE,FALSE,TRUE,TRUE,FALSE,OPPORTUNITY,3254,32543,TRUE,large,Shapelet,,
S2-ADL4.test.csv@67.csv,FALSE,FALSE,TRUE,FALSE,FALSE,OPPORTUNITY,3254,32543,TRUE,large,Shapelet,,
S2-ADL4.test.csv@68.csv,FALSE,FALSE,TRUE,FALSE,FALSE,OPPORTUNITY,3254,32543,TRUE,large,Shapelet,,
S2-ADL4.test.csv@76.csv,FALSE,FALSE,TRUE,TRUE,FALSE,OPPORTUNITY,3254,32543,TRUE,large,Shapelet,,
S2-ADL4.test.csv@77.csv,FALSE,FALSE,TRUE,TRUE,FALSE,OPPORTUNITY,3254,32543,TRUE,large,Shapelet,,
S2-ADL4.test.csv@78.csv,FALSE,FALSE,TRUE,FALSE,FALSE,OPPORTUNITY,3254,32543,TRUE,large,Shapelet,,
S2-ADL4.test.csv@79.csv,FALSE,FALSE,TRUE,TRUE,FALSE,OPPORTUNITY,3254,32543,TRUE,large,Shapelet,,
S2-ADL4.test.csv@80.csv,FALSE,FALSE,TRUE,TRUE,FALSE,OPPORTUNITY,3254,32543,TRUE,large,Shapelet,,
S2-ADL4.test.csv@81.csv,FALSE,FALSE,TRUE,FALSE,FALSE,OPPORTUNITY,3254,32543,TRUE,large,Shapelet,,
S2-ADL4.test.csv@89.csv,FALSE,FALSE,TRUE,TRUE,FALSE,OPPORTUNITY,3254,32543,TRUE,large,Shapelet,,
S2-ADL4.test.csv@92.csv,FALSE,FALSE,TRUE,TRUE,FALSE,OPPORTUNITY,3254,32543,TRUE,large,Shapelet,,
S2-ADL4.test.csv@93.csv,FALSE,FALSE,TRUE,TRUE,FALSE,OPPORTUNITY,3254,32543,TRUE,large,Shapelet,,
S2-ADL4.test.csv@94.csv,FALSE,FALSE,TRUE,FALSE,FALSE,OPPORTUNITY,3254,32543,TRUE,large,Shapelet,,
S2-ADL4.test.csv@96.csv,FALSE,FALSE,TRUE,FALSE,FALSE,OPPORTUNITY,3254,32543,TRUE,large,Shapelet,,
S1-ADL4.test.csv@16.csv,FALSE,FALSE,TRUE,FALSE,FALSE,OPPORTUNITY,3266,32661,TRUE,large,Shapelet,,
S1-ADL4.test.csv@17.csv,TRUE,FALSE,TRUE,FALSE,FALSE,OPPORTUNITY,3266,32661,TRUE,large,Shapelet,,
S1-ADL4.test.csv@18.csv,TRUE,FALSE,TRUE,FALSE,FALSE,OPPORTUNITY,3266,32661,TRUE,large,Shapelet,,
S1-ADL4.test.csv@39.csv,TRUE,FALSE,TRUE,FALSE,FALSE,OPPORTUNITY,3269,32699,TRUE,large,Shapelet,,
S1-ADL4.test.csv@40.csv,FALSE,FALSE,TRUE,TRUE,FALSE,OPPORTUNITY,3269,32699,TRUE,large,Shapelet,,
S1-ADL4.test.csv@42.csv,FALSE,FALSE,TRUE,TRUE,FALSE,OPPORTUNITY,3269,32699,TRUE,large,Shapelet,,
S1-ADL4.test.csv@52.csv,FALSE,FALSE,TRUE,TRUE,FALSE,OPPORTUNITY,3269,32699,TRUE,large,Shapelet,,
S1-ADL4.test.csv@53.csv,FALSE,FALSE,TRUE,TRUE,FALSE,OPPORTUNITY,3269,32699,TRUE,large,Shapelet,,
S1-ADL4.test.csv@54.csv,FALSE,FALSE,TRUE,TRUE,FALSE,OPPORTUNITY,3269,32699,TRUE,large,Shapelet,,
S1-ADL4.test.csv@63.csv,FALSE,FALSE,TRUE,FALSE,FALSE,OPPORTUNITY,3269,32699,TRUE,large,Shapelet,,
S1-ADL4.test.csv@66.csv,FALSE,FALSE,TRUE,TRUE,FALSE,OPPORTUNITY,3269,32699,TRUE,large,Shapelet,,
S1-ADL4.test.csv@68.csv,FALSE,FALSE,TRUE,FALSE,FALSE,OPPORTUNITY,3269,32699,TRUE,large,Shapelet,,
S1-ADL4.test.csv@76.csv,FALSE,FALSE,TRUE,FALSE,FALSE,OPPORTUNITY,3269,32699,TRUE,large,Shapelet,,
S1-ADL4.test.csv@77.csv,FALSE,FALSE,TRUE,FALSE,FALSE,OPPORTUNITY,3269,32699,TRUE,large,Shapelet,,
S1-ADL4.test.csv@78.csv,FALSE,FALSE,TRUE,FALSE,FALSE,OPPORTUNITY,3269,32699,TRUE,large,Shapelet,,
S1-ADL4.test.csv@79.csv,FALSE,FALSE,TRUE,TRUE,FALSE,OPPORTUNITY,3269,32699,TRUE,large,Shapelet,,
S1-ADL4.test.csv@80.csv,FALSE,FALSE,TRUE,TRUE,FALSE,OPPORTUNITY,3269,32699,TRUE,large,Shapelet,,
S1-ADL4.test.csv@82.csv,FALSE,FALSE,TRUE,FALSE,FALSE,OPPORTUNITY,3269,32699,TRUE,large,Shapelet,,
S1-ADL4.test.csv@83.csv,FALSE,FALSE,TRUE,FALSE,FALSE,OPPORTUNITY,3269,32699,TRUE,large,Shapelet,,
S1-ADL4.test.csv@89.csv,TRUE,FALSE,TRUE,FALSE,FALSE,OPPORTUNITY,3269,32699,TRUE,large,Shapelet,,
S1-ADL4.test.csv@90.csv,FALSE,FALSE,TRUE,FALSE,FALSE,OPPORTUNITY,3269,32699,TRUE,large,Shapelet,,
S1-ADL4.test.csv@92.csv,FALSE,FALSE,TRUE,TRUE,FALSE,OPPORTUNITY,3269,32699,TRUE,large,Shapelet,,
S1-ADL4.test.csv@93.csv,FALSE,FALSE,TRUE,TRUE,FALSE,OPPORTUNITY,3269,32699,TRUE,large,Shapelet,,
S1-ADL4.test.csv@94.csv,FALSE,FALSE,TRUE,TRUE,FALSE,OPPORTUNITY,3269,32699,TRUE,large,Shapelet,,
S1-ADL4.test.csv@95.csv,FALSE,FALSE,TRUE,FALSE,FALSE,OPPORTUNITY,3269,32699,TRUE,large,Shapelet,,
S1-ADL4.test.csv@96.csv,FALSE,FALSE,TRUE,FALSE,FALSE,OPPORTUNITY,3269,32699,TRUE,large,Shapelet,,
S1-ADL4.test.csv@98.csv,FALSE,FALSE,TRUE,FALSE,FALSE,OPPORTUNITY,3269,32699,TRUE,large,Shapelet,,
S1-ADL4.test.csv@103.csv,TRUE,FALSE,TRUE,TRUE,FALSE,OPPORTUNITY,3295,32955,TRUE,large,Shapelet,,
S1-ADL4.test.csv@104.csv,FALSE,FALSE,TRUE,TRUE,FALSE,OPPORTUNITY,3295,32955,TRUE,large,Shapelet,,
S1-ADL4.test.csv@108.csv,FALSE,FALSE,TRUE,FALSE,FALSE,OPPORTUNITY,3295,32955,TRUE,large,Shapelet,,
S1-ADL4.test.csv@109.csv,FALSE,FALSE,TRUE,FALSE,FALSE,OPPORTUNITY,3295,32955,TRUE,large,Shapelet,,
S1-ADL4.test.csv@110.csv,FALSE,FALSE,TRUE,TRUE,FALSE,OPPORTUNITY,3295,32955,TRUE,large,Shapelet,,
S1-ADL4.test.csv@111.csv,FALSE,FALSE,TRUE,FALSE,FALSE,OPPORTUNITY,3295,32955,TRUE,large,Shapelet,,
S1-ADL4.test.csv@112.csv,FALSE,FALSE,TRUE,TRUE,FALSE,OPPORTUNITY,3295,32955,TRUE,large,Shapelet,,
S1-ADL4.test.csv@114.csv,FALSE,FALSE,TRUE,TRUE,FALSE,OPPORTUNITY,3295,32955,TRUE,large,Shapelet,,
S1-ADL4.test.csv@115.csv,FALSE,FALSE,TRUE,FALSE,FALSE,OPPORTUNITY,3295,32955,TRUE,large,Shapelet,,
S1-ADL4.test.csv@120.csv,FALSE,FALSE,TRUE,TRUE,FALSE,OPPORTUNITY,3295,32955,TRUE,large,Shapelet,,
S1-ADL4.test.csv@124.csv,FALSE,FALSE,TRUE,TRUE,FALSE,OPPORTUNITY,3295,32955,TRUE,large,Shapelet,,
S1-ADL4.test.csv@127.csv,FALSE,FALSE,TRUE,FALSE,FALSE,OPPORTUNITY,3295,32955,TRUE,large,Shapelet,,
S1-ADL4.test.csv@133.csv,FALSE,FALSE,TRUE,FALSE,FALSE,OPPORTUNITY,3295,32955,TRUE,large,Shapelet,,
S1-ADL3.test.csv@129.csv,FALSE,FALSE,TRUE,FALSE,FALSE,OPPORTUNITY,3327,33273,TRUE,large,mix,,
S1-ADL3.test.csv@128.csv,FALSE,FALSE,TRUE,FALSE,FALSE,OPPORTUNITY,3327,33273,TRUE,large,Seasonal,,
S1-ADL3.test.csv@103.csv,FALSE,FALSE,TRUE,FALSE,FALSE,OPPORTUNITY,3327,33273,TRUE,large,Shapelet,,
S1-ADL3.test.csv@104.csv,FALSE,FALSE,TRUE,FALSE,FALSE,OPPORTUNITY,3327,33273,TRUE,large,Shapelet,,
S1-ADL3.test.csv@108.csv,FALSE,FALSE,TRUE,FALSE,FALSE,OPPORTUNITY,3327,33273,TRUE,large,Shapelet,,
S1-ADL3.test.csv@109.csv,FALSE,FALSE,TRUE,FALSE,FALSE,OPPORTUNITY,3327,33273,TRUE,large,Shapelet,,
S1-ADL3.test.csv@110.csv,FALSE,FALSE,TRUE,TRUE,FALSE,OPPORTUNITY,3327,33273,TRUE,large,Shapelet,,
S1-ADL3.test.csv@111.csv,FALSE,FALSE,TRUE,FALSE,FALSE,OPPORTUNITY,3327,33273,TRUE,large,Shapelet,,
S1-ADL3.test.csv@112.csv,FALSE,FALSE,TRUE,TRUE,FALSE,OPPORTUNITY,3327,33273,TRUE,large,Shapelet,,
S1-ADL3.test.csv@114.csv,FALSE,FALSE,TRUE,TRUE,FALSE,OPPORTUNITY,3327,33273,TRUE,large,Shapelet,,
S1-ADL3.test.csv@115.csv,FALSE,FALSE,TRUE,FALSE,FALSE,OPPORTUNITY,3327,33273,TRUE,large,Shapelet,,
S1-ADL3.test.csv@119.csv,FALSE,FALSE,TRUE,FALSE,FALSE,OPPORTUNITY,3327,33273,TRUE,large,Shapelet,,
S1-ADL3.test.csv@120.csv,FALSE,FALSE,TRUE,FALSE,FALSE,OPPORTUNITY,3327,33273,TRUE,large,Shapelet,,
S1-ADL3.test.csv@121.csv,FALSE,FALSE,TRUE,FALSE,FALSE,OPPORTUNITY,3327,33273,TRUE,large,Shapelet,,
S1-ADL3.test.csv@122.csv,FALSE,FALSE,TRUE,FALSE,FALSE,OPPORTUNITY,3327,33273,TRUE,large,Shapelet,,
S1-ADL3.test.csv@124.csv,FALSE,FALSE,TRUE,FALSE,FALSE,OPPORTUNITY,3327,33273,TRUE,large,Shapelet,,
S1-ADL3.test.csv@125.csv,FALSE,FALSE,TRUE,FALSE,FALSE,OPPORTUNITY,3327,33273,TRUE,large,Shapelet,,
S1-ADL3.test.csv@126.csv,FALSE,FALSE,TRUE,FALSE,FALSE,OPPORTUNITY,3327,33273,TRUE,large,Shapelet,,
S1-ADL3.test.csv@127.csv,FALSE,FALSE,TRUE,FALSE,FALSE,OPPORTUNITY,3327,33273,TRUE,large,Shapelet,,
S1-ADL3.test.csv@130.csv,FALSE,FALSE,TRUE,FALSE,FALSE,OPPORTUNITY,3327,33273,TRUE,large,Shapelet,,
S1-ADL3.test.csv@131.csv,FALSE,FALSE,TRUE,FALSE,FALSE,OPPORTUNITY,3327,33273,TRUE,large,Shapelet,,
S1-ADL3.test.csv@132.csv,FALSE,FALSE,TRUE,FALSE,FALSE,OPPORTUNITY,3327,33273,TRUE,large,Shapelet,,
F-8_3342.csv,FALSE,FALSE,TRUE,FALSE,FALSE,NASA-MSL-new,3342,5829,TRUE,large,Shapelet,,
S2-ADL3.test.csv@38.csv,TRUE,FALSE,TRUE,FALSE,FALSE,OPPORTUNITY,3398,33984,TRUE,large,Shapelet,,
S2-ADL3.test.csv@40.csv,FALSE,FALSE,TRUE,TRUE,FALSE,OPPORTUNITY,3398,33984,TRUE,large,Shapelet,,
S2-ADL3.test.csv@52.csv,FALSE,FALSE,TRUE,FALSE,FALSE,OPPORTUNITY,3398,33984,TRUE,large,Shapelet,,
S2-ADL3.test.csv@53.csv,FALSE,FALSE,TRUE,TRUE,FALSE,OPPORTUNITY,3398,33984,TRUE,large,Shapelet,,
S2-ADL3.test.csv@54.csv,FALSE,FALSE,TRUE,TRUE,FALSE,OPPORTUNITY,3398,33984,TRUE,large,Shapelet,,
S2-ADL3.test.csv@55.csv,FALSE,FALSE,TRUE,TRUE,FALSE,OPPORTUNITY,3398,33984,TRUE,large,Shapelet,,
S2-ADL3.test.csv@66.csv,FALSE,FALSE,TRUE,TRUE,FALSE,OPPORTUNITY,3398,33984,TRUE,large,Shapelet,,
S2-ADL3.test.csv@67.csv,FALSE,FALSE,TRUE,TRUE,FALSE,OPPORTUNITY,3398,33984,TRUE,large,Shapelet,,
S2-ADL3.test.csv@68.csv,FALSE,FALSE,TRUE,TRUE,FALSE,OPPORTUNITY,3398,33984,TRUE,large,Shapelet,,
S2-ADL3.test.csv@76.csv,TRUE,FALSE,TRUE,FALSE,FALSE,OPPORTUNITY,3398,33984,TRUE,large,Shapelet,,
S2-ADL3.test.csv@77.csv,FALSE,FALSE,TRUE,FALSE,FALSE,OPPORTUNITY,3398,33984,TRUE,large,Shapelet,,
S2-ADL3.test.csv@78.csv,FALSE,FALSE,TRUE,TRUE,FALSE,OPPORTUNITY,3398,33984,TRUE,large,Shapelet,,
S2-ADL3.test.csv@79.csv,FALSE,FALSE,TRUE,TRUE,FALSE,OPPORTUNITY,3398,33984,TRUE,large,Shapelet,,
S2-ADL3.test.csv@80.csv,FALSE,FALSE,TRUE,TRUE,FALSE,OPPORTUNITY,3398,33984,TRUE,large,Shapelet,,
S2-ADL3.test.csv@81.csv,FALSE,FALSE,TRUE,FALSE,FALSE,OPPORTUNITY,3398,33984,TRUE,large,Shapelet,,
S2-ADL3.test.csv@89.csv,FALSE,FALSE,TRUE,FALSE,FALSE,OPPORTUNITY,3398,33984,TRUE,large,Shapelet,,
S2-ADL3.test.csv@91.csv,FALSE,FALSE,TRUE,TRUE,FALSE,OPPORTUNITY,3398,33984,TRUE,large,Shapelet,,
S2-ADL3.test.csv@92.csv,FALSE,FALSE,TRUE,TRUE,FALSE,OPPORTUNITY,3398,33984,TRUE,large,Shapelet,,
S2-ADL3.test.csv@93.csv,FALSE,FALSE,TRUE,TRUE,FALSE,OPPORTUNITY,3398,33984,TRUE,large,Shapelet,,
S2-ADL3.test.csv@94.csv,FALSE,FALSE,TRUE,FALSE,FALSE,OPPORTUNITY,3398,33984,TRUE,large,Shapelet,,
S2-ADL3.test.csv@96.csv,FALSE,FALSE,TRUE,FALSE,FALSE,OPPORTUNITY,3398,33984,TRUE,large,Shapelet,,
157_UCR_Anomaly_TkeepFirstMARS_3500_5365_5380.csv,FALSE,FALSE,TRUE,FALSE,FALSE,KDD21,3500,11406,TRUE,large,Seasonal,,
049_UCR_Anomaly_DISTORTEDTkeepFirstMARS_3500_5365_5380.csv,FALSE,TRUE,TRUE,TRUE,FALSE,KDD21,3500,11406,TRUE,large,Trend,,
051_UCR_Anomaly_DISTORTEDTkeepSecondMARS_3500_9330_9340.csv,FALSE,FALSE,TRUE,TRUE,FALSE,KDD21,3500,11388,TRUE,large,Shapelet,,
159_UCR_Anomaly_TkeepSecondMARS_3500_9330_9340.csv,FALSE,FALSE,TRUE,FALSE,FALSE,KDD21,3500,11388,TRUE,large,Trend,,
048_UCR_Anomaly_DISTORTEDTkeepFifthMARS_3500_5988_6085.csv,FALSE,FALSE,TRUE,FALSE,FALSE,KDD21,3500,11334,TRUE,large,Seasonal,,
156_UCR_Anomaly_TkeepFifthMARS_3500_5988_6085.csv,FALSE,FALSE,TRUE,FALSE,FALSE,KDD21,3500,11334,TRUE,large,Seasonal,,
103_UCR_Anomaly_NOISETkeepThirdMARS_3500_4711_4809.csv,FALSE,FALSE,TRUE,TRUE,FALSE,KDD21,3500,11308,TRUE,large,seasonal,,
050_UCR_Anomaly_DISTORTEDTkeepForthMARS_3500_5988_6085.csv,FALSE,FALSE,TRUE,TRUE,FALSE,KDD21,3500,11308,TRUE,large,shapelet,,
052_UCR_Anomaly_DISTORTEDTkeepThirdMARS_3500_4711_4809.csv,FALSE,TRUE,TRUE,TRUE,FALSE,KDD21,3500,11308,TRUE,large,shapelet,,
158_UCR_Anomaly_TkeepForthMARS_3500_5988_6085.csv,FALSE,FALSE,TRUE,FALSE,FALSE,KDD21,3500,11308,TRUE,large,Shapelet,,
160_UCR_Anomaly_TkeepThirdMARS_3500_4711_4809.csv,FALSE,TRUE,TRUE,FALSE,FALSE,KDD21,3500,11308,TRUE,large,Shapelet,,
S3-ADL1.test.csv@53.csv,FALSE,FALSE,TRUE,FALSE,FALSE,OPPORTUNITY,3630,36302,TRUE,large,mix,,
S3-ADL1.test.csv@54.csv,FALSE,FALSE,TRUE,FALSE,TRUE,OPPORTUNITY,3630,36302,TRUE,large,Seasonal,,
S3-ADL1.test.csv@55.csv,FALSE,FALSE,TRUE,FALSE,FALSE,OPPORTUNITY,3630,36302,TRUE,large,Seasonal,,
S3-ADL1.test.csv@56.csv,TRUE,FALSE,FALSE,FALSE,TRUE,OPPORTUNITY,3630,36302,TRUE,large,Seasonal,,
S3-ADL1.test.csv@58.csv,FALSE,FALSE,TRUE,FALSE,FALSE,OPPORTUNITY,3630,36302,TRUE,large,Seasonal,,
S3-ADL1.test.csv@61.csv,TRUE,FALSE,FALSE,FALSE,FALSE,OPPORTUNITY,3630,36302,TRUE,large,Seasonal,,
S3-ADL1.test.csv@63.csv,FALSE,FALSE,FALSE,FALSE,FALSE,OPPORTUNITY,3630,36302,TRUE,large,Seasonal,,
S3-ADL1.test.csv@66.csv,FALSE,FALSE,TRUE,FALSE,FALSE,OPPORTUNITY,3630,36302,TRUE,large,Seasonal,,
S3-ADL1.test.csv@38.csv,FALSE,FALSE,FALSE,FALSE,FALSE,OPPORTUNITY,3630,36302,TRUE,large,Shapelet,,
S3-ADL1.test.csv@40.csv,FALSE,FALSE,TRUE,FALSE,FALSE,OPPORTUNITY,3630,36302,TRUE,large,Shapelet,,
S3-ADL1.test.csv@42.csv,FALSE,FALSE,TRUE,FALSE,FALSE,OPPORTUNITY,3630,36302,TRUE,large,Shapelet,,
S3-ADL1.test.csv@50.csv,FALSE,FALSE,TRUE,TRUE,FALSE,OPPORTUNITY,3630,36302,TRUE,large,Shapelet,,
S3-ADL1.test.csv@51.csv,FALSE,FALSE,TRUE,FALSE,FALSE,OPPORTUNITY,3630,36302,TRUE,large,Shapelet,,
S3-ADL1.test.csv@52.csv,FALSE,FALSE,TRUE,FALSE,FALSE,OPPORTUNITY,3630,36302,TRUE,large,Shapelet,,
S3-ADL1.test.csv@67.csv,FALSE,FALSE,TRUE,FALSE,FALSE,OPPORTUNITY,3630,36302,TRUE,large,Shapelet,,
S3-ADL1.test.csv@68.csv,FALSE,FALSE,TRUE,FALSE,FALSE,OPPORTUNITY,3630,36302,TRUE,large,Shapelet,,
S3-ADL1.test.csv@80.csv,FALSE,FALSE,TRUE,FALSE,TRUE,OPPORTUNITY,3630,36302,TRUE,large,Shapelet,,
D-14_3675.csv,FALSE,FALSE,TRUE,FALSE,FALSE,NASA-MSL-new,3675,6300,TRUE,large,Shapelet,,
P-15_3682.csv,TRUE,FALSE,FALSE,FALSE,FALSE,NASA-MSL-new,3682,6538,TRUE,large,Trend,,
066_UCR_Anomaly_DISTORTEDinsectEPG2_3700_8000_8025.csv,FALSE,FALSE,TRUE,FALSE,FALSE,KDD21,3700,9998,TRUE,large,Shapelet,,
174_UCR_Anomaly_insectEPG2_3700_8000_8025.csv,FALSE,FALSE,TRUE,FALSE,FALSE,KDD21,3700,9998,TRUE,large,Shapelet,,
P-11_3969.csv,FALSE,FALSE,TRUE,FALSE,FALSE,NASA-MSL-new,3969,7504,TRUE,large,Shapelet,,
074_UCR_Anomaly_DISTORTEDqtdbSel1005V_4000_12400_12800.csv,FALSE,FALSE,TRUE,TRUE,FALSE,KDD21,4000,36001,TRUE,large,Seasonal,,
182_UCR_Anomaly_qtdbSel1005V_4000_12400_12800.csv,FALSE,FALSE,TRUE,TRUE,FALSE,KDD21,4000,36001,TRUE,large,Seasonal,,
075_UCR_Anomaly_DISTORTEDqtdbSel100MLII_4000_13400_13800.csv,FALSE,FALSE,TRUE,FALSE,FALSE,KDD21,4000,30000,TRUE,large,Seasonal,,
183_UCR_Anomaly_qtdbSel100MLII_4000_13400_13800.csv,FALSE,FALSE,TRUE,FALSE,FALSE,KDD21,4000,30000,TRUE,large,Seasonal,,
022_UCR_Anomaly_DISTORTEDGP711MarkerLFM5z4_4000_6527_6645.csv,FALSE,FALSE,TRUE,TRUE,FALSE,KDD21,4000,12000,TRUE,large,Shapelet,,
130_UCR_Anomaly_GP711MarkerLFM5z4_4000_6527_6645.csv,FALSE,FALSE,TRUE,TRUE,FALSE,KDD21,4000,12000,TRUE,large,Shapelet,,
005_UCR_Anomaly_DISTORTEDCIMIS44AirTemperature1_4000_5391_5392.csv,TRUE,TRUE,TRUE,TRUE,FALSE,KDD21,4000,8184,TRUE,large,Contextual,,
113_UCR_Anomaly_CIMIS44AirTemperature1_4000_5391_5392.csv,TRUE,TRUE,TRUE,FALSE,FALSE,KDD21,4000,8184,TRUE,large,Contextual,,
006_UCR_Anomaly_DISTORTEDCIMIS44AirTemperature2_4000_5703_5727.csv,TRUE,TRUE,TRUE,TRUE,FALSE,KDD21,4000,8184,TRUE,large,Seasonal,,
114_UCR_Anomaly_CIMIS44AirTemperature2_4000_5703_5727.csv,TRUE,TRUE,TRUE,FALSE,FALSE,KDD21,4000,8184,TRUE,large,Seasonal,,
007_UCR_Anomaly_DISTORTEDCIMIS44AirTemperature3_4000_6520_6544.csv,TRUE,TRUE,TRUE,TRUE,FALSE,KDD21,4000,8184,TRUE,large,Shapelet,,
008_UCR_Anomaly_DISTORTEDCIMIS44AirTemperature4_4000_5549_5597.csv,TRUE,TRUE,TRUE,FALSE,FALSE,KDD21,4000,8184,TRUE,large,Shapelet,,
009_UCR_Anomaly_DISTORTEDCIMIS44AirTemperature5_4000_4852_4900.csv,TRUE,TRUE,TRUE,FALSE,FALSE,KDD21,4000,8184,TRUE,large,Shapelet,,
010_UCR_Anomaly_DISTORTEDCIMIS44AirTemperature6_4000_6006_6054.csv,TRUE,TRUE,TRUE,FALSE,FALSE,KDD21,4000,8184,TRUE,large,Shapelet,,
095_UCR_Anomaly_NOISECIMIS44AirTemperature4_4000_5549_5597.csv,TRUE,TRUE,TRUE,FALSE,FALSE,KDD21,4000,8184,TRUE,large,Shapelet,,
115_UCR_Anomaly_CIMIS44AirTemperature3_4000_6520_6544.csv,TRUE,TRUE,TRUE,FALSE,FALSE,KDD21,4000,8184,TRUE,large,Shapelet,,
116_UCR_Anomaly_CIMIS44AirTemperature4_4000_5549_5597.csv,TRUE,TRUE,TRUE,FALSE,FALSE,KDD21,4000,8184,TRUE,large,Shapelet,,
117_UCR_Anomaly_CIMIS44AirTemperature5_4000_4852_4900.csv,TRUE,TRUE,TRUE,FALSE,FALSE,KDD21,4000,8184,TRUE,large,Shapelet,,
118_UCR_Anomaly_CIMIS44AirTemperature6_4000_6006_6054.csv,TRUE,TRUE,TRUE,FALSE,FALSE,KDD21,4000,8184,TRUE,large,Shapelet,,
033_UCR_Anomaly_DISTORTEDInternalBleeding5_4000_6200_6370.csv,FALSE,TRUE,TRUE,FALSE,FALSE,KDD21,4000,7415,TRUE,large,Seasonal,,
141_UCR_Anomaly_InternalBleeding5_4000_6200_6370.csv,FALSE,TRUE,TRUE,FALSE,FALSE,KDD21,4000,7415,TRUE,large,Seasonal,,
S4-ADL1.test.csv@16.csv,FALSE,FALSE,TRUE,FALSE,TRUE,OPPORTUNITY,4123,41235,TRUE,large,Seasonal,,
S4-ADL1.test.csv@38.csv,TRUE,FALSE,TRUE,FALSE,FALSE,OPPORTUNITY,4126,41260,TRUE,large,Seasonal,,
S4-ADL1.test.csv@40.csv,FALSE,FALSE,TRUE,TRUE,FALSE,OPPORTUNITY,4126,41260,TRUE,large,Seasonal,,
S4-ADL1.test.csv@42.csv,FALSE,FALSE,TRUE,TRUE,TRUE,OPPORTUNITY,4126,41260,TRUE,large,Seasonal,,
S4-ADL1.test.csv@68.csv,FALSE,FALSE,TRUE,TRUE,TRUE,OPPORTUNITY,4126,41260,TRUE,large,Seasonal,,
S4-ADL1.test.csv@77.csv,FALSE,FALSE,TRUE,FALSE,TRUE,OPPORTUNITY,4126,41260,TRUE,large,Seasonal,,
036_UCR_Anomaly_DISTORTEDInternalBleeding9_4200_6599_6681.csv,FALSE,TRUE,TRUE,FALSE,FALSE,KDD21,4200,7501,TRUE,large,shapelet,,
144_UCR_Anomaly_InternalBleeding9_4200_6599_6681.csv,FALSE,TRUE,TRUE,FALSE,FALSE,KDD21,4200,7501,TRUE,large,Shapelet,,
S2-ADL1.test.csv@102.csv,FALSE,FALSE,TRUE,FALSE,FALSE,OPPORTUNITY,4279,42797,TRUE,large,Shapelet,,
S2-ADL1.test.csv@103.csv,TRUE,FALSE,FALSE,FALSE,FALSE,OPPORTUNITY,4279,42797,TRUE,large,Shapelet,,
S2-ADL1.test.csv@104.csv,TRUE,FALSE,FALSE,FALSE,FALSE,OPPORTUNITY,4279,42797,TRUE,large,Shapelet,,
S2-ADL1.test.csv@108.csv,FALSE,FALSE,FALSE,FALSE,FALSE,OPPORTUNITY,4279,42797,TRUE,large,Shapelet,,
S2-ADL1.test.csv@109.csv,FALSE,FALSE,FALSE,FALSE,FALSE,OPPORTUNITY,4279,42797,TRUE,large,Shapelet,,
S2-ADL1.test.csv@110.csv,FALSE,FALSE,TRUE,FALSE,FALSE,OPPORTUNITY,4279,42797,TRUE,large,Shapelet,,
S2-ADL1.test.csv@119.csv,FALSE,FALSE,FALSE,FALSE,FALSE,OPPORTUNITY,4279,42797,TRUE,large,Shapelet,,
S2-ADL1.test.csv@120.csv,FALSE,FALSE,TRUE,FALSE,FALSE,OPPORTUNITY,4279,42797,TRUE,large,Shapelet,,
S2-ADL1.test.csv@124.csv,FALSE,FALSE,TRUE,FALSE,FALSE,OPPORTUNITY,4279,42797,TRUE,large,Shapelet,,
P-10_4308.csv,TRUE,FALSE,FALSE,FALSE,FALSE,NASA-MSL-new,4308,10408,TRUE,large,Shapelet,,
015_UCR_Anomaly_DISTORTEDECG4_5000_16800_17100.csv,FALSE,TRUE,TRUE,TRUE,FALSE,KDD21,5000,200000,TRUE,large,Shapelet,,
123_UCR_Anomaly_ECG4_5000_16800_17100.csv,FALSE,TRUE,TRUE,TRUE,FALSE,KDD21,5000,200000,TRUE,large,Shapelet,,
056_UCR_Anomaly_DISTORTEDapneaecg3_5000_11111_11211.csv,FALSE,FALSE,TRUE,FALSE,FALSE,KDD21,5000,38379,TRUE,large,Shapelet,,
164_UCR_Anomaly_apneaecg3_5000_11111_11211.csv,FALSE,FALSE,TRUE,FALSE,FALSE,KDD21,5000,38379,TRUE,large,Shapelet,,
037_UCR_Anomaly_DISTORTEDLab2Cmac011215EPG1_5000_17210_17260.csv,FALSE,FALSE,TRUE,TRUE,FALSE,KDD21,5000,30001,TRUE,large,Shapelet,,
100_UCR_Anomaly_NOISELab2Cmac011215EPG1_5000_17210_17260.csv,FALSE,FALSE,TRUE,TRUE,FALSE,KDD21,5000,30001,TRUE,large,Shapelet,,
145_UCR_Anomaly_Lab2Cmac011215EPG1_5000_17210_17260.csv,FALSE,FALSE,TRUE,TRUE,FALSE,KDD21,5000,30001,TRUE,large,Shapelet,,
016_UCR_Anomaly_DISTORTEDECG4_5000_16900_17100.csv,FALSE,TRUE,TRUE,FALSE,FALSE,KDD21,5000,30000,TRUE,large,Shapelet,,
017_UCR_Anomaly_DISTORTEDECG4_5000_17000_17100.csv,FALSE,TRUE,TRUE,FALSE,FALSE,KDD21,5000,30000,TRUE,large,Shapelet,,
096_UCR_Anomaly_NOISEECG4_5000_16900_17100.csv,FALSE,TRUE,TRUE,FALSE,FALSE,KDD21,5000,30000,TRUE,large,Shapelet,,
124_UCR_Anomaly_ECG4_5000_16900_17100.csv,FALSE,TRUE,TRUE,FALSE,FALSE,KDD21,5000,30000,TRUE,large,Shapelet,,
125_UCR_Anomaly_ECG4_5000_17000_17100.csv,FALSE,TRUE,TRUE,FALSE,FALSE,KDD21,5000,30000,TRUE,large,Shapelet,,
038_UCR_Anomaly_DISTORTEDLab2Cmac011215EPG2_5000_27862_27932.csv,FALSE,FALSE,TRUE,TRUE,FALSE,KDD21,5000,29950,TRUE,large,Shapelet,,
039_UCR_Anomaly_DISTORTEDLab2Cmac011215EPG3_5000_16390_16420.csv,FALSE,FALSE,TRUE,TRUE,FALSE,KDD21,5000,29950,TRUE,large,Shapelet,,
146_UCR_Anomaly_Lab2Cmac011215EPG2_5000_27862_27932.csv,FALSE,FALSE,TRUE,TRUE,FALSE,KDD21,5000,29950,TRUE,large,Shapelet,,
147_UCR_Anomaly_Lab2Cmac011215EPG3_5000_16390_16420.csv,FALSE,FALSE,TRUE,TRUE,FALSE,KDD21,5000,29950,TRUE,large,Shapelet,,
019_UCR_Anomaly_DISTORTEDGP711MarkerLFM5z1_5000_6168_6212.csv,FALSE,FALSE,TRUE,TRUE,FALSE,KDD21,5000,12000,TRUE,large,seasonal,,
023_UCR_Anomaly_DISTORTEDGP711MarkerLFM5z5_5000_8612_8716.csv,FALSE,FALSE,TRUE,FALSE,FALSE,KDD21,5000,12000,TRUE,large,Seasonal,,
131_UCR_Anomaly_GP711MarkerLFM5z5_5000_8612_8716.csv,FALSE,FALSE,TRUE,TRUE,FALSE,KDD21,5000,12000,TRUE,large,Seasonal,,
020_UCR_Anomaly_DISTORTEDGP711MarkerLFM5z2_5000_7175_7388.csv,FALSE,FALSE,TRUE,TRUE,FALSE,KDD21,5000,12000,TRUE,large,Shapelet,,
021_UCR_Anomaly_DISTORTEDGP711MarkerLFM5z3_5000_5948_5993.csv,FALSE,FALSE,TRUE,TRUE,FALSE,KDD21,5000,12000,TRUE,large,Shapelet,,
097_UCR_Anomaly_NOISEGP711MarkerLFM5z3_5000_5948_5993.csv,FALSE,FALSE,TRUE,TRUE,FALSE,KDD21,5000,12000,TRUE,large,Shapelet,,
128_UCR_Anomaly_GP711MarkerLFM5z2_5000_7175_7388.csv,FALSE,FALSE,TRUE,FALSE,FALSE,KDD21,5000,12000,TRUE,large,Shapelet,,
129_UCR_Anomaly_GP711MarkerLFM5z3_5000_5948_5993.csv,FALSE,FALSE,TRUE,TRUE,FALSE,KDD21,5000,12000,TRUE,large,Shapelet,,
127_UCR_Anomaly_GP711MarkerLFM5z1_5000_6168_6212.csv,FALSE,FALSE,TRUE,TRUE,FALSE,KDD21,5000,12000,TRUE,large,Trend,,
S1-ADL1.test.csv@16.csv,TRUE,FALSE,FALSE,TRUE,FALSE,OPPORTUNITY,5067,50670,TRUE,large,Shapelet,,
S1-ADL1.test.csv@38.csv,TRUE,FALSE,FALSE,FALSE,TRUE,OPPORTUNITY,5070,50702,TRUE,large,Shapelet,,
S1-ADL1.test.csv@42.csv,FALSE,FALSE,TRUE,TRUE,TRUE,OPPORTUNITY,5070,50702,TRUE,large,Shapelet,,
S1-ADL1.test.csv@66.csv,FALSE,FALSE,TRUE,TRUE,FALSE,OPPORTUNITY,5070,50702,TRUE,large,Shapelet,,
S1-ADL1.test.csv@76.csv,FALSE,FALSE,TRUE,FALSE,TRUE,OPPORTUNITY,5070,50702,TRUE,large,Shapelet,,
S1-ADL1.test.csv@77.csv,FALSE,FALSE,TRUE,FALSE,TRUE,OPPORTUNITY,5070,50702,TRUE,large,Shapelet,,
S1-ADL1.test.csv@78.csv,FALSE,FALSE,FALSE,FALSE,TRUE,OPPORTUNITY,5070,50702,TRUE,large,Shapelet,,
S1-ADL1.test.csv@79.csv,FALSE,FALSE,TRUE,TRUE,FALSE,OPPORTUNITY,5070,50702,TRUE,large,Shapelet,,
S1-ADL1.test.csv@80.csv,FALSE,FALSE,TRUE,TRUE,FALSE,OPPORTUNITY,5070,50702,TRUE,large,Shapelet,,
S1-ADL1.test.csv@81.csv,FALSE,FALSE,TRUE,TRUE,TRUE,OPPORTUNITY,5070,50702,TRUE,large,Shapelet,,
S1-ADL1.test.csv@89.csv,FALSE,FALSE,TRUE,FALSE,TRUE,OPPORTUNITY,5070,50702,TRUE,large,Shapelet,,
S1-ADL1.test.csv@90.csv,FALSE,FALSE,TRUE,FALSE,TRUE,OPPORTUNITY,5070,50702,TRUE,large,Shapelet,,
S1-ADL1.test.csv@93.csv,FALSE,FALSE,TRUE,TRUE,FALSE,OPPORTUNITY,5070,50702,TRUE,large,Shapelet,,
S1-ADL1.test.csv@94.csv,FALSE,FALSE,TRUE,TRUE,TRUE,OPPORTUNITY,5070,50702,TRUE,large,Shapelet,,
S1-ADL1.test.csv@95.csv,FALSE,FALSE,FALSE,FALSE,FALSE,OPPORTUNITY,5070,50702,TRUE,large,Shapelet,,
208_UCR_Anomaly_CHARISten_5130_27929_27989.csv,FALSE,TRUE,TRUE,TRUE,FALSE,KDD21,5130,40870,TRUE,large,Seasonal,,
067_UCR_Anomaly_DISTORTEDinsectEPG3_5200_7000_7050.csv,FALSE,FALSE,TRUE,FALSE,FALSE,KDD21,5200,9998,TRUE,large,Shapelet,,
107_UCR_Anomaly_NOISEinsectEPG3_5200_7000_7050.csv,FALSE,FALSE,TRUE,FALSE,FALSE,KDD21,5200,9998,TRUE,large,Shapelet,,
175_UCR_Anomaly_insectEPG3_5200_7000_7050.csv,FALSE,FALSE,TRUE,FALSE,FALSE,KDD21,5200,9998,TRUE,large,Shapelet,,
057_UCR_Anomaly_DISTORTEDapneaecg4_6000_16000_16100.csv,FALSE,FALSE,TRUE,FALSE,FALSE,KDD21,6000,38269,TRUE,large,Seasonal,,
104_UCR_Anomaly_NOISEapneaecg4_6000_16000_16100.csv,FALSE,FALSE,TRUE,TRUE,FALSE,KDD21,6000,38269,TRUE,large,shapelet,,
165_UCR_Anomaly_apneaecg4_6000_16000_16100.csv,FALSE,FALSE,TRUE,FALSE,FALSE,KDD21,6000,38269,TRUE,large,Shapelet,,
040_UCR_Anomaly_DISTORTEDLab2Cmac011215EPG4_6000_17390_17520.csv,FALSE,FALSE,TRUE,TRUE,FALSE,KDD21,6000,30066,TRUE,large,Shapelet,,
101_UCR_Anomaly_NOISELab2Cmac011215EPG4_6000_17390_17520.csv,FALSE,FALSE,TRUE,TRUE,FALSE,KDD21,6000,30066,TRUE,large,Shapelet,,
148_UCR_Anomaly_Lab2Cmac011215EPG4_6000_17390_17520.csv,FALSE,FALSE,TRUE,TRUE,FALSE,KDD21,6000,30066,TRUE,large,Shapelet,,
042_UCR_Anomaly_DISTORTEDLab2Cmac011215EPG6_7000_12190_12420.csv,FALSE,FALSE,TRUE,TRUE,FALSE,KDD21,7000,29859,TRUE,large,Shapelet,,
150_UCR_Anomaly_Lab2Cmac011215EPG6_7000_12190_12420.csv,FALSE,FALSE,TRUE,TRUE,FALSE,KDD21,7000,29859,TRUE,large,Shapelet,,
041_UCR_Anomaly_DISTORTEDLab2Cmac011215EPG5_7000_17390_17520.csv,FALSE,FALSE,TRUE,TRUE,FALSE,KDD21,7000,29826,TRUE,large,Shapelet,,
149_UCR_Anomaly_Lab2Cmac011215EPG5_7000_17390_17520.csv,FALSE,FALSE,TRUE,TRUE,FALSE,KDD21,7000,29826,TRUE,large,Shapelet,,
014_UCR_Anomaly_DISTORTEDECG3_8000_17000_17100.csv,FALSE,TRUE,TRUE,FALSE,FALSE,KDD21,8000,30000,TRUE,large,Shapelet,,
018_UCR_Anomaly_DISTORTEDECG4_8000_17000_17100.csv,FALSE,TRUE,TRUE,FALSE,FALSE,KDD21,8000,30000,TRUE,large,Shapelet,,
122_UCR_Anomaly_ECG3_8000_17000_17100.csv,FALSE,TRUE,TRUE,FALSE,FALSE,KDD21,8000,30000,TRUE,large,Shapelet,,
126_UCR_Anomaly_ECG4_8000_17000_17100.csv,FALSE,TRUE,TRUE,FALSE,FALSE,KDD21,8000,30000,TRUE,large,Shapelet,,
231_UCR_Anomaly_mit14134longtermecg_8763_47530_47790.csv,FALSE,FALSE,TRUE,TRUE,FALSE,KDD21,8763,59000,TRUE,large,Shapelet,,
232_UCR_Anomaly_mit14134longtermecg_8763_57530_57790.csv,FALSE,FALSE,TRUE,TRUE,FALSE,KDD21,8763,59000,TRUE,large,Shapelet,,
212_UCR_Anomaly_Italianpowerdemand_8913_29480_29504.csv,FALSE,TRUE,TRUE,TRUE,FALSE,KDD21,8913,29931,TRUE,large,Shapelet,,
044_UCR_Anomaly_DISTORTEDPowerDemand1_9000_18485_18821.csv,FALSE,TRUE,TRUE,TRUE,FALSE,KDD21,9000,29931,TRUE,large,Shapelet,,
152_UCR_Anomaly_PowerDemand1_9000_18485_18821.csv,FALSE,TRUE,TRUE,TRUE,FALSE,KDD21,9000,29931,TRUE,large,Shapelet,,
205_UCR_Anomaly_CHARISfive_9812_28995_29085.csv,TRUE,TRUE,FALSE,FALSE,FALSE,KDD21,9812,39870,TRUE,large,Shapelet,,
9.test.csv,FALSE,FALSE,TRUE,TRUE,FALSE,MGAB,10000,100000,TRUE,large,mix,,
8.test.csv,FALSE,FALSE,TRUE,TRUE,FALSE,MGAB,10000,100000,TRUE,large,mix,,
10.test.csv,FALSE,FALSE,TRUE,TRUE,FALSE,MGAB,10000,100000,TRUE,large,mix,,
3.test.csv,FALSE,FALSE,TRUE,TRUE,FALSE,MGAB,10000,100000,TRUE,large,mix,,
2.test.csv,FALSE,FALSE,TRUE,TRUE,FALSE,MGAB,10000,100000,TRUE,large,mix,,
4.test.csv,FALSE,FALSE,TRUE,TRUE,FALSE,MGAB,10000,100000,TRUE,large,mix,,
201_UCR_Anomaly_CHARISfive_10000_17001_17016.csv,FALSE,TRUE,TRUE,FALSE,FALSE,KDD21,10000,41347,TRUE,large,Shapelet,,
085_UCR_Anomaly_DISTORTEDs20101m_10000_35774_35874.csv,FALSE,FALSE,TRUE,TRUE,FALSE,KDD21,10000,40000,TRUE,large,Shapelet,,
193_UCR_Anomaly_s20101m_10000_35774_35874.csv,FALSE,FALSE,TRUE,TRUE,FALSE,KDD21,10000,40000,TRUE,large,Shapelet,,
055_UCR_Anomaly_DISTORTEDapneaecg2_10000_20950_21100.csv,FALSE,FALSE,TRUE,TRUE,FALSE,KDD21,10000,38501,TRUE,large,Shapelet,,
058_UCR_Anomaly_DISTORTEDapneaecg_10000_12240_12308.csv,FALSE,FALSE,TRUE,FALSE,FALSE,KDD21,10000,38501,TRUE,large,Shapelet,,
163_UCR_Anomaly_apneaecg2_10000_20950_21100.csv,FALSE,FALSE,TRUE,FALSE,FALSE,KDD21,10000,38501,TRUE,large,Shapelet,,
166_UCR_Anomaly_apneaecg_10000_12240_12308.csv,FALSE,FALSE,TRUE,FALSE,FALSE,KDD21,10000,38501,TRUE,large,Shapelet,,
011_UCR_Anomaly_DISTORTEDECG1_10000_11800_12100.csv,FALSE,FALSE,TRUE,FALSE,FALSE,KDD21,10000,30000,TRUE,large,Shapelet,,
119_UCR_Anomaly_ECG1_10000_11800_12100.csv,FALSE,FALSE,TRUE,FALSE,FALSE,KDD21,10000,30000,TRUE,large,Shapelet,,
043_UCR_Anomaly_DISTORTEDMesoplodonDensirostris_10000_19280_19440.csv,FALSE,FALSE,TRUE,FALSE,FALSE,KDD21,10000,24667,TRUE,large,Shapelet,,
102_UCR_Anomaly_NOISEMesoplodonDensirostris_10000_19280_19440.csv,FALSE,FALSE,TRUE,FALSE,FALSE,KDD21,10000,24667,TRUE,large,Shapelet,,
151_UCR_Anomaly_MesoplodonDensirostris_10000_19280_19440.csv,FALSE,FALSE,TRUE,FALSE,FALSE,KDD21,10000,24667,TRUE,large,Shapelet,,
202_UCR_Anomaly_CHARISfive_10411_10998_11028.csv,TRUE,TRUE,FALSE,FALSE,FALSE,KDD21,10411,41790,TRUE,large,Shapelet,,
KPI-43115f2a-baeb-3b01-96f7-4ea14188343c.test.csv,FALSE,FALSE,TRUE,FALSE,FALSE,IOPS,11062,110629,TRUE,large,Shapelet,,
KPI-f0932edd-6400-3e63-9559-0a9860a1baa9.test.csv,FALSE,FALSE,TRUE,FALSE,FALSE,IOPS,11214,112149,TRUE,large,Shapelet,,
227_UCR_Anomaly_mit14134longtermecg_11231_29000_29100.csv,FALSE,FALSE,TRUE,TRUE,FALSE,KDD21,11231,59302,TRUE,large,Shapelet,,
228_UCR_Anomaly_mit14134longtermecg_11361_47830_47850.csv,FALSE,FALSE,TRUE,TRUE,FALSE,KDD21,11361,59000,TRUE,large,Shapelet,,
203_UCR_Anomaly_CHARISfive_11812_10995_11028.csv,FALSE,FALSE,TRUE,TRUE,FALSE,KDD21,11812,41612,TRUE,large,Shapelet,,
084_UCR_Anomaly_DISTORTEDs20101mML2_12000_35774_35874.csv,FALSE,FALSE,TRUE,FALSE,FALSE,KDD21,12000,40000,TRUE,large,Shapelet,,
192_UCR_Anomaly_s20101mML2_12000_35774_35874.csv,FALSE,FALSE,TRUE,FALSE,FALSE,KDD21,12000,40000,TRUE,large,Shapelet,,
204_UCR_Anomaly_CHARISfive_12412_15000_15070.csv,TRUE,TRUE,FALSE,FALSE,FALSE,KDD21,12412,41999,TRUE,large,Shapelet,,
KPI-431a8542-c468-3988-a508-3afd06a218da.train.csv,FALSE,TRUE,FALSE,FALSE,FALSE,IOPS,12904,129046,TRUE,large,Shapelet,,
153_UCR_Anomaly_PowerDemand2_14000_23357_23717.csv,FALSE,TRUE,TRUE,TRUE,FALSE,KDD21,14000,29931,TRUE,large,Shapelet,,
045_UCR_Anomaly_DISTORTEDPowerDemand2_14000_23357_23717.csv,FALSE,TRUE,TRUE,TRUE,FALSE,KDD21,14000,29931,TRUE,large,Trend,,
KPI-6efa3a07-4544-34a0-b921-a155bd1a05e8.train.csv,FALSE,FALSE,TRUE,TRUE,FALSE,IOPS,14513,145135,TRUE,large,Shapelet,,
KPI-55f8b8b8-b659-38df-b3df-e4a5a8a54bc9.train.csv,FALSE,TRUE,TRUE,TRUE,FALSE,IOPS,14620,146204,TRUE,large,Shapelet,,
KPI-6d1114ae-be04-3c46-b5aa-be1a003a57cd.test.csv,FALSE,TRUE,TRUE,TRUE,FALSE,IOPS,14912,149122,TRUE,large,Shapelet,,
KPI-6efa3a07-4544-34a0-b921-a155bd1a05e8.test.csv,FALSE,FALSE,TRUE,FALSE,FALSE,IOPS,14914,149148,TRUE,large,Shapelet,,
KPI-c69a50cf-ee03-3bd7-831e-407d36c7ee91.test.csv,FALSE,FALSE,TRUE,TRUE,FALSE,IOPS,14915,149159,TRUE,large,Shapelet,,
012_UCR_Anomaly_DISTORTEDECG2_15000_16000_16100.csv,FALSE,FALSE,TRUE,FALSE,FALSE,KDD21,15000,30000,TRUE,large,Shapelet,,
013_UCR_Anomaly_DISTORTEDECG3_15000_16000_16100.csv,FALSE,TRUE,TRUE,FALSE,FALSE,KDD21,15000,30000,TRUE,large,Shapelet,,
120_UCR_Anomaly_ECG2_15000_16000_16100.csv,FALSE,FALSE,TRUE,FALSE,FALSE,KDD21,15000,30000,TRUE,large,Shapelet,,
121_UCR_Anomaly_ECG3_15000_16000_16100.csv,FALSE,TRUE,TRUE,FALSE,FALSE,KDD21,15000,30000,TRUE,large,Shapelet,,
154_UCR_Anomaly_PowerDemand3_16000_23405_23477.csv,FALSE,TRUE,TRUE,TRUE,FALSE,KDD21,16000,29931,TRUE,large,Seasonal,,
046_UCR_Anomaly_DISTORTEDPowerDemand3_16000_23405_23477.csv,FALSE,TRUE,TRUE,TRUE,FALSE,KDD21,16000,29931,TRUE,large,shapelet,,
229_UCR_Anomaly_mit14134longtermecg_16363_57960_57970.csv,FALSE,FALSE,TRUE,TRUE,FALSE,KDD21,16363,59000,TRUE,large,Shapelet,,
087_UCR_Anomaly_DISTORTEDsel840mECG1_17000_51370_51740.csv,FALSE,FALSE,TRUE,FALSE,FALSE,KDD21,17000,60000,TRUE,large,Seasonal,,
195_UCR_Anomaly_sel840mECG1_17000_51370_51740.csv,FALSE,FALSE,TRUE,FALSE,FALSE,KDD21,17000,60000,TRUE,large,Seasonal,,
070_UCR_Anomaly_DISTORTEDltstdbs30791AI_17555_52600_52800.csv,FALSE,FALSE,TRUE,FALSE,FALSE,KDD21,17555,56123,TRUE,large,Shapelet,,
178_UCR_Anomaly_ltstdbs30791AI_17555_52600_52800.csv,FALSE,FALSE,TRUE,FALSE,FALSE,KDD21,17555,56123,TRUE,large,Shapelet,,
155_UCR_Anomaly_PowerDemand4_18000_24005_24077.csv,FALSE,TRUE,TRUE,TRUE,FALSE,KDD21,18000,29931,TRUE,large,Seasonal,,
047_UCR_Anomaly_DISTORTEDPowerDemand4_18000_24005_24077.csv,FALSE,TRUE,TRUE,TRUE,FALSE,KDD21,18000,29931,TRUE,large,Shapelet,,
063_UCR_Anomaly_DISTORTEDgaitHunt2_18500_31200_31850.csv,FALSE,TRUE,TRUE,TRUE,FALSE,KDD21,18500,64000,TRUE,large,shapelet,,
062_UCR_Anomaly_DISTORTEDgaitHunt1_18500_33070_33180.csv,FALSE,TRUE,TRUE,TRUE,FALSE,KDD21,18500,64000,TRUE,large,Shapelet,,
106_UCR_Anomaly_NOISEgaitHunt2_18500_31200_31850.csv,FALSE,TRUE,TRUE,TRUE,FALSE,KDD21,18500,64000,TRUE,large,Shapelet,,
170_UCR_Anomaly_gaitHunt1_18500_33070_33180.csv,FALSE,TRUE,TRUE,TRUE,FALSE,KDD21,18500,64000,TRUE,large,Shapelet,,
171_UCR_Anomaly_gaitHunt2_18500_31200_31850.csv,FALSE,TRUE,TRUE,TRUE,FALSE,KDD21,18500,64000,TRUE,large,Shapelet,,
234_UCR_Anomaly_mit14157longtermecg_18913_24600_24601.csv,FALSE,FALSE,TRUE,TRUE,FALSE,KDD21,18913,98710,TRUE,large,Contextual,,
235_UCR_Anomaly_mit14157longtermecg_18913_75450_75451.csv,FALSE,FALSE,TRUE,TRUE,FALSE,KDD21,18913,97300,TRUE,large,Global,,
233_UCR_Anomaly_mit14157longtermecg_18913_24500_24501.csv,FALSE,FALSE,TRUE,TRUE,FALSE,KDD21,18913,92710,TRUE,large,Global,,
209_UCR_Anomaly_Fantasia_19000_26970_27270.csv,TRUE,FALSE,TRUE,TRUE,FALSE,KDD21,19000,92000,TRUE,large,Seasonal,,
236_UCR_Anomaly_mit14157longtermecg_19313_46350_46390.csv,FALSE,FALSE,TRUE,TRUE,FALSE,KDD21,19313,97000,TRUE,large,Shapelet,,
237_UCR_Anomaly_mit14157longtermecg_19313_89560_90370.csv,FALSE,FALSE,TRUE,TRUE,FALSE,KDD21,19313,97000,TRUE,large,Shapelet,,
230_UCR_Anomaly_mit14134longtermecg_19363_19510_19610.csv,FALSE,FALSE,TRUE,TRUE,FALSE,KDD21,19363,59000,TRUE,large,Shapelet,,
02_Lev_fault_Temp_corr_seed_17_vars_23.test.csv@10.csv,TRUE,FALSE,FALSE,FALSE,TRUE,GHL,20000,200001,TRUE,large,Trend,,
47_Lev_corr_Temp_fault_seed_197_vars_23.test.csv@7.csv,TRUE,FALSE,FALSE,FALSE,TRUE,GHL,20000,200001,TRUE,large,Trend,,
092_UCR_Anomaly_DISTORTEDtiltAPB4_20000_67995_67996.csv,FALSE,TRUE,TRUE,FALSE,FALSE,KDD21,20000,128001,TRUE,large,Contextual,,
200_UCR_Anomaly_tiltAPB4_20000_67995_67996.csv,FALSE,TRUE,TRUE,FALSE,FALSE,KDD21,20000,128001,TRUE,large,Contextual,,
086_UCR_Anomaly_DISTORTEDsddb49_20000_67950_68200.csv,FALSE,FALSE,TRUE,TRUE,FALSE,KDD21,20000,80000,TRUE,large,Shapelet,,
194_UCR_Anomaly_sddb49_20000_67950_68200.csv,FALSE,FALSE,TRUE,FALSE,FALSE,KDD21,20000,80000,TRUE,large,Shapelet,,
059_UCR_Anomaly_DISTORTEDgait1_20000_38500_38800.csv,FALSE,TRUE,TRUE,FALSE,FALSE,KDD21,20000,65000,TRUE,large,shapelet,,
167_UCR_Anomaly_gait1_20000_38500_38800.csv,FALSE,TRUE,TRUE,TRUE,FALSE,KDD21,20000,65000,TRUE,large,Shapelet,,
196_UCR_Anomaly_sel840mECG2_20000_49370_49740.csv,FALSE,FALSE,TRUE,TRUE,FALSE,KDD21,20000,57001,TRUE,large,Seasonal,,
088_UCR_Anomaly_DISTORTEDsel840mECG2_20000_49370_49740.csv,FALSE,FALSE,TRUE,TRUE,FALSE,KDD21,20000,57001,TRUE,large,Shapelet,,
072_UCR_Anomaly_DISTORTEDltstdbs30791ES_20000_52600_52800.csv,FALSE,FALSE,TRUE,TRUE,FALSE,KDD21,20000,55000,TRUE,large,Shapelet,,
180_UCR_Anomaly_ltstdbs30791ES_20000_52600_52800.csv,FALSE,FALSE,TRUE,TRUE,FALSE,KDD21,20000,55000,TRUE,large,Shapelet,,
238_UCR_Anomaly_mit14157longtermecg_21311_72600_72780.csv,FALSE,FALSE,TRUE,TRUE,FALSE,KDD21,21311,99000,TRUE,large,Shapelet,,
060_UCR_Anomaly_DISTORTEDgait2_22000_46500_46800.csv,FALSE,TRUE,TRUE,TRUE,FALSE,KDD21,22000,65000,TRUE,large,Shapelet,,
168_UCR_Anomaly_gait2_22000_46500_46800.csv,FALSE,TRUE,TRUE,TRUE,FALSE,KDD21,22000,65000,TRUE,large,Shapelet,,
MBA_ECG14046_data_10.csv,FALSE,FALSE,TRUE,TRUE,FALSE,ECG,22990,229900,TRUE,large,Shapelet,,
MBA_ECG14046_data_12.csv,FALSE,FALSE,TRUE,FALSE,FALSE,ECG,22990,229900,TRUE,large,Shapelet,,
MBA_ECG14046_data_14.csv,FALSE,FALSE,TRUE,FALSE,FALSE,ECG,22990,229900,TRUE,large,Shapelet,,
MBA_ECG14046_data_15.csv,FALSE,FALSE,TRUE,TRUE,FALSE,ECG,22990,229900,TRUE,large,Shapelet,,
MBA_ECG14046_data_2.csv,FALSE,FALSE,TRUE,TRUE,FALSE,ECG,22990,229900,TRUE,large,Shapelet,,
MBA_ECG14046_data_20.csv,FALSE,FALSE,TRUE,TRUE,FALSE,ECG,22990,229900,TRUE,large,Shapelet,,
MBA_ECG14046_data_21.csv,FALSE,FALSE,TRUE,TRUE,FALSE,ECG,22990,229900,TRUE,large,Shapelet,,
MBA_ECG14046_data_22.csv,FALSE,FALSE,TRUE,TRUE,FALSE,ECG,22990,229900,TRUE,large,Shapelet,,
MBA_ECG14046_data_26.csv,FALSE,FALSE,TRUE,TRUE,FALSE,ECG,22990,229900,TRUE,large,Shapelet,,
MBA_ECG14046_data_28.csv,FALSE,FALSE,TRUE,TRUE,FALSE,ECG,22990,229900,TRUE,large,Shapelet,,
MBA_ECG14046_data_30.csv,FALSE,FALSE,TRUE,TRUE,FALSE,ECG,22990,229900,TRUE,large,Shapelet,,
MBA_ECG14046_data_31.csv,FALSE,FALSE,TRUE,TRUE,FALSE,ECG,22990,229900,TRUE,large,Shapelet,,
MBA_ECG14046_data_32.csv,FALSE,FALSE,TRUE,TRUE,FALSE,ECG,22990,229900,TRUE,large,Shapelet,,
MBA_ECG14046_data_35.csv,FALSE,FALSE,TRUE,TRUE,FALSE,ECG,22990,229900,TRUE,large,Shapelet,,
MBA_ECG14046_data_37.csv,FALSE,FALSE,TRUE,TRUE,FALSE,ECG,22990,229900,TRUE,large,Shapelet,,
MBA_ECG14046_data_45.csv,FALSE,FALSE,TRUE,TRUE,FALSE,ECG,22990,229900,TRUE,large,Shapelet,,
MBA_ECG14046_data_6.csv,FALSE,FALSE,TRUE,TRUE,FALSE,ECG,22990,229900,TRUE,large,Shapelet,,
MBA_ECG14046_data_9.csv,FALSE,FALSE,TRUE,TRUE,FALSE,ECG,22990,229900,TRUE,large,Shapelet,,
071_UCR_Anomaly_DISTORTEDltstdbs30791AS_23000_52600_52800.csv,FALSE,FALSE,TRUE,FALSE,FALSE,KDD21,23000,55000,TRUE,large,Shapelet,,
179_UCR_Anomaly_ltstdbs30791AS_23000_52600_52800.csv,FALSE,FALSE,TRUE,FALSE,FALSE,KDD21,23000,55000,TRUE,large,Shapelet,,
802.test.csv@1.csv,FALSE,FALSE,TRUE,FALSE,FALSE,SVDB,23040,230400,TRUE,large,Shapelet,,
802.test.csv@2.csv,FALSE,FALSE,TRUE,TRUE,FALSE,SVDB,23040,230400,TRUE,large,Shapelet,,
803.test.csv@1.csv,FALSE,FALSE,TRUE,TRUE,FALSE,SVDB,23040,230400,TRUE,large,Shapelet,,
803.test.csv@2.csv,FALSE,FALSE,TRUE,TRUE,FALSE,SVDB,23040,230400,TRUE,large,Shapelet,,
806.test.csv@1.csv,FALSE,FALSE,TRUE,FALSE,FALSE,SVDB,23040,230400,TRUE,large,mix,,
806.test.csv@2.csv,FALSE,FALSE,TRUE,FALSE,FALSE,SVDB,23040,230400,TRUE,large,mix,,
809.test.csv@1.csv,FALSE,FALSE,TRUE,FALSE,FALSE,SVDB,23040,230400,TRUE,large,Seasonal,,
810.test.csv@2.csv,FALSE,FALSE,TRUE,FALSE,FALSE,SVDB,23040,230400,TRUE,large,Shapelet,,
811.test.csv@1.csv,FALSE,FALSE,TRUE,TRUE,FALSE,SVDB,23040,230400,TRUE,large,Shapelet,,
811.test.csv@2.csv,FALSE,FALSE,TRUE,TRUE,FALSE,SVDB,23040,230400,TRUE,large,Shapelet,,
812.test.csv@2.csv,FALSE,FALSE,TRUE,FALSE,FALSE,SVDB,23040,230400,TRUE,large,Shapelet,,
820.test.csv@2.csv,FALSE,FALSE,TRUE,TRUE,FALSE,SVDB,23040,230400,TRUE,large,Seasonal,,
824.test.csv@1.csv,FALSE,FALSE,TRUE,FALSE,FALSE,SVDB,23040,230400,TRUE,large,mix,,
825.test.csv@1.csv,FALSE,FALSE,TRUE,TRUE,FALSE,SVDB,23040,230400,TRUE,large,Seasonal,,
825.test.csv@2.csv,FALSE,FALSE,TRUE,FALSE,FALSE,SVDB,23040,230400,TRUE,large,Shapelet,,
826.test.csv@2.csv,FALSE,FALSE,TRUE,FALSE,FALSE,SVDB,23040,230400,TRUE,large,Shapelet,,
827.test.csv@2.csv,FALSE,FALSE,TRUE,TRUE,FALSE,SVDB,23040,230400,TRUE,large,Seasonal,,
842.test.csv@1.csv,FALSE,FALSE,TRUE,FALSE,FALSE,SVDB,23040,230400,TRUE,large,Shapelet,,
844.test.csv@1.csv,FALSE,FALSE,TRUE,FALSE,FALSE,SVDB,23040,230400,TRUE,large,Shapelet,,
844.test.csv@2.csv,FALSE,FALSE,TRUE,FALSE,FALSE,SVDB,23040,230400,TRUE,large,Seasonal,,
845.test.csv@1.csv,FALSE,FALSE,TRUE,FALSE,FALSE,SVDB,23040,230400,TRUE,large,Shapelet,,
845.test.csv@2.csv,FALSE,FALSE,TRUE,TRUE,FALSE,SVDB,23040,230400,TRUE,large,Shapelet,,
847.test.csv@1.csv,FALSE,FALSE,TRUE,TRUE,FALSE,SVDB,23040,230400,TRUE,large,mix,,
848.test.csv@1.csv,FALSE,FALSE,TRUE,TRUE,FALSE,SVDB,23040,230400,TRUE,large,mix,,
849.test.csv@1.csv,FALSE,FALSE,TRUE,TRUE,FALSE,SVDB,23040,230400,TRUE,large,mix,,
849.test.csv@2.csv,FALSE,FALSE,TRUE,FALSE,FALSE,SVDB,23040,230400,TRUE,large,Seasonal,,
853.test.csv@1.csv,FALSE,FALSE,TRUE,TRUE,FALSE,SVDB,23040,230400,TRUE,large,mix,,
853.test.csv@2.csv,FALSE,FALSE,TRUE,FALSE,FALSE,SVDB,23040,230400,TRUE,large,Shapelet,,
857.test.csv@1.csv,FALSE,FALSE,TRUE,TRUE,FALSE,SVDB,23040,230400,TRUE,large,Shapelet,,
857.test.csv@2.csv,FALSE,FALSE,TRUE,TRUE,FALSE,SVDB,23040,230400,TRUE,large,Shapelet,,
858.test.csv@1.csv,FALSE,FALSE,TRUE,TRUE,FALSE,SVDB,23040,230400,TRUE,large,Shapelet,,
858.test.csv@2.csv,FALSE,FALSE,TRUE,FALSE,FALSE,SVDB,23040,230400,TRUE,large,Shapelet,,
864.test.csv@1.csv,FALSE,FALSE,TRUE,TRUE,FALSE,SVDB,23040,230400,TRUE,large,Shapelet,,
864.test.csv@2.csv,FALSE,FALSE,TRUE,TRUE,FALSE,SVDB,23040,230400,TRUE,large,Shapelet,,
871.test.csv@1.csv,FALSE,FALSE,TRUE,TRUE,FALSE,SVDB,23040,230400,TRUE,large,Seasonal,,
872.test.csv@1.csv,FALSE,FALSE,TRUE,TRUE,FALSE,SVDB,23040,230400,TRUE,large,Shapelet,,
872.test.csv@2.csv,FALSE,FALSE,TRUE,TRUE,FALSE,SVDB,23040,230400,TRUE,large,Seasonal,,
873.test.csv@1.csv,FALSE,FALSE,TRUE,FALSE,FALSE,SVDB,23040,230400,TRUE,large,Seasonal,,
873.test.csv@2.csv,FALSE,FALSE,TRUE,TRUE,FALSE,SVDB,23040,230400,TRUE,large,Seasonal,,
874.test.csv@1.csv,FALSE,FALSE,TRUE,FALSE,FALSE,SVDB,23040,230400,TRUE,large,Shapelet,,
874.test.csv@2.csv,FALSE,FALSE,TRUE,TRUE,FALSE,SVDB,23040,230400,TRUE,large,Shapelet,,
875.test.csv@1.csv,FALSE,FALSE,TRUE,TRUE,FALSE,SVDB,23040,230400,TRUE,large,Shapelet,,
875.test.csv@2.csv,FALSE,FALSE,TRUE,TRUE,FALSE,SVDB,23040,230400,TRUE,large,Shapelet,,
877.test.csv@2.csv,FALSE,FALSE,TRUE,FALSE,FALSE,SVDB,23040,230400,TRUE,large,Seasonal,,
882.test.csv@2.csv,FALSE,FALSE,TRUE,TRUE,FALSE,SVDB,23040,230400,TRUE,large,Seasonal,,
883.test.csv@1.csv,FALSE,FALSE,TRUE,TRUE,FALSE,SVDB,23040,230400,TRUE,large,Shapelet,,
883.test.csv@2.csv,FALSE,FALSE,TRUE,TRUE,FALSE,SVDB,23040,230400,TRUE,large,Seasonal,,
886.test.csv@1.csv,FALSE,FALSE,TRUE,TRUE,FALSE,SVDB,23040,230400,TRUE,large,Shapelet,,
886.test.csv@2.csv,FALSE,FALSE,TRUE,FALSE,FALSE,SVDB,23040,230400,TRUE,large,Shapelet,,
888.test.csv@1.csv,FALSE,FALSE,TRUE,TRUE,FALSE,SVDB,23040,230400,TRUE,large,Shapelet,,
888.test.csv@2.csv,FALSE,FALSE,TRUE,TRUE,FALSE,SVDB,23040,230400,TRUE,large,mix,,
890.test.csv@2.csv,FALSE,FALSE,TRUE,TRUE,FALSE,SVDB,23040,230400,TRUE,large,Shapelet,,
MBA_ECG803_data.csv,FALSE,FALSE,TRUE,TRUE,FALSE,ECG,23040,230400,TRUE,large,Shapelet,,
MBA_ECG805_data.csv,FALSE,FALSE,TRUE,TRUE,FALSE,ECG,23040,230400,TRUE,large,Shapelet,,
MBA_ECG806_data.csv,FALSE,FALSE,TRUE,FALSE,FALSE,ECG,23040,230400,TRUE,large,Shapelet,,
MBA_ECG820_data.csv,FALSE,FALSE,TRUE,FALSE,FALSE,ECG,23040,230400,TRUE,large,Shapelet,,
064_UCR_Anomaly_DISTORTEDgaitHunt3_23400_38400_39200.csv,FALSE,TRUE,TRUE,TRUE,FALSE,KDD21,23400,64000,TRUE,large,Shapelet,,
172_UCR_Anomaly_gaitHunt3_23400_38400_39200.csv,FALSE,TRUE,TRUE,TRUE,FALSE,KDD21,23400,64000,TRUE,large,Shapelet,,
105_UCR_Anomaly_NOISEgait3_24500_59900_60500.csv,FALSE,TRUE,TRUE,TRUE,FALSE,KDD21,24500,65000,TRUE,large,seasonal,,
061_UCR_Anomaly_DISTORTEDgait3_24500_59900_60500.csv,FALSE,TRUE,TRUE,TRUE,FALSE,KDD21,24500,65000,TRUE,large,shapelet,,
169_UCR_Anomaly_gait3_24500_59900_60500.csv,FALSE,TRUE,TRUE,TRUE,FALSE,KDD21,24500,65000,TRUE,large,Shapelet,,
206_UCR_Anomaly_CHARISten_25130_29080_29140.csv,TRUE,TRUE,FALSE,FALSE,FALSE,KDD21,25130,42000,TRUE,large,Shapelet,,
188_UCR_Anomaly_resperation2_30000_168250_168251.csv,FALSE,TRUE,TRUE,TRUE,FALSE,KDD21,30000,190050,TRUE,large,Contextual,,
080_UCR_Anomaly_DISTORTEDresperation2_30000_168250_168251.csv,FALSE,TRUE,TRUE,TRUE,FALSE,KDD21,30000,190050,TRUE,large,Global,,
213_UCR_Anomaly_STAFFIIIDatabase_33211_126920_127370.csv,FALSE,FALSE,TRUE,FALSE,FALSE,KDD21,33211,300000,TRUE,large,Shapelet,,
214_UCR_Anomaly_STAFFIIIDatabase_34211_125720_126370.csv,FALSE,FALSE,TRUE,TRUE,FALSE,KDD21,34211,299690,TRUE,large,Shapelet,,
002_UCR_Anomaly_DISTORTED2sddb40_35000_56600_56900.csv,FALSE,FALSE,TRUE,TRUE,FALSE,KDD21,35000,80001,TRUE,large,Shapelet,,
110_UCR_Anomaly_2sddb40_35000_56600_56900.csv,FALSE,FALSE,TRUE,FALSE,FALSE,KDD21,35000,80001,TRUE,large,Shapelet,,
003_UCR_Anomaly_DISTORTED3sddb40_35000_46600_46900.csv,FALSE,FALSE,TRUE,FALSE,FALSE,KDD21,35000,80000,TRUE,large,Shapelet,,
111_UCR_Anomaly_3sddb40_35000_46600_46900.csv,FALSE,FALSE,TRUE,FALSE,FALSE,KDD21,35000,80000,TRUE,large,Shapelet,,
001_UCR_Anomaly_DISTORTED1sddb40_35000_52000_52620.csv,FALSE,FALSE,TRUE,FALSE,FALSE,KDD21,35000,79795,TRUE,large,Shapelet,,
093_UCR_Anomaly_NOISE1sddb40_35000_52000_52620.csv,FALSE,FALSE,TRUE,FALSE,FALSE,KDD21,35000,79795,TRUE,large,Shapelet,,
109_UCR_Anomaly_1sddb40_35000_52000_52620.csv,FALSE,FALSE,TRUE,FALSE,FALSE,KDD21,35000,79795,TRUE,large,Shapelet,,
210_UCR_Anomaly_Italianpowerdemand_36123_74900_74996.csv,FALSE,TRUE,TRUE,TRUE,FALSE,KDD21,36123,119819,TRUE,large,seasonal,,
215_UCR_Anomaly_STAFFIIIDatabase_36276_106720_107370.csv,FALSE,FALSE,TRUE,TRUE,FALSE,KDD21,36276,299990,TRUE,large,Shapelet,,
216_UCR_Anomaly_STAFFIIIDatabase_37216_160720_161370.csv,FALSE,FALSE,TRUE,FALSE,FALSE,KDD21,37216,299890,TRUE,large,Shapelet,,
083_UCR_Anomaly_DISTORTEDresperation9_38000_143411_143511.csv,FALSE,TRUE,TRUE,TRUE,FALSE,KDD21,38000,195000,TRUE,large,Shapelet,,
191_UCR_Anomaly_resperation9_38000_143411_143511.csv,FALSE,TRUE,TRUE,TRUE,FALSE,KDD21,38000,195000,TRUE,large,Shapelet,,
211_UCR_Anomaly_Italianpowerdemand_38113_39240_39336.csv,FALSE,TRUE,TRUE,TRUE,FALSE,KDD21,38113,119580,TRUE,large,trend,,
217_UCR_Anomaly_STAFFIIIDatabase_38211_150720_151370.csv,FALSE,FALSE,TRUE,TRUE,FALSE,KDD21,38211,299690,TRUE,large,Shapelet,,
091_UCR_Anomaly_DISTORTEDtiltAPB3_40000_114000_114370.csv,FALSE,TRUE,TRUE,FALSE,FALSE,KDD21,40000,129489,TRUE,large,Shapelet,,
199_UCR_Anomaly_tiltAPB3_40000_114000_114370.csv,FALSE,TRUE,TRUE,FALSE,FALSE,KDD21,40000,129489,TRUE,large,Shapelet,,
218_UCR_Anomaly_STAFFIIIDatabase_41117_210720_211370.csv,FALSE,FALSE,TRUE,FALSE,FALSE,KDD21,41117,299940,TRUE,large,Shapelet,,
219_UCR_Anomaly_STAFFIIIDatabase_41612_64632_64852.csv,FALSE,FALSE,TRUE,FALSE,FALSE,KDD21,41612,299840,TRUE,large,Shapelet,,
220_UCR_Anomaly_STAFFIIIDatabase_43217_250720_251370.csv,FALSE,FALSE,TRUE,FALSE,FALSE,KDD21,43217,299790,TRUE,large,Shapelet,,
081_UCR_Anomaly_DISTORTEDresperation3_45000_158250_158251.csv,FALSE,TRUE,TRUE,TRUE,FALSE,KDD21,45000,190100,TRUE,large,Contextual,,
189_UCR_Anomaly_resperation3_45000_158250_158251.csv,FALSE,TRUE,TRUE,TRUE,FALSE,KDD21,45000,190100,TRUE,large,Contextual,,
221_UCR_Anomaly_STAFFIIIDatabase_45616_163632_164852.csv,FALSE,FALSE,TRUE,TRUE,FALSE,KDD21,45616,298340,TRUE,large,Shapelet,,
076_UCR_Anomaly_DISTORTEDresperation10_48000_130700_131880.csv,FALSE,TRUE,TRUE,TRUE,FALSE,KDD21,48000,195000,TRUE,large,Seasonal,,
184_UCR_Anomaly_resperation10_48000_130700_131880.csv,FALSE,TRUE,TRUE,TRUE,FALSE,KDD21,48000,195000,TRUE,large,Seasonal,,
090_UCR_Anomaly_DISTORTEDtiltAPB2_50000_124159_124985.csv,FALSE,TRUE,TRUE,FALSE,FALSE,KDD21,50000,128767,TRUE,large,Shapelet,,
198_UCR_Anomaly_tiltAPB2_50000_124159_124985.csv,FALSE,TRUE,TRUE,FALSE,FALSE,KDD21,50000,128767,TRUE,large,Shapelet,,
247_UCR_Anomaly_tilt12755mtable_50211_121900_121980.csv,FALSE,FALSE,TRUE,FALSE,FALSE,KDD21,50211,200000,TRUE,large,Shapelet,,
222_UCR_Anomaly_mit14046longtermecg_56123_91200_91700.csv,FALSE,FALSE,TRUE,FALSE,FALSE,KDD21,56123,211502,TRUE,large,Shapelet,,
077_UCR_Anomaly_DISTORTEDresperation11_58000_110800_110801.csv,FALSE,TRUE,TRUE,TRUE,FALSE,KDD21,58000,195000,TRUE,large,Contextual,,
185_UCR_Anomaly_resperation11_58000_110800_110801.csv,FALSE,TRUE,TRUE,TRUE,FALSE,KDD21,58000,195000,TRUE,large,Contextual,,
073_UCR_Anomaly_DISTORTEDpark3m_60000_72150_72495.csv,FALSE,FALSE,TRUE,TRUE,FALSE,KDD21,60000,90000,TRUE,large,Shapelet,,
181_UCR_Anomaly_park3m_60000_72150_72495.csv,FALSE,TRUE,TRUE,FALSE,FALSE,KDD21,60000,90000,TRUE,large,Shapelet,,
190_UCR_Anomaly_resperation4_70000_128430_128431.csv,FALSE,TRUE,TRUE,TRUE,FALSE,KDD21,70000,195250,TRUE,large,Contextual,,
082_UCR_Anomaly_DISTORTEDresperation4_70000_128430_128431.csv,FALSE,TRUE,TRUE,TRUE,FALSE,KDD21,70000,195250,TRUE,large,shapelet,,
223_UCR_Anomaly_mit14046longtermecg_74123_131200_131700.csv,FALSE,FALSE,TRUE,TRUE,FALSE,KDD21,74123,180386,TRUE,large,Seasonal,,
224_UCR_Anomaly_mit14046longtermecg_76123_191200_191700.csv,FALSE,FALSE,TRUE,TRUE,FALSE,KDD21,76123,199753,TRUE,large,Seasonal,,
225_UCR_Anomaly_mit14046longtermecg_81214_143000_143300.csv,FALSE,FALSE,TRUE,TRUE,FALSE,KDD21,81214,199999,TRUE,large,Shapelet,,
226_UCR_Anomaly_mit14046longtermecg_96123_123000_123300.csv,FALSE,FALSE,TRUE,TRUE,FALSE,KDD21,96123,190001,TRUE,large,Shapelet,,
242_UCR_Anomaly_tilt12744mtable_100000_104630_104890.csv,FALSE,FALSE,TRUE,FALSE,FALSE,KDD21,100000,286667,TRUE,large,Shapelet,,
243_UCR_Anomaly_tilt12744mtable_100000_203355_203400.csv,FALSE,FALSE,TRUE,FALSE,FALSE,KDD21,100000,250001,TRUE,large,Shapelet,,
078_UCR_Anomaly_DISTORTEDresperation1_100000_110260_110412.csv,FALSE,TRUE,TRUE,TRUE,FALSE,KDD21,100000,200000,TRUE,large,Shapelet,,
186_UCR_Anomaly_resperation1_100000_110260_110412.csv,FALSE,TRUE,TRUE,TRUE,FALSE,KDD21,100000,200000,TRUE,large,Shapelet,,
089_UCR_Anomaly_DISTORTEDtiltAPB1_100000_114283_114350.csv,FALSE,TRUE,TRUE,FALSE,FALSE,KDD21,100000,130001,TRUE,large,Seasonal,,
197_UCR_Anomaly_tiltAPB1_100000_114283_114350.csv,FALSE,TRUE,TRUE,FALSE,FALSE,KDD21,100000,130001,TRUE,large,Shapelet,,
244_UCR_Anomaly_tilt12754table_100013_104630_104890.csv,FALSE,FALSE,TRUE,FALSE,FALSE,KDD21,100013,300262,TRUE,large,Seasonal,,
246_UCR_Anomaly_tilt12755mtable_100211_270800_271070.csv,FALSE,FALSE,TRUE,FALSE,FALSE,KDD21,100211,299867,TRUE,large,Seasonal,,
245_UCR_Anomaly_tilt12754table_100211_270800_271070.csv,FALSE,FALSE,TRUE,FALSE,FALSE,KDD21,100211,298747,TRUE,large,Shapelet,,
ASD_dataset_1.csv,,,,,,ASD,8640,,FALSE,mult_old,,,
ASD_dataset_10.csv,,,,,,ASD,8640,,FALSE,mult_old,,,
ASD_dataset_11.csv,,,,,,ASD,8640,,FALSE,mult_old,,,
ASD_dataset_12.csv,,,,,,ASD,7291,,FALSE,mult_old,,,
ASD_dataset_2.csv,,,,,,ASD,8640,,FALSE,mult_old,,,
ASD_dataset_3.csv,,,,,,ASD,8640,,FALSE,mult_old,,,
ASD_dataset_4.csv,,,,,,ASD,8640,,FALSE,mult_old,,,
ASD_dataset_5.csv,,,,,,ASD,8640,,FALSE,mult_old,,,
ASD_dataset_6.csv,,,,,,ASD,8640,,FALSE,mult_old,,,
ASD_dataset_7.csv,,,,,,ASD,8640,,FALSE,mult_old,,,
ASD_dataset_8.csv,,,,,,ASD,8640,,FALSE,mult_old,,,
ASD_dataset_9.csv,,,,,,ASD,8640,,FALSE,mult_old,,,
CalIt2.csv,,,,,,CalIt2,2520,,FALSE,mult_old,,,
CICIDS.csv,,,,,,CICIDS,85115,,FALSE,mult_old,,,
Creditcard.csv,,,,,,Creditcard,142403,,FALSE,mult_old,,,
daphnet_S01R02.csv,,,,,,M_daphnet,17365,,FALSE,mult_old,,,
daphnet_S02R01.csv,,,,,,M_daphnet,24187,,FALSE,mult_old,,,
daphnet_S03R01.csv,,,,,,M_daphnet,48063,,FALSE,mult_old,,,
daphnet_S03R02.csv,,,,,,M_daphnet,12924,,FALSE,mult_old,,,
daphnet_S07R01.csv,,,,,,M_daphnet,39841,,FALSE,mult_old,,,
daphnet_S07R02.csv,,,,,,M_daphnet,16778,,FALSE,mult_old,,,
daphnet_S08R01.csv,,,,,,M_daphnet,45529,,FALSE,mult_old,,,
Exathlon_4_1_100000_61-32.csv,,,,,,Exathlon,86182,,FALSE,mult_old,,,
Exathlon_5_1_100000_63-64.csv,,,,,,Exathlon,46660,,FALSE,mult_old,,,
Exathlon_5_1_100000_64-63.csv,,,,,,Exathlon,43066,,FALSE,mult_old,,,
GECCO.csv,,,,,,GECCO,69260,,FALSE,mult_old,,,
Genesis.csv,,,,,,M_genesis,3604,,FALSE,mult_old,,,
MSL.csv,,,,,,MSL,58317,,FALSE,mult_old,,,
PSM.csv,,,,,,PSM,132481,,FALSE,mult_old,,,
PUMP.csv,,,,,,PUMP,76901,,FALSE,mult_old,,,
SKAB_other_10.csv,,,,,,SKAB,9405,,FALSE,mult_old,,,
SKAB_other_11.csv,,,,,,SKAB,9405,,FALSE,mult_old,,,
SKAB_other_12.csv,,,,,,SKAB,9405,,FALSE,mult_old,,,
SKAB_other_13.csv,,,,,,SKAB,9405,,FALSE,mult_old,,,
SKAB_other_14.csv,,,,,,SKAB,9405,,FALSE,mult_old,,,
SKAB_other_2.csv,,,,,,SKAB,9405,,FALSE,mult_old,,,
SKAB_other_3.csv,,,,,,SKAB,9405,,FALSE,mult_old,,,
SKAB_other_4.csv,,,,,,SKAB,9405,,FALSE,mult_old,,,
SKAB_other_5.csv,,,,,,SKAB,9405,,FALSE,mult_old,,,
SKAB_other_6.csv,,,,,,SKAB,9405,,FALSE,mult_old,,,
SKAB_other_7.csv,,,,,,SKAB,9405,,FALSE,mult_old,,,
SKAB_other_8.csv,,,,,,SKAB,9405,,FALSE,mult_old,,,
SKAB_other_9.csv,,,,,,SKAB,9405,,FALSE,mult_old,,,
SKAB_valve1_0.csv,,,,,,SKAB,9405,,FALSE,mult_old,,,
SKAB_valve1_1.csv,,,,,,SKAB,9405,,FALSE,mult_old,,,
SKAB_valve1_10.csv,,,,,,SKAB,9405,,FALSE,mult_old,,,
SKAB_valve1_11.csv,,,,,,SKAB,9405,,FALSE,mult_old,,,
SKAB_valve1_12.csv,,,,,,SKAB,9405,,FALSE,mult_old,,,
SKAB_valve1_13.csv,,,,,,SKAB,9405,,FALSE,mult_old,,,
SKAB_valve1_14.csv,,,,,,SKAB,9405,,FALSE,mult_old,,,
SKAB_valve1_15.csv,,,,,,SKAB,9405,,FALSE,mult_old,,,
SKAB_valve1_2.csv,,,,,,SKAB,9405,,FALSE,mult_old,,,
SKAB_valve1_3.csv,,,,,,SKAB,9405,,FALSE,mult_old,,,
SKAB_valve1_4.csv,,,,,,SKAB,9405,,FALSE,mult_old,,,
SKAB_valve1_5.csv,,,,,,SKAB,9405,,FALSE,mult_old,,,
SKAB_valve1_6.csv,,,,,,SKAB,9405,,FALSE,mult_old,,,
SKAB_valve1_7.csv,,,,,,SKAB,9405,,FALSE,mult_old,,,
SKAB_valve1_8.csv,,,,,,SKAB,9405,,FALSE,mult_old,,,
SKAB_valve1_9.csv,,,,,,SKAB,9405,,FALSE,mult_old,,,
SKAB_valve2_0.csv,,,,,,SKAB,9405,,FALSE,mult_old,,,
SKAB_valve2_1.csv,,,,,,SKAB,9405,,FALSE,mult_old,,,
SKAB_valve2_2.csv,,,,,,SKAB,9405,,FALSE,mult_old,,,
SKAB_valve2_3.csv,,,,,,SKAB,9405,,FALSE,mult_old,,,
SMAP.csv,,,,,,SMAP,135183,,FALSE,mult_old,,,
SMD.csv,,,,,,M_SMD,708405,,FALSE,mult_old,,,
SWAN.csv,,,,,,SWAN,60000,,FALSE,mult_old,,,
SWAT.csv,,,,,,SWAT,495000,,FALSE,mult_old,,,
SKAB_other_1.csv,,,,,,SKAB,9405,,FALSE,mult_old,,,
NYC.csv,,,,,,NYC,13104,,FALSE,mult_old,,,
synthetic_con0.0494.csv,,,,,,TODS,20000,,FALSE,mult_old,,,
synthetic_con0.072.csv,,,,,,TODS,20000,,FALSE,mult_old,,,
synthetic_glo0.048.csv,,,,,,TODS,20000,,FALSE,mult_old,,,
synthetic_glo0.0718.csv,,,,,,TODS,20000,,FALSE,mult_old,,,
synthetic_sea0.0482.csv,,,,,,TODS,20000,,FALSE,mult_old,,,
synthetic_sea0.0774.csv,,,,,,TODS,20000,,FALSE,mult_old,,,
synthetic_sha0.049.csv,,,,,,TODS,20000,,FALSE,mult_old,,,
synthetic_sha0.0742.csv,,,,,,TODS,20000,,FALSE,mult_old,,,
synthetic_sub_mix0.0574.csv,,,,,,TODS,20000,,FALSE,mult_old,,,
synthetic_sub_mix0.089.csv,,,,,,TODS,20000,,FALSE,mult_old,,,
synthetic_tre0.0482.csv,,,,,,TODS,20000,,FALSE,mult_old,,,
synthetic_tre0.0778.csv,,,,,,TODS,20000,,FALSE,mult_old,,,
019_MITDB_id_1_Medical_tr_37500_1st_103211.csv,,,,,,MITDB,37500,,FALSE,mult_new,,150000,0.25
023_MITDB_id_5_Medical_tr_25000_1st_36913.csv,,,,,,MITDB,25000,,FALSE,mult_new,,100000,0.25
024_MITDB_id_6_Medical_tr_50000_1st_58118.csv,,,,,,MITDB,50000,,FALSE,mult_new,,200000,0.25
025_MITDB_id_7_Medical_tr_37500_1st_88864.csv,,,,,,MITDB,37500,,FALSE,mult_new,,150000,0.25
027_MITDB_id_9_Medical_tr_25000_1st_52255.csv,,,,,,MITDB,25000,,FALSE,mult_new,,100000,0.25
028_MITDB_id_10_Medical_tr_37500_1st_39948.csv,,,,,,MITDB,37500,,FALSE,mult_new,,150000,0.25
032_GHL_id_1_Sensor_tr_50000_1st_65001.csv,,,,,,GHL,50000,,FALSE,mult_new,,200001,0.24999875
033_GHL_id_2_Sensor_tr_50000_1st_51001.csv,,,,,,GHL,50000,,FALSE,mult_new,,200001,0.24999875
034_GHL_id_3_Sensor_tr_50000_1st_122001.csv,,,,,,GHL,50000,,FALSE,mult_new,,200001,0.24999875
035_GHL_id_4_Sensor_tr_50000_1st_90001.csv,,,,,,GHL,50000,,FALSE,mult_new,,200001,0.24999875
036_GHL_id_5_Sensor_tr_50000_1st_67147.csv,,,,,,GHL,50000,,FALSE,mult_new,,200001,0.24999875
037_GHL_id_6_Sensor_tr_50000_1st_80001.csv,,,,,,GHL,50000,,FALSE,mult_new,,200001,0.24999875
038_GHL_id_7_Sensor_tr_50000_1st_100001.csv,,,,,,GHL,50000,,FALSE,mult_new,,200001,0.24999875
039_GHL_id_8_Sensor_tr_50000_1st_63030.csv,,,,,,GHL,50000,,FALSE,mult_new,,200001,0.24999875
040_GHL_id_9_Sensor_tr_50000_1st_92001.csv,,,,,,GHL,50000,,FALSE,mult_new,,200001,0.24999875
041_GHL_id_10_Sensor_tr_50000_1st_57001.csv,,,,,,GHL,50000,,FALSE,mult_new,,200001,0.24999875
042_GHL_id_11_Sensor_tr_50000_1st_150001.csv,,,,,,GHL,50000,,FALSE,mult_new,,200001,0.24999875
043_GHL_id_12_Sensor_tr_39938_1st_40038.csv,,,,,,GHL,39938,,FALSE,mult_new,,200001,0.199689002
044_GHL_id_13_Sensor_tr_50000_1st_145001.csv,,,,,,GHL,50000,,FALSE,mult_new,,200001,0.24999875
045_GHL_id_14_Sensor_tr_50000_1st_85076.csv,,,,,,GHL,50000,,FALSE,mult_new,,200001,0.24999875
046_GHL_id_15_Sensor_tr_50000_1st_156462.csv,,,,,,GHL,50000,,FALSE,mult_new,,200001,0.24999875
047_GHL_id_16_Sensor_tr_50000_1st_77001.csv,,,,,,GHL,50000,,FALSE,mult_new,,200001,0.24999875
048_GHL_id_17_Sensor_tr_50000_1st_154001.csv,,,,,,GHL,50000,,FALSE,mult_new,,200001,0.24999875
049_GHL_id_18_Sensor_tr_50000_1st_109001.csv,,,,,,GHL,50000,,FALSE,mult_new,,200001,0.24999875
050_GHL_id_19_Sensor_tr_43750_1st_55001.csv,,,,,,GHL,43750,,FALSE,mult_new,,175001,0.249998571
051_GHL_id_20_Sensor_tr_50000_1st_75110.csv,,,,,,GHL,50000,,FALSE,mult_new,,200001,0.24999875
052_GHL_id_21_Sensor_tr_50000_1st_98001.csv,,,,,,GHL,50000,,FALSE,mult_new,,200001,0.24999875
053_GHL_id_22_Sensor_tr_50000_1st_126448.csv,,,,,,GHL,50000,,FALSE,mult_new,,200001,0.24999875
054_GHL_id_23_Sensor_tr_50000_1st_135001.csv,,,,,,GHL,50000,,FALSE,mult_new,,200001,0.24999875
055_GHL_id_24_Sensor_tr_50000_1st_118124.csv,,,,,,GHL,50000,,FALSE,mult_new,,200001,0.24999875
056_GHL_id_25_Sensor_tr_50000_1st_105568.csv,,,,,,GHL,50000,,FALSE,mult_new,,200001,0.24999875
079_LTDB_id_1_Medical_tr_3618_1st_3718.csv,,,,,,LTDB,3618,,FALSE,mult_new,,100000,0.03618
080_LTDB_id_2_Medical_tr_500_1st_266.csv,,,,,,LTDB,20000,,FALSE,mult_new,,100000,0.2
081_LTDB_id_3_Medical_tr_500_1st_26.csv,,,,,,LTDB,20000,,FALSE,mult_new,,100000,0.2
082_LTDB_id_4_Medical_tr_4456_1st_4556.csv,,,,,,LTDB,4456,,FALSE,mult_new,,100000,0.04456
083_LTDB_id_5_Medical_tr_15502_1st_15602.csv,,,,,,LTDB,15502,,FALSE,mult_new,,100000,0.15502
090_SVDB_id_7_Medical_tr_12157_1st_12257.csv,,,,,,SVDB,12157,,FALSE,mult_new,,50000,0.24314
094_SVDB_id_11_Medical_tr_20100_1st_23611.csv,,,,,,SVDB,20100,,FALSE,mult_new,,80400,0.25
100_SVDB_id_17_Medical_tr_17803_1st_17903.csv,,,,,,SVDB,17803,,FALSE,mult_new,,130400,0.136526074
105_SVDB_id_22_Medical_tr_500_1st_417.csv,,,,,,SVDB,30000,,FALSE,mult_new,,150000,0.2
106_SVDB_id_23_Medical_tr_37500_1st_121963.csv,,,,,,SVDB,37500,,FALSE,mult_new,,150000,0.25
114_SVDB_id_31_Medical_tr_25000_1st_63090.csv,,,,,,SVDB,25000,,FALSE,mult_new,,100000,0.25
116_TAO_id_1_Environment_tr_500_1st_3.csv,,,,,,TAO,2000,,FALSE,mult_new,,10000,0.2
117_TAO_id_2_Environment_tr_500_1st_1.csv,,,,,,TAO,2000,,FALSE,mult_new,,10000,0.2
118_TAO_id_3_Environment_tr_500_1st_7.csv,,,,,,TAO,2000,,FALSE,mult_new,,10000,0.2
119_TAO_id_4_Environment_tr_500_1st_1.csv,,,,,,TAO,2000,,FALSE,mult_new,,10000,0.2
120_TAO_id_5_Environment_tr_500_1st_3.csv,,,,,,TAO,2000,,FALSE,mult_new,,10000,0.2
121_TAO_id_6_Environment_tr_500_1st_7.csv,,,,,,TAO,2000,,FALSE,mult_new,,10000,0.2
122_TAO_id_7_Environment_tr_500_1st_19.csv,,,,,,TAO,2000,,FALSE,mult_new,,10000,0.2
123_TAO_id_8_Environment_tr_500_1st_62.csv,,,,,,TAO,2000,,FALSE,mult_new,,10000,0.2
124_TAO_id_9_Environment_tr_500_1st_1.csv,,,,,,TAO,2000,,FALSE,mult_new,,10000,0.2
125_TAO_id_10_Environment_tr_500_1st_9.csv,,,,,,TAO,2000,,FALSE,mult_new,,10000,0.2
126_TAO_id_11_Environment_tr_500_1st_7.csv,,,,,,TAO,2000,,FALSE,mult_new,,10000,0.2
127_TAO_id_12_Environment_tr_500_1st_24.csv,,,,,,TAO,2000,,FALSE,mult_new,,10000,0.2
128_TAO_id_13_Environment_tr_500_1st_7.csv,,,,,,TAO,2000,,FALSE,mult_new,,10000,0.2
129_OPPORTUNITY_id_1_HumanActivity_tr_1801_1st_1901.csv,,,,,,OPPORTUNITY,1801,,FALSE,mult_new,,24693,0.07293565
130_OPPORTUNITY_id_2_HumanActivity_tr_1045_1st_1145.csv,,,,,,OPPORTUNITY,1045,,FALSE,mult_new,,5162,0.202440914
131_OPPORTUNITY_id_3_HumanActivity_tr_7016_1st_26691.csv,,,,,,OPPORTUNITY,7016,,FALSE,mult_new,,28066,0.249982185
132_OPPORTUNITY_id_4_HumanActivity_tr_895_1st_995.csv,,,,,,OPPORTUNITY,1865,,FALSE,mult_new,,9323,0.200042905
133_OPPORTUNITY_id_5_HumanActivity_tr_1745_1st_6500.csv,,,,,,OPPORTUNITY,1745,,FALSE,mult_new,,6980,0.25
134_OPPORTUNITY_id_6_HumanActivity_tr_1477_1st_1577.csv,,,,,,OPPORTUNITY,3303,,FALSE,mult_new,,16515,0.2
135_OPPORTUNITY_id_7_HumanActivity_tr_2085_1st_2185.csv,,,,,,OPPORTUNITY,2085,,FALSE,mult_new,,21706,0.09605639
136_OPPORTUNITY_id_8_HumanActivity_tr_1495_1st_1595.csv,,,,,,OPPORTUNITY,5394,,FALSE,mult_new,,26969,0.200007416
138_CATSv2_id_1_Sensor_tr_16568_1st_16668.csv,,,,,,CATSv2,16568,,FALSE,mult_new,,100000,0.16568
139_CATSv2_id_2_Sensor_tr_5592_1st_5692.csv,,,,,,CATSv2,5592,,FALSE,mult_new,,195000,0.028676923
141_CATSv2_id_4_Sensor_tr_41727_1st_41827.csv,,,,,,CATSv2,41727,,FALSE,mult_new,,195000,0.213984615
143_CATSv2_id_6_Sensor_tr_50000_1st_60232.csv,,,,,,CATSv2,50000,,FALSE,mult_new,,200000,0.25
174_Exathlon_id_1_Facility_tr_10766_1st_12590.csv,,,,,,Exathlon,10766,,FALSE,mult_new,,43066,0.24998839
175_Exathlon_id_2_Facility_tr_10684_1st_10784.csv,,,,,,Exathlon,10684,,FALSE,mult_new,,46656,0.228995199
176_Exathlon_id_3_Facility_tr_10766_1st_12590.csv,,,,,,Exathlon,10766,,FALSE,mult_new,,43066,0.24998839
177_Exathlon_id_4_Facility_tr_11665_1st_13484.csv,,,,,,Exathlon,11665,,FALSE,mult_new,,46660,0.25
178_Exathlon_id_5_Facility_tr_12538_1st_12638.csv,,,,,,Exathlon,12538,,FALSE,mult_new,,129197,0.097045597
179_Exathlon_id_6_Facility_tr_11665_1st_13484.csv,,,,,,Exathlon,11665,,FALSE,mult_new,,46660,0.25
180_Exathlon_id_7_Facility_tr_10766_1st_12590.csv,,,,,,Exathlon,10766,,FALSE,mult_new,,43066,0.24998839
181_Exathlon_id_8_Facility_tr_11663_1st_13482.csv,,,,,,Exathlon,11663,,FALSE,mult_new,,46655,0.249983925
182_Exathlon_id_9_Facility_tr_10766_1st_12590.csv,,,,,,Exathlon,10766,,FALSE,mult_new,,43066,0.24998839
183_Exathlon_id_10_Facility_tr_11665_1st_13484.csv,,,,,,Exathlon,11665,,FALSE,mult_new,,46660,0.25
184_Exathlon_id_11_Facility_tr_11665_1st_13484.csv,,,,,,Exathlon,11665,,FALSE,mult_new,,46660,0.25
185_Exathlon_id_12_Facility_tr_11665_1st_13484.csv,,,,,,Exathlon,11665,,FALSE,mult_new,,46660,0.25
186_Exathlon_id_13_Facility_tr_10766_1st_12590.csv,,,,,,Exathlon,10766,,FALSE,mult_new,,43066,0.24998839
187_Exathlon_id_14_Facility_tr_6193_1st_6293.csv,,,,,,Exathlon,6193,,FALSE,mult_new,,46660,0.132726104
188_Exathlon_id_15_Facility_tr_12538_1st_12638.csv,,,,,,Exathlon,12538,,FALSE,mult_new,,129197,0.097045597
189_Exathlon_id_16_Facility_tr_11663_1st_13482.csv,,,,,,Exathlon,11663,,FALSE,mult_new,,46655,0.249983925
190_Exathlon_id_17_Facility_tr_12538_1st_12638.csv,,,,,,Exathlon,12538,,FALSE,mult_new,,129197,0.097045597
191_Exathlon_id_18_Facility_tr_11665_1st_13484.csv,,,,,,Exathlon,11665,,FALSE,mult_new,,46660,0.25
192_Exathlon_id_19_Facility_tr_11665_1st_13484.csv,,,,,,Exathlon,11665,,FALSE,mult_new,,46660,0.25
193_Exathlon_id_20_Facility_tr_8898_1st_8998.csv,,,,,,Exathlon,8898,,FALSE,mult_new,,46650,0.19073955
194_Exathlon_id_21_Facility_tr_6985_1st_7085.csv,,,,,,Exathlon,6985,,FALSE,mult_new,,46649,0.149735257
195_Exathlon_id_22_Facility_tr_10766_1st_12590.csv,,,,,,Exathlon,10766,,FALSE,mult_new,,43066,0.24998839
196_Exathlon_id_23_Facility_tr_11665_1st_13484.csv,,,,,,Exathlon,11665,,FALSE,mult_new,,46660,0.25
197_Exathlon_id_24_Facility_tr_10766_1st_12590.csv,,,,,,Exathlon,10766,,FALSE,mult_new,,43066,0.24998839
198_Exathlon_id_25_Facility_tr_12538_1st_12638.csv,,,,,,Exathlon,12538,,FALSE,mult_new,,129197,0.097045597
199_Exathlon_id_26_Facility_tr_12538_1st_12638.csv,,,,,,Exathlon,12538,,FALSE,mult_new,,129197,0.097045597
200_Exathlon_id_27_Facility_tr_10766_1st_12590.csv,,,,,,Exathlon,10766,,FALSE,mult_new,,43066,0.24998839
201_GutenTAG_cbf-channels-single-of-10_combined_anomaly.csv,,,,,,GutenTAG,10000,,FALSE,mult_new,,20000,0.5
202_GutenTAG_cbf-channels-single-of-10_combined_no_anomaly.csv,,,,,,GutenTAG,10000,,FALSE,mult_new,,20000,0.5
203_GutenTAG_cbf-channels-single-of-20_combined_anomaly.csv,,,,,,GutenTAG,10000,,FALSE,mult_new,,20000,0.5
204_GutenTAG_cbf-channels-single-of-20_combined_no_anomaly.csv,,,,,,GutenTAG,10000,,FALSE,mult_new,,20000,0.5
205_GutenTAG_cbf-channels-single-of-2_combined_anomaly.csv,,,,,,GutenTAG,10000,,FALSE,mult_new,,20000,0.5
206_GutenTAG_cbf-channels-single-of-2_combined_no_anomaly.csv,,,,,,GutenTAG,10000,,FALSE,mult_new,,20000,0.5
207_GutenTAG_cbf-channels-single-of-5_combined_anomaly.csv,,,,,,GutenTAG,10000,,FALSE,mult_new,,20000,0.5
208_GutenTAG_cbf-channels-single-of-5_combined_no_anomaly.csv,,,,,,GutenTAG,10000,,FALSE,mult_new,,20000,0.5
209_GutenTAG_ecg-channels-all-of-3_combined_anomaly.csv,,,,,,GutenTAG,10000,,FALSE,mult_new,,20000,0.5
210_GutenTAG_ecg-channels-all-of-3_combined_no_anomaly.csv,,,,,,GutenTAG,10000,,FALSE,mult_new,,20000,0.5
211_GutenTAG_ecg-channels-single-of-10_combined_anomaly.csv,,,,,,GutenTAG,10000,,FALSE,mult_new,,20000,0.5
212_GutenTAG_ecg-channels-single-of-10_combined_no_anomaly.csv,,,,,,GutenTAG,10000,,FALSE,mult_new,,20000,0.5
213_GutenTAG_ecg-channels-single-of-20_combined_anomaly.csv,,,,,,GutenTAG,10000,,FALSE,mult_new,,20000,0.5
214_GutenTAG_ecg-channels-single-of-20_combined_no_anomaly.csv,,,,,,GutenTAG,10000,,FALSE,mult_new,,20000,0.5
215_GutenTAG_ecg-channels-single-of-2_combined_anomaly.csv,,,,,,GutenTAG,10000,,FALSE,mult_new,,20000,0.5
216_GutenTAG_ecg-channels-single-of-2_combined_no_anomaly.csv,,,,,,GutenTAG,10000,,FALSE,mult_new,,20000,0.5
217_GutenTAG_ecg-channels-single-of-5_combined_anomaly.csv,,,,,,GutenTAG,10000,,FALSE,mult_new,,20000,0.5
218_GutenTAG_ecg-channels-single-of-5_combined_no_anomaly.csv,,,,,,GutenTAG,10000,,FALSE,mult_new,,20000,0.5
219_GutenTAG_poly-channels-all-of-3_combined_anomaly.csv,,,,,,GutenTAG,10000,,FALSE,mult_new,,20000,0.5
220_GutenTAG_poly-channels-all-of-3_combined_no_anomaly.csv,,,,,,GutenTAG,10000,,FALSE,mult_new,,20000,0.5
221_GutenTAG_poly-channels-single-of-10_combined_anomaly.csv,,,,,,GutenTAG,10000,,FALSE,mult_new,,20000,0.5
222_GutenTAG_poly-channels-single-of-10_combined_no_anomaly.csv,,,,,,GutenTAG,10000,,FALSE,mult_new,,20000,0.5
223_GutenTAG_poly-channels-single-of-20_combined_anomaly.csv,,,,,,GutenTAG,10000,,FALSE,mult_new,,20000,0.5
224_GutenTAG_poly-channels-single-of-20_combined_no_anomaly.csv,,,,,,GutenTAG,10000,,FALSE,mult_new,,20000,0.5
225_GutenTAG_poly-channels-single-of-2_combined_anomaly.csv,,,,,,GutenTAG,10000,,FALSE,mult_new,,20000,0.5
226_GutenTAG_poly-channels-single-of-2_combined_no_anomaly.csv,,,,,,GutenTAG,10000,,FALSE,mult_new,,20000,0.5
227_GutenTAG_poly-channels-single-of-5_combined_anomaly.csv,,,,,,GutenTAG,10000,,FALSE,mult_new,,20000,0.5
228_GutenTAG_poly-channels-single-of-5_combined_no_anomaly.csv,,,,,,GutenTAG,10000,,FALSE,mult_new,,20000,0.5
229_GutenTAG_rw-channels-all-of-3_combined_anomaly.csv,,,,,,GutenTAG,10000,,FALSE,mult_new,,20000,0.5
230_GutenTAG_rw-channels-all-of-3_combined_no_anomaly.csv,,,,,,GutenTAG,10000,,FALSE,mult_new,,20000,0.5
231_GutenTAG_rw-channels-single-of-10_combined_anomaly.csv,,,,,,GutenTAG,10000,,FALSE,mult_new,,20000,0.5
232_GutenTAG_rw-channels-single-of-10_combined_no_anomaly.csv,,,,,,GutenTAG,10000,,FALSE,mult_new,,20000,0.5
233_GutenTAG_rw-channels-single-of-20_combined_anomaly.csv,,,,,,GutenTAG,10000,,FALSE,mult_new,,20000,0.5
234_GutenTAG_rw-channels-single-of-20_combined_no_anomaly.csv,,,,,,GutenTAG,10000,,FALSE,mult_new,,20000,0.5
235_GutenTAG_rw-channels-single-of-2_combined_anomaly.csv,,,,,,GutenTAG,10000,,FALSE,mult_new,,20000,0.5
236_GutenTAG_rw-channels-single-of-2_combined_no_anomaly.csv,,,,,,GutenTAG,10000,,FALSE,mult_new,,20000,0.5
237_GutenTAG_rw-channels-single-of-5_combined_anomaly.csv,,,,,,GutenTAG,10000,,FALSE,mult_new,,20000,0.5
238_GutenTAG_rw-channels-single-of-5_combined_no_anomaly.csv,,,,,,GutenTAG,10000,,FALSE,mult_new,,20000,0.5
239_GutenTAG_sinus-channels-all-of-3_combined_anomaly.csv,,,,,,GutenTAG,10000,,FALSE,mult_new,,20000,0.5
240_GutenTAG_sinus-channels-all-of-3_combined_no_anomaly.csv,,,,,,GutenTAG,10000,,FALSE,mult_new,,20000,0.5
241_GutenTAG_sinus-channels-single-of-10_combined_anomaly.csv,,,,,,GutenTAG,10000,,FALSE,mult_new,,20000,0.5
242_GutenTAG_sinus-channels-single-of-10_combined_no_anomaly.csv,,,,,,GutenTAG,10000,,FALSE,mult_new,,20000,0.5
243_GutenTAG_sinus-channels-single-of-20_combined_anomaly.csv,,,,,,GutenTAG,10000,,FALSE,mult_new,,20000,0.5
244_GutenTAG_sinus-channels-single-of-20_combined_no_anomaly.csv,,,,,,GutenTAG,10000,,FALSE,mult_new,,20000,0.5
245_GutenTAG_sinus-channels-single-of-2_combined_anomaly.csv,,,,,,GutenTAG,10000,,FALSE,mult_new,,20000,0.5
246_GutenTAG_sinus-channels-single-of-2_combined_no_anomaly.csv,,,,,,GutenTAG,10000,,FALSE,mult_new,,20000,0.5
247_GutenTAG_sinus-channels-single-of-5_combined_anomaly.csv,,,,,,GutenTAG,10000,,FALSE,mult_new,,20000,0.5
248_GutenTAG_sinus-channels-single-of-5_combined_no_anomaly.csv,,,,,,GutenTAG,10000,,FALSE,mult_new,,20000,0.5
249_DLR.csv,,,,,,DLR,11565,,FALSE,mult_new,,23130,0.5
250_ECG.csv,,,,,,ECG,56104,,FALSE,mult_new,,112209,0.5
251_kddcup99_smtp.csv,,,,,,KDD-99,4785,,FALSE,mult_new,,9571,0.5
252_HTTP.csv,,,,,,KDD-99,284759,,FALSE,mult_new,,567498,0.5
Weather.csv,,,,,,Weather,9871,,FALSE,mult_new_new,,12339,0.8
Environment.csv,,,,,,Environment,12782,,FALSE,mult_new_new,,15981,0.8
KR.csv,,,,,,Financial, 2124,,FALSE,mult_new_new,,2655,0.8
EWJ.csv,,,,,,Financial, 2126,,FALSE,mult_new_new,,2658,0.8
MDT.csv,,,,,,Financial, 2186,,FALSE,mult_new_new,,2732,0.8
Energy.csv,,,,,,Energy,1297,,FALSE,mult_new_new,,1622,0.8
Weather_text.csv,,,,,,Weather,9871,,FALSE,mult_new_new,,12339,0.8
Environment_text.csv,,,,,,Environment,12782,,FALSE,mult_new_new,,15981,0.8
KR_text.csv,,,,,,Financial, 2124,,FALSE,mult_new_new,,2655,0.8
EWJ_text.csv,,,,,,Financial, 2126,,FALSE,mult_new_new,,2658,0.8
MDT_text.csv,,,,,,Financial, 2186,,FALSE,mult_new_new,,2732,0.8
Energy_text.csv,,,,,,Energy,1297,,FALSE,mult_new_new,,1622,0.8