date,data,cols
1,1.068,channel1
2,1.079,channel1
3,1.079,channel1
4,1.086,channel1
5,1.086,channel1
6,1.097,channel1
7,1.106,channel1
8,1.106,channel1
9,1.107,channel1
10,1.104,channel1
11,1.101,channel1
12,1.095,channel1
13,1.089,channel1
14,1.086,channel1
15,1.081,channel1
16,1.075,channel1
17,1.069,channel1
18,1.062,channel1
19,1.06,channel1
20,1.059,channel1
21,1.065,channel1
22,1.062,channel1
23,1.055,channel1
24,1.051,channel1
25,1.045,channel1
26,1.047,channel1
27,1.092,channel1
28,1.09,channel1
29,1.093,channel1
30,1.092,channel1
31,1.084,channel1
32,1.075,channel1
33,1.064,channel1
34,1.058,channel1
35,1.051,channel1
36,1.036,channel1
37,1.018,channel1
38,1.003,channel1
39,0.999,channel1
40,0.992,channel1
41,0.995,channel1
42,1.001,channel1
43,0.999,channel1
44,1.005,channel1
45,1.007,channel1
46,1.016,channel1
47,1.009,channel1
48,1.004,channel1
49,1.007,channel1
50,1.005,channel1
51,1.007,channel1
52,1.012,channel1
53,1.011,channel1
54,1.028,channel1
55,1.033,channel1
56,1.037,channel1
57,1.04,channel1
58,1.045,channel1
59,1.046,channel1
60,1.05,channel1
61,1.056,channel1
62,1.065,channel1
63,1.073,channel1
64,1.079,channel1
65,1.095,channel1
66,1.097,channel1
67,1.103,channel1
68,1.109,channel1
69,1.114,channel1
70,1.13,channel1
71,1.157,channel1
72,1.161,channel1
73,1.165,channel1
74,1.161,channel1
75,1.156,channel1
76,1.15,channel1
77,1.14,channel1
78,1.129,channel1
79,1.12,channel1
80,1.114,channel1
81,1.106,channel1
82,1.107,channel1
83,1.121,channel1
84,1.123,channel1
85,1.122,channel1
86,1.113,channel1
87,1.117,channel1
88,1.127,channel1
89,1.131,channel1
90,1.134,channel1
91,1.125,channel1
92,1.127,channel1
93,1.134,channel1
94,1.126,channel1
95,1.132,channel1
96,1.131,channel1
97,1.124,channel1
98,1.121,channel1
99,1.115,channel1
100,1.121,channel1
101,1.123,channel1
102,1.116,channel1
103,1.114,channel1
104,1.121,channel1
105,1.133,channel1
106,1.149,channel1
107,1.163,channel1
108,1.184,channel1
109,1.194,channel1
110,1.216,channel1
111,1.226,channel1
112,1.244,channel1
113,1.246,channel1
114,1.246,channel1
115,1.243,channel1
116,1.236,channel1
117,1.229,channel1
118,1.222,channel1
119,1.212,channel1
120,1.2,channel1
121,1.191,channel1
122,1.179,channel1
123,1.174,channel1
124,1.172,channel1
125,1.171,channel1
126,1.163,channel1
127,1.16,channel1
128,1.158,channel1
129,1.157,channel1
130,1.156,channel1
131,1.151,channel1
132,1.144,channel1
133,1.133,channel1
134,1.125,channel1
135,1.115,channel1
136,1.112,channel1
137,1.109,channel1
138,1.106,channel1
139,1.107,channel1
140,1.108,channel1
141,1.11,channel1
142,1.124,channel1
143,1.128,channel1
144,1.129,channel1
145,1.139,channel1
146,1.145,channel1
147,1.138,channel1
148,1.133,channel1
149,1.13,channel1
150,1.126,channel1
151,1.133,channel1
152,1.153,channel1
153,1.17,channel1
154,1.171,channel1
155,1.181,channel1
156,1.21,channel1
157,1.223,channel1
158,1.248,channel1
159,1.287,channel1
160,1.301,channel1
161,1.318,channel1
162,1.321,channel1
163,1.323,channel1
164,1.33,channel1
165,1.321,channel1
166,1.315,channel1
167,1.307,channel1
168,1.302,channel1
169,1.289,channel1
170,1.279,channel1
171,1.276,channel1
172,1.273,channel1
173,1.272,channel1
174,1.263,channel1
175,1.253,channel1
176,1.248,channel1
177,1.249,channel1
178,1.253,channel1
179,1.242,channel1
180,1.247,channel1
181,1.25,channel1
182,1.251,channel1
183,1.245,channel1
184,1.239,channel1
185,1.248,channel1
186,1.249,channel1
187,1.26,channel1
188,1.268,channel1
189,1.272,channel1
190,1.282,channel1
191,1.289,channel1
192,1.287,channel1
193,1.287,channel1
194,1.283,channel1
195,1.278,channel1
196,1.274,channel1
197,1.272,channel1
198,1.287,channel1
199,1.287,channel1
200,1.284,channel1
201,1.282,channel1
202,1.28,channel1
203,1.273,channel1
204,1.27,channel1
205,1.261,channel1
206,1.253,channel1
207,1.246,channel1
208,1.25,channel1
209,1.246,channel1
210,1.248,channel1
211,1.244,channel1
212,1.245,channel1
213,1.24,channel1
214,1.238,channel1
215,1.238,channel1
216,1.247,channel1
217,1.255,channel1
218,1.258,channel1
219,1.251,channel1
220,1.242,channel1
221,1.232,channel1
222,1.226,channel1
223,1.222,channel1
224,1.219,channel1
225,1.222,channel1
226,1.216,channel1
227,1.237,channel1
228,1.272,channel1
229,1.274,channel1
230,1.288,channel1
231,1.287,channel1
232,1.288,channel1
233,1.281,channel1
234,1.269,channel1
235,1.255,channel1
236,1.254,channel1
237,1.248,channel1
238,1.238,channel1
239,1.228,channel1
240,1.221,channel1
241,1.222,channel1
242,1.213,channel1
243,1.207,channel1
244,1.197,channel1
245,1.187,channel1
246,1.176,channel1
247,1.167,channel1
248,1.158,channel1
249,1.148,channel1
250,1.14,channel1
251,1.129,channel1
252,1.112,channel1
253,1.108,channel1
254,1.101,channel1
255,1.085,channel1
256,1.09,channel1
257,1.075,channel1
258,1.065,channel1
259,1.055,channel1
260,1.047,channel1
261,1.077,channel1
262,1.074,channel1
263,1.072,channel1
264,1.075,channel1
265,1.086,channel1
266,1.095,channel1
267,1.109,channel1
268,1.109,channel1
269,1.108,channel1
270,1.104,channel1
271,1.113,channel1
272,1.104,channel1
273,1.096,channel1
274,1.096,channel1
275,1.097,channel1
276,1.092,channel1
277,1.097,channel1
278,1.088,channel1
279,1.077,channel1
280,1.072,channel1
281,1.065,channel1
282,1.058,channel1
283,1.053,channel1
284,1.046,channel1
285,1.042,channel1
286,1.053,channel1
287,1.053,channel1
288,1.059,channel1
289,1.063,channel1
290,1.058,channel1
291,1.055,channel1
292,1.05,channel1
293,1.048,channel1
294,1.037,channel1
295,1.03,channel1
296,1.015,channel1
297,0.996,channel1
298,0.987,channel1
299,0.986,channel1
300,0.979,channel1
301,0.977,channel1
302,0.982,channel1
303,0.985,channel1
304,0.977,channel1
305,0.971,channel1
306,0.968,channel1
307,0.96,channel1
308,0.949,channel1
309,0.955,channel1
310,0.963,channel1
311,1.017,channel1
312,1.056,channel1
313,1.121,channel1
314,1.158,channel1
315,1.179,channel1
316,1.175,channel1
317,1.171,channel1
318,1.176,channel1
319,1.18,channel1
320,1.18,channel1
321,1.166,channel1
322,1.151,channel1
323,1.152,channel1
324,1.148,channel1
325,1.163,channel1
326,1.153,channel1
327,1.165,channel1
328,1.182,channel1
329,1.208,channel1
330,1.232,channel1
331,1.234,channel1
332,1.246,channel1
333,1.275,channel1
334,1.273,channel1
335,1.273,channel1
336,1.282,channel1
337,1.29,channel1
338,1.307,channel1
339,1.302,channel1
340,1.296,channel1
341,1.29,channel1
342,1.277,channel1
343,1.277,channel1
344,1.271,channel1
345,1.274,channel1
346,1.292,channel1
347,1.309,channel1
348,1.315,channel1
349,1.313,channel1
350,1.315,channel1
351,1.31,channel1
352,1.314,channel1
353,1.312,channel1
354,1.304,channel1
355,1.318,channel1
356,1.354,channel1
357,1.355,channel1
358,1.364,channel1
359,1.394,channel1
360,1.443,channel1
361,1.458,channel1
362,1.539,channel1
363,1.566,channel1
364,1.569,channel1
365,1.549,channel1
366,1.543,channel1
367,1.516,channel1
368,1.486,channel1
369,1.478,channel1
370,1.461,channel1
371,1.495,channel1
372,1.531,channel1
373,1.566,channel1
374,1.579,channel1
375,1.599,channel1
376,1.664,channel1
377,1.711,channel1
378,1.691,channel1
379,1.661,channel1
380,1.63,channel1
381,1.586,channel1
382,1.562,channel1
383,1.514,channel1
384,1.504,channel1
385,1.489,channel1
386,1.508,channel1
387,1.521,channel1
388,1.568,channel1
389,1.598,channel1
390,1.599,channel1
391,1.586,channel1
392,1.563,channel1
393,1.541,channel1
394,1.578,channel1
395,1.588,channel1
396,1.584,channel1
397,1.565,channel1
398,1.562,channel1
399,1.55,channel1
400,1.549,channel1
401,1.526,channel1
402,1.49,channel1
403,1.462,channel1
404,1.453,channel1
405,1.446,channel1
406,1.465,channel1
407,1.513,channel1
408,1.511,channel1
409,1.5,channel1
410,1.483,channel1
411,1.515,channel1
412,1.489,channel1
413,1.471,channel1
414,1.457,channel1
415,1.453,channel1
416,1.444,channel1
417,1.445,channel1
418,1.482,channel1
419,1.54,channel1
420,1.61,channel1
421,1.658,channel1
422,1.665,channel1
423,1.739,channel1
424,1.748,channel1
425,1.724,channel1
426,1.739,channel1
427,1.715,channel1
428,1.688,channel1
429,1.644,channel1
430,1.583,channel1
431,1.52,channel1
432,1.484,channel1
433,1.459,channel1
434,1.44,channel1
435,1.428,channel1
436,1.419,channel1
437,1.434,channel1
438,1.467,channel1
439,1.523,channel1
440,1.579,channel1
441,1.562,channel1
442,1.564,channel1
443,1.522,channel1
444,1.455,channel1
445,1.393,channel1
446,1.351,channel1
447,1.307,channel1
448,1.277,channel1
449,1.249,channel1
450,1.224,channel1
451,1.208,channel1
452,1.168,channel1
453,1.149,channel1
454,1.136,channel1
455,1.101,channel1
456,1.113,channel1
457,1.137,channel1
458,1.152,channel1
459,1.152,channel1
460,1.146,channel1
461,1.142,channel1
462,1.157,channel1
463,1.148,channel1
464,1.157,channel1
465,1.157,channel1
466,1.185,channel1
467,1.262,channel1
468,1.328,channel1
469,1.382,channel1
470,1.412,channel1
471,1.454,channel1
472,1.446,channel1
473,1.446,channel1
474,1.435,channel1
475,1.437,channel1
476,1.431,channel1
477,1.439,channel1
478,1.429,channel1
479,1.433,channel1
480,1.417,channel1
481,1.419,channel1
482,1.425,channel1
483,1.433,channel1
484,1.423,channel1
485,1.435,channel1
486,1.451,channel1
487,1.447,channel1
488,1.437,channel1
489,1.435,channel1
490,1.434,channel1
491,1.444,channel1
492,1.436,channel1
493,1.437,channel1
494,1.442,channel1
495,1.436,channel1
496,1.455,channel1
497,1.48,channel1
498,1.481,channel1
499,1.499,channel1
500,1.485,channel1
501,1.489,channel1
502,1.48,channel1
503,1.451,channel1
504,1.423,channel1
505,1.408,channel1
506,1.404,channel1
507,1.407,channel1
508,1.443,channel1
509,1.484,channel1
510,1.487,channel1
511,1.496,channel1
512,1.502,channel1
513,1.515,channel1
514,1.569,channel1
515,1.649,channel1
516,1.701,channel1
517,1.699,channel1
518,1.726,channel1
519,1.752,channel1
520,1.768,channel1
521,1.732,channel1
522,1.692,channel1
523,1.673,channel1
524,1.639,channel1
525,1.618,channel1
526,1.6,channel1
527,1.556,channel1
528,1.534,channel1
529,1.539,channel1
530,1.528,channel1
531,1.514,channel1
532,1.53,channel1
533,1.558,channel1
534,1.537,channel1
535,1.528,channel1
536,1.53,channel1
537,1.563,channel1
538,1.566,channel1
539,1.558,channel1
540,1.576,channel1
541,1.611,channel1
542,1.668,channel1
543,1.787,channel1
544,1.786,channel1
545,1.758,channel1
546,1.739,channel1
547,1.686,channel1
548,1.635,channel1
549,1.617,channel1
550,1.611,channel1
551,1.612,channel1
552,1.584,channel1
553,1.577,channel1
554,1.547,channel1
555,1.54,channel1
556,1.554,channel1
557,1.533,channel1
558,1.519,channel1
559,1.509,channel1
560,1.528,channel1
561,1.521,channel1
562,1.552,channel1
563,1.603,channel1
564,1.637,channel1
565,1.664,channel1
566,1.66,channel1
567,1.681,channel1
568,1.69,channel1
569,1.73,channel1
570,1.758,channel1
571,1.78,channel1
572,1.767,channel1
573,1.785,channel1
574,1.8,channel1
575,1.822,channel1
576,1.827,channel1
577,1.853,channel1
578,1.853,channel1
579,1.884,channel1
580,1.979,channel1
581,2.055,channel1
582,2.104,channel1
583,2.092,channel1
584,2.075,channel1
585,2.029,channel1
586,1.981,channel1
587,1.965,channel1
588,1.939,channel1
589,1.959,channel1
590,1.971,channel1
591,1.948,channel1
592,1.93,channel1
593,1.92,channel1
594,1.917,channel1
595,1.926,channel1
596,1.909,channel1
597,1.893,channel1
598,1.889,channel1
599,1.908,channel1
600,1.959,channel1
601,1.98,channel1
602,2.035,channel1
603,2.077,channel1
604,2.074,channel1
605,2.076,channel1
606,2.045,channel1
607,2.014,channel1
608,1.992,channel1
609,1.989,channel1
610,1.956,channel1
611,1.893,channel1
612,1.861,channel1
613,1.838,channel1
614,1.824,channel1
615,1.837,channel1
616,1.863,channel1
617,1.896,channel1
618,1.953,channel1
619,1.952,channel1
620,1.941,channel1
621,1.948,channel1
622,1.969,channel1
623,2.04,channel1
624,2.098,channel1
625,2.149,channel1
626,2.194,channel1
627,2.258,channel1
628,2.321,channel1
629,2.28,channel1
630,2.279,channel1
631,2.277,channel1
632,2.231,channel1
633,2.206,channel1
634,2.169,channel1
635,2.141,channel1
636,2.159,channel1
637,2.173,channel1
638,2.204,channel1
639,2.257,channel1
640,2.268,channel1
641,2.369,channel1
642,2.36,channel1
643,2.333,channel1
644,2.335,channel1
645,2.41,channel1
646,2.592,channel1
647,2.654,channel1
648,2.653,channel1
649,3.117,channel1
650,3.002,channel1
651,2.835,channel1
652,2.851,channel1
653,2.975,channel1
654,2.896,channel1
655,2.775,channel1
656,2.652,channel1
657,2.528,channel1
658,2.424,channel1
659,2.342,channel1
660,2.247,channel1
661,2.2,channel1
662,2.191,channel1
663,2.228,channel1
664,2.255,channel1
665,2.241,channel1
666,2.281,channel1
667,2.371,channel1
668,2.366,channel1
669,2.382,channel1
670,2.402,channel1
671,2.388,channel1
672,2.331,channel1
673,2.286,channel1
674,2.298,channel1
675,2.373,channel1
676,2.408,channel1
677,2.548,channel1
678,2.542,channel1
679,2.631,channel1
680,2.727,channel1
681,2.828,channel1
682,2.96,channel1
683,2.966,channel1
684,2.955,channel1
685,2.992,channel1
686,2.938,channel1
687,2.913,channel1
688,2.937,channel1
689,2.951,channel1
690,2.917,channel1
691,2.914,channel1
692,2.979,channel1
693,3.017,channel1
694,3.033,channel1
695,3.048,channel1
696,3.05,channel1
697,3.083,channel1
698,3.047,channel1
699,2.971,channel1
700,2.893,channel1
701,2.777,channel1
702,2.67,channel1
703,2.549,channel1
704,2.429,channel1
705,2.36,channel1
706,2.31,channel1
707,2.274,channel1
708,2.255,channel1
709,2.264,channel1
710,2.246,channel1
711,2.278,channel1
712,2.285,channel1
713,2.292,channel1
714,2.342,channel1
715,2.34,channel1
716,2.366,channel1
717,2.387,channel1
718,2.382,channel1
719,2.354,channel1
720,2.28,channel1
721,2.216,channel1
722,2.213,channel1
723,2.237,channel1
724,2.287,channel1
725,2.341,channel1
726,2.428,channel1
727,2.551,channel1
728,2.605,channel1
729,2.623,channel1
730,2.655,channel1
731,2.753,channel1
732,2.848,channel1
733,2.922,channel1
734,2.917,channel1
735,3.017,channel1
736,3.097,channel1
737,3.143,channel1
738,3.258,channel1
739,3.25,channel1
740,3.2,channel1
741,3.122,channel1
742,3.057,channel1
743,3.029,channel1
744,3.005,channel1
745,3.026,channel1
746,3.092,channel1
747,3.005,channel1
748,2.926,channel1
749,2.888,channel1
750,2.821,channel1
751,2.832,channel1
752,2.796,channel1
753,2.84,channel1
754,2.862,channel1
755,2.835,channel1
756,2.86,channel1
757,2.838,channel1
758,2.821,channel1
759,2.813,channel1
760,2.873,channel1
761,2.921,channel1
762,3.06,channel1
763,3.158,channel1
764,3.148,channel1
765,3.147,channel1
766,3.113,channel1
767,3.053,channel1
768,3.05,channel1
769,3.032,channel1
770,3.104,channel1
771,3.159,channel1
772,3.119,channel1
773,3.07,channel1
774,3.03,channel1
775,3.03,channel1
776,3.011,channel1
777,3.092,channel1
778,3.18,channel1
779,3.212,channel1
780,3.273,channel1
781,3.332,channel1
782,3.31,channel1
783,3.339,channel1
784,3.381,channel1
785,3.438,channel1
786,3.557,channel1
787,3.653,channel1
788,3.663,channel1
789,3.771,channel1
790,3.84,channel1
791,3.986,channel1
792,4.026,channel1
793,4.09,channel1
794,4.134,channel1
795,4.131,channel1
796,4.146,channel1
797,4.165,channel1
798,4.164,channel1
799,4.118,channel1
800,4.01,channel1
801,3.935,channel1
802,3.864,channel1
803,3.794,channel1
804,3.738,channel1
805,3.733,channel1
806,3.701,channel1
807,3.887,channel1
808,3.772,channel1
809,3.687,channel1
810,3.543,channel1
811,3.213,channel1
812,2.974,channel1
813,2.718,channel1
814,2.462,channel1
815,2.284,channel1
816,2.132,channel1
817,1.952,channel1
818,1.87,channel1
819,1.758,channel1
820,1.716,channel1
821,1.71,channel1
822,1.67,channel1
823,1.737,channel1
824,1.835,channel1
825,1.898,channel1
826,1.89,channel1
827,1.944,channel1
828,1.978,channel1
829,2.016,channel1
830,1.963,channel1
831,1.988,channel1
832,1.993,channel1
833,1.964,channel1
834,2.014,channel1
835,2.097,channel1
836,2.09,channel1
837,2.104,channel1
838,2.112,channel1
839,2.102,channel1
840,2.129,channel1
841,2.29,channel1
842,2.36,channel1
843,2.485,channel1
844,2.572,channel1
845,2.673,channel1
846,2.722,channel1
847,2.743,channel1
848,2.695,channel1
849,2.666,channel1
850,2.584,channel1
851,2.519,channel1
852,2.557,channel1
853,2.61,channel1
854,2.7,channel1
855,2.691,channel1
856,2.682,channel1
857,2.667,channel1
858,2.642,channel1
859,2.632,channel1
860,2.607,channel1
861,2.554,channel1
862,2.523,channel1
863,2.543,channel1
864,2.626,channel1
865,2.727,channel1
866,2.746,channel1
867,2.72,channel1
868,2.684,channel1
869,2.694,channel1
870,2.684,channel1
871,2.689,channel1
872,2.655,channel1
873,2.645,channel1
874,2.662,channel1
875,2.718,channel1
876,2.804,channel1
877,2.793,channel1
878,2.76,channel1
879,2.717,channel1
880,2.707,channel1
881,2.664,channel1
882,2.709,channel1
883,2.756,channel1
884,2.804,channel1
885,2.841,channel1
886,2.87,channel1
887,2.851,channel1
888,2.877,channel1
889,2.909,channel1
890,2.911,channel1
891,2.901,channel1
892,2.95,channel1
893,2.958,channel1
894,2.918,channel1
895,2.842,channel1
896,2.784,channel1
897,2.78,channel1
898,2.756,channel1
899,2.795,channel1
900,2.809,channel1
901,2.779,channel1
902,2.771,channel1
903,2.775,channel1
904,2.801,channel1
905,2.788,channel1
906,2.835,channel1
907,2.798,channel1
908,2.759,channel1
909,2.736,channel1
910,2.735,channel1
911,2.772,channel1
912,2.775,channel1
913,2.747,channel1
914,2.784,channel1
915,2.871,channel1
916,2.887,channel1
917,2.87,channel1
918,2.861,channel1
919,2.917,channel1
920,2.944,channel1
921,2.931,channel1
922,2.912,channel1
923,3.013,channel1
924,3.035,channel1
925,3.037,channel1
926,3.106,channel1
927,3.124,channel1
928,3.142,channel1
929,3.158,channel1
930,3.163,channel1
931,3.155,channel1
932,3.185,channel1
933,3.193,channel1
934,3.243,channel1
935,3.435,channel1
936,3.572,channel1
937,3.621,channel1
938,3.617,channel1
939,3.65,channel1
940,3.737,channel1
941,3.843,channel1
942,3.896,channel1
943,3.932,channel1
944,4.014,channel1
945,4.018,channel1
946,4.014,channel1
947,3.904,channel1
948,3.848,channel1
949,3.833,channel1
950,3.767,channel1
951,3.708,channel1
952,3.631,channel1
953,3.634,channel1
954,3.695,channel1
955,3.736,channel1
956,3.754,channel1
957,3.766,channel1
958,3.73,channel1
959,3.662,channel1
960,3.638,channel1
961,3.682,channel1
962,3.727,channel1
963,3.715,channel1
964,3.657,channel1
965,3.568,channel1
966,3.492,channel1
967,3.476,channel1
968,3.533,channel1
969,3.52,channel1
970,3.511,channel1
971,3.482,channel1
972,3.495,channel1
973,3.427,channel1
974,3.368,channel1
975,3.35,channel1
976,3.346,channel1
977,3.29,channel1
978,3.317,channel1
979,3.358,channel1
980,3.441,channel1
981,3.451,channel1
982,3.45,channel1
983,3.5,channel1
984,3.542,channel1
985,3.584,channel1
986,3.652,channel1
987,3.78,channel1
988,3.849,channel1
989,3.884,channel1
990,3.923,channel1
991,3.973,channel1
992,3.996,channel1
993,3.997,channel1
994,3.98,channel1
995,3.929,channel1
996,3.889,channel1
997,3.849,channel1
998,3.814,channel1
999,3.773,channel1
1000,3.728,channel1
1001,3.671,channel1
1002,3.629,channel1
1003,3.589,channel1
1004,3.494,channel1
1005,3.415,channel1
1006,3.469,channel1
1007,3.485,channel1
1008,3.554,channel1
1009,3.568,channel1
1010,3.702,channel1
1011,3.779,channel1
1012,3.803,channel1
1013,3.837,channel1
1014,3.903,channel1
1015,3.907,channel1
1016,3.939,channel1
1017,3.889,channel1
1018,3.866,channel1
1019,3.914,channel1
1020,3.886,channel1
1021,3.756,channel1
1022,3.638,channel1
1023,3.563,channel1
1024,3.518,channel1
1025,3.497,channel1
1026,3.505,channel1
1027,3.463,channel1
1028,3.419,channel1
1029,3.324,channel1
1030,3.328,channel1
1031,3.369,channel1
1032,3.373,channel1
1033,3.377,channel1
1034,3.386,channel1
1035,3.427,channel1
1036,3.604,channel1
1037,3.677,channel1
1038,3.812,channel1
1039,3.851,channel1
1040,3.826,channel1
1041,3.779,channel1
1042,3.764,channel1
1043,3.746,channel1
1044,3.714,channel1
1045,3.676,channel1
1046,3.611,channel1
1047,3.603,channel1
1048,3.587,channel1
1049,3.602,channel1
1050,3.665,channel1
1051,3.729,channel1
1052,3.704,channel1
1053,3.705,channel1
1054,3.715,channel1
1055,3.689,channel1
1056,3.645,channel1
1057,3.567,channel1
1058,3.563,channel1
1059,3.706,channel1
1060,3.751,channel1
1061,3.716,channel1
1062,3.701,channel1
1063,3.633,channel1
1064,3.622,channel1
1065,3.623,channel1
1066,3.678,channel1
1067,3.658,channel1
1068,3.619,channel1
1069,3.567,channel1
1070,3.499,channel1
1071,3.441,channel1
1072,3.43,channel1
1073,3.435,channel1
1074,3.372,channel1
1075,3.343,channel1
1076,3.274,channel1
1077,3.298,channel1
1078,3.372,channel1
1079,3.353,channel1
1080,3.35,channel1
1081,3.321,channel1
1082,3.351,channel1
1083,3.409,channel1
1084,3.411,channel1
1085,3.406,channel1
1086,3.376,channel1
1087,3.375,channel1
1088,3.372,channel1
1089,3.388,channel1
1090,3.457,channel1
1091,3.52,channel1
1092,3.553,channel1
1093,3.584,channel1
1094,3.619,channel1
1095,3.622,channel1
1096,3.651,channel1
1097,3.67,channel1
1098,3.725,channel1
1099,3.758,channel1
1100,3.788,channel1
1101,3.761,channel1
1102,3.746,channel1
1103,3.743,channel1
1104,3.75,channel1
1105,3.765,channel1
1106,3.749,channel1
1107,3.76,channel1
1108,3.778,channel1
1109,3.778,channel1
1110,3.753,channel1
1111,3.712,channel1
1112,3.671,channel1
1113,3.617,channel1
1114,3.595,channel1
1115,3.582,channel1
1116,3.549,channel1
1117,3.532,channel1
1118,3.536,channel1
1119,3.534,channel1
1120,3.485,channel1
1121,3.432,channel1
1122,3.434,channel1
1123,3.382,channel1
1124,3.292,channel1
1125,3.205,channel1
1126,3.139,channel1
1127,3.077,channel1
1128,3.025,channel1
1129,2.978,channel1
1130,2.907,channel1
1131,2.864,channel1
1132,2.767,channel1
1133,2.643,channel1
1134,2.496,channel1
1135,2.392,channel1
1136,2.308,channel1
1137,2.232,channel1
1138,2.157,channel1
1139,2.133,channel1
1140,2.154,channel1
1141,2.276,channel1
1142,2.358,channel1
1143,2.415,channel1
1144,2.556,channel1
1145,2.57,channel1
1146,2.537,channel1
1147,2.538,channel1
1148,2.531,channel1
1149,2.499,channel1
1150,2.494,channel1
1151,2.57,channel1
1152,2.656,channel1
1153,2.749,channel1
1154,2.776,channel1
1155,2.827,channel1
1156,2.857,channel1
1157,2.863,channel1
1158,2.863,channel1
1159,2.918,channel1
1160,2.895,channel1
1161,2.885,channel1
1162,2.877,channel1
1163,2.92,channel1
1164,2.888,channel1
1165,2.833,channel1
1166,2.779,channel1
1167,2.72,channel1
1168,2.803,channel1
1169,2.726,channel1
1170,2.602,channel1
1171,2.532,channel1
1172,2.471,channel1
1173,2.425,channel1
1174,2.418,channel1
1175,2.415,channel1
1176,2.432,channel1
1177,2.374,channel1
1178,2.326,channel1
1179,2.322,channel1
1180,2.335,channel1
1181,2.281,channel1
1182,2.198,channel1
1183,2.165,channel1
1184,2.159,channel1
1185,2.144,channel1
1186,2.133,channel1
1187,2.141,channel1
1188,2.135,channel1
1189,2.104,channel1
1190,2.022,channel1
1191,1.965,channel1
1192,1.932,channel1
1193,1.87,channel1
1194,1.834,channel1
1195,1.837,channel1
1196,1.887,channel1
1197,1.943,channel1
1198,2.062,channel1
1199,2.109,channel1
1200,2.169,channel1
1201,2.185,channel1
1202,2.173,channel1
1203,2.24,channel1
1204,2.265,channel1
1205,2.342,channel1
1206,2.325,channel1
1207,2.345,channel1
1208,2.403,channel1
1209,2.44,channel1
1210,2.482,channel1
1211,2.499,channel1
1212,2.455,channel1
1213,2.432,channel1
1214,2.396,channel1
1215,2.359,channel1
1216,2.336,channel1
1217,2.289,channel1
1218,2.267,channel1
1219,2.256,channel1
1220,2.256,channel1
1221,2.299,channel1
1222,2.341,channel1
1223,2.329,channel1
1224,2.31,channel1
1225,2.333,channel1
1226,2.334,channel1
1227,2.354,channel1
1228,2.381,channel1
1229,2.367,channel1
1230,2.353,channel1
1231,2.341,channel1
1232,2.345,channel1
1233,2.298,channel1
1234,2.269,channel1
1235,2.268,channel1
1236,2.321,channel1
1237,2.347,channel1
1238,2.375,channel1
1239,2.419,channel1
1240,2.485,channel1
1241,2.496,channel1
1242,2.467,channel1
1243,2.436,channel1
1244,2.408,channel1
1245,2.405,channel1
1246,2.418,channel1
1247,2.414,channel1
1248,2.427,channel1
1249,2.452,channel1
1250,2.434,channel1
1251,2.433,channel1
1252,2.428,channel1
1253,2.471,channel1
1254,2.534,channel1
1255,2.546,channel1
1256,2.559,channel1
1257,2.522,channel1
1258,2.484,channel1
1259,2.481,channel1
1260,2.51,channel1
1261,2.516,channel1
1262,2.525,channel1
1263,2.479,channel1
1264,2.433,channel1
1265,2.404,channel1
1266,2.376,channel1
1267,2.411,channel1
1268,2.392,channel1
1269,2.426,channel1
1270,2.467,channel1
1271,2.492,channel1
1272,2.497,channel1
1273,2.474,channel1
1274,2.513,channel1
1275,2.794,channel1
1276,2.8,channel1
1277,2.75,channel1
1278,2.701,channel1
1279,2.682,channel1
1280,2.622,channel1
1281,2.605,channel1
1282,2.594,channel1
1283,2.602,channel1
1284,2.673,channel1
1285,2.706,channel1
1286,2.683,channel1
1287,2.648,channel1
1288,2.617,channel1
1289,2.601,channel1
1290,2.568,channel1
1291,2.589,channel1
1292,2.637,channel1
1293,2.639,channel1
1294,2.673,channel1
1295,2.684,channel1
1296,2.723,channel1
1297,2.753,channel1
1298,2.724,channel1
1299,2.676,channel1
1300,2.666,channel1
1301,2.679,channel1
1302,2.677,channel1
1303,2.716,channel1
1304,2.764,channel1
1305,2.817,channel1
1306,2.811,channel1
1307,2.863,channel1
1308,2.914,channel1
1309,2.961,channel1
1310,2.96,channel1
1311,2.949,channel1
1312,2.999,channel1
1313,3.039,channel1
1314,3.018,channel1
1315,2.989,channel1
1316,2.958,channel1
1317,2.913,channel1
1318,2.924,channel1
1319,2.937,channel1
1320,2.943,channel1
1321,2.911,channel1
1322,2.924,channel1
1323,2.93,channel1
1324,2.921,channel1
1325,2.9,channel1
1326,2.906,channel1
1327,2.903,channel1
1328,2.912,channel1
1329,2.921,channel1
1330,2.923,channel1
1331,2.947,channel1
1332,2.984,channel1
1333,2.961,channel1
1334,2.925,channel1
1335,2.896,channel1
1336,2.84,channel1
1337,2.773,channel1
1338,2.7,channel1
1339,2.63,channel1
1340,2.544,channel1
1341,2.511,channel1
1342,2.46,channel1
1343,2.413,channel1
1344,2.358,channel1
1345,2.329,channel1
1346,2.338,channel1
1347,2.34,channel1
1348,2.343,channel1
1349,2.341,channel1
1350,2.361,channel1
1351,2.4,channel1
1352,2.471,channel1
1353,2.502,channel1
1354,2.549,channel1
1355,2.625,channel1
1356,2.701,channel1
1357,2.77,channel1
1358,2.826,channel1
1359,2.912,channel1
1360,2.926,channel1
1361,2.972,channel1
1362,2.983,channel1
1363,2.954,channel1
1364,2.939,channel1
1365,2.909,channel1
1366,2.893,channel1
1367,2.821,channel1
1368,2.759,channel1
1369,2.741,channel1
1370,2.798,channel1
1371,2.827,channel1
1372,2.86,channel1
1373,2.833,channel1
1374,2.798,channel1
1375,2.772,channel1
1376,2.71,channel1
1377,2.684,channel1
1378,2.661,channel1
1379,2.651,channel1
1380,2.638,channel1
1381,2.64,channel1
1382,2.741,channel1
1383,2.737,channel1
1384,2.742,channel1
1385,2.727,channel1
1386,2.735,channel1
1387,2.692,channel1
1388,2.702,channel1
1389,2.711,channel1
1390,2.688,channel1
1391,2.672,channel1
1392,2.667,channel1
1393,2.652,channel1
1394,2.627,channel1
1395,2.621,channel1
1396,2.658,channel1
1397,2.665,channel1
1398,2.657,channel1
1399,2.625,channel1
1400,2.595,channel1
1401,2.546,channel1
1402,2.511,channel1
1403,2.518,channel1
1404,2.555,channel1
1405,2.514,channel1
1406,2.468,channel1
1407,2.343,channel1
1408,2.217,channel1
1409,2.103,channel1
1410,2.022,channel1
1411,1.951,channel1
1412,1.91,channel1
1413,1.87,channel1
1414,1.883,channel1
1415,1.941,channel1
1416,1.969,channel1
1417,2.049,channel1
1418,2.064,channel1
1419,2.123,channel1
1420,2.185,channel1
1421,2.216,channel1
1422,2.26,channel1
1423,2.265,channel1
1424,2.283,channel1
1425,2.275,channel1
1426,2.265,channel1
1427,2.266,channel1
1428,2.256,channel1
1429,2.256,channel1
1430,2.272,channel1
1431,2.311,channel1
1432,2.302,channel1
1433,2.274,channel1
1434,2.259,channel1
1435,2.259,channel1
1436,2.262,channel1
1437,2.257,channel1
1438,2.24,channel1
1439,2.234,channel1
1440,2.204,channel1
1441,2.188,channel1
1442,2.202,channel1
1443,2.194,channel1
1444,2.211,channel1
1445,2.246,channel1
1446,2.247,channel1
1447,2.311,channel1
1448,2.33,channel1
1449,2.336,channel1
1450,2.403,channel1
1451,2.464,channel1
1452,2.478,channel1
1453,2.495,channel1
1454,2.548,channel1
1455,2.588,channel1
1456,2.717,channel1
1457,2.796,channel1
1458,2.857,channel1
1459,2.94,channel1
1460,2.954,channel1
1461,2.941,channel1
1462,2.945,channel1
1463,2.939,channel1
1464,2.945,channel1
1465,2.962,channel1
1466,2.981,channel1
1467,3.051,channel1
1468,3.118,channel1
1469,3.112,channel1
1470,3.119,channel1
1471,3.128,channel1
1472,3.161,channel1
1473,3.153,channel1
1474,3.185,channel1
1475,3.216,channel1
1476,3.227,channel1
1477,3.247,channel1
1478,3.232,channel1
1479,3.256,channel1
1480,3.269,channel1
1481,3.272,channel1
1482,3.243,channel1
1483,3.237,channel1
1484,3.273,channel1
1485,3.262,channel1
1486,3.28,channel1
1487,3.271,channel1
1488,3.285,channel1
1489,3.36,channel1
1490,3.416,channel1
1491,3.476,channel1
1492,3.484,channel1
1493,3.505,channel1
1494,3.495,channel1
1495,3.493,channel1
1496,3.478,channel1
1497,3.44,channel1
1498,3.414,channel1
1499,3.395,channel1
1500,3.375,channel1
1501,3.381,channel1
1502,3.394,channel1
1503,3.404,channel1
1504,3.421,channel1
1505,3.464,channel1
1506,3.538,channel1
1507,3.581,channel1
1508,3.624,channel1
1509,3.701,channel1
1510,4.196,channel1
1511,4.414,channel1
1512,4.343,channel1
1513,4.334,channel1
1514,4.274,channel1
1515,4.196,channel1
1516,4.17,channel1
1517,4.211,channel1
1518,4.285,channel1
1519,4.428,channel1
1520,4.591,channel1
1521,4.694,channel1
1522,4.727,channel1
1523,4.977,channel1
1524,5.107,channel1
1525,5.066,channel1
1526,4.979,channel1
1527,4.879,channel1
1528,4.754,channel1
1529,4.599,channel1
1530,4.44,channel1
1531,4.304,channel1
1532,4.151,channel1
1533,4.051,channel1
1534,3.993,channel1
1535,3.938,channel1
1536,3.859,channel1
1537,3.805,channel1
1538,3.771,channel1
1539,3.832,channel1
1540,3.909,channel1
1541,4.034,channel1
1542,3.99,channel1
1543,3.887,channel1
1544,3.857,channel1
1545,3.909,channel1
1546,3.876,channel1
1547,3.763,channel1
1548,3.649,channel1
1549,3.504,channel1
1550,3.353,channel1
1551,3.234,channel1
1552,3.203,channel1
1553,3.331,channel1
1554,3.366,channel1
1555,3.416,channel1
1556,3.519,channel1
1557,3.594,channel1
1558,3.552,channel1
1559,3.502,channel1
1560,3.494,channel1
1561,3.457,channel1
1562,3.505,channel1
1563,3.568,channel1
1564,3.534,channel1
1565,3.533,channel1
1566,3.606,channel1
1567,3.703,channel1
1568,3.769,channel1
1569,3.765,channel1
1570,3.711,channel1
1571,3.644,channel1
1572,3.647,channel1
1573,3.645,channel1
1574,3.684,channel1
1575,3.655,channel1
1576,3.707,channel1
1577,3.69,channel1
1578,3.685,channel1
1579,3.643,channel1
1580,3.663,channel1
1581,3.676,channel1
1582,3.711,channel1
1583,3.869,channel1
1584,3.94,channel1
1585,3.962,channel1
1586,3.984,channel1
1587,3.931,channel1
1588,3.925,channel1
1589,3.941,channel1
1590,4.001,channel1
1591,3.963,channel1
1592,3.93,channel1
1593,3.814,channel1
1594,3.706,channel1
1595,3.66,channel1
1596,3.6,channel1
1597,3.52,channel1
1598,3.473,channel1
1599,3.414,channel1
1600,3.363,channel1
1601,3.355,channel1
1602,3.259,channel1
1603,3.176,channel1
1604,3.238,channel1
1605,3.213,channel1
1606,3.197,channel1
1607,3.179,channel1
1608,3.181,channel1
1609,3.214,channel1
1610,3.254,channel1
1611,3.309,channel1
1612,3.385,channel1
1613,3.365,channel1
1614,3.466,channel1
1615,3.492,channel1
1616,3.569,channel1
1617,3.639,channel1
1618,3.636,channel1
1619,3.712,channel1
1620,3.751,channel1
1621,3.791,channel1
1622,3.777,channel1
1,1.068,channel2
2,1.079,channel2
3,1.079,channel2
4,1.086,channel2
5,1.086,channel2
6,1.097,channel2
7,1.106,channel2
8,1.106,channel2
9,1.107,channel2
10,1.104,channel2
11,1.101,channel2
12,1.095,channel2
13,1.089,channel2
14,1.086,channel2
15,1.081,channel2
16,1.075,channel2
17,1.069,channel2
18,1.062,channel2
19,1.06,channel2
20,1.059,channel2
21,1.065,channel2
22,1.062,channel2
23,1.055,channel2
24,1.051,channel2
25,1.045,channel2
26,1.047,channel2
27,1.092,channel2
28,1.09,channel2
29,1.093,channel2
30,1.092,channel2
31,1.084,channel2
32,1.075,channel2
33,1.064,channel2
34,1.058,channel2
35,1.051,channel2
36,1.036,channel2
37,1.018,channel2
38,1.003,channel2
39,0.999,channel2
40,0.992,channel2
41,0.995,channel2
42,1.001,channel2
43,0.999,channel2
44,1.005,channel2
45,1.007,channel2
46,1.016,channel2
47,1.009,channel2
48,1.004,channel2
49,1.007,channel2
50,1.005,channel2
51,1.007,channel2
52,1.012,channel2
53,1.011,channel2
54,1.028,channel2
55,1.033,channel2
56,1.037,channel2
57,1.04,channel2
58,1.045,channel2
59,1.046,channel2
60,1.05,channel2
61,1.056,channel2
62,1.065,channel2
63,1.073,channel2
64,1.079,channel2
65,1.095,channel2
66,1.097,channel2
67,1.103,channel2
68,1.109,channel2
69,1.114,channel2
70,1.13,channel2
71,1.157,channel2
72,1.161,channel2
73,1.165,channel2
74,1.161,channel2
75,1.156,channel2
76,1.15,channel2
77,1.14,channel2
78,1.129,channel2
79,1.12,channel2
80,1.114,channel2
81,1.106,channel2
82,1.107,channel2
83,1.121,channel2
84,1.123,channel2
85,1.122,channel2
86,1.113,channel2
87,1.117,channel2
88,1.127,channel2
89,1.131,channel2
90,1.134,channel2
91,1.125,channel2
92,1.127,channel2
93,1.134,channel2
94,1.126,channel2
95,1.132,channel2
96,1.131,channel2
97,1.124,channel2
98,1.121,channel2
99,1.115,channel2
100,1.121,channel2
101,1.123,channel2
102,1.116,channel2
103,1.114,channel2
104,1.121,channel2
105,1.133,channel2
106,1.149,channel2
107,1.163,channel2
108,1.184,channel2
109,1.194,channel2
110,1.216,channel2
111,1.226,channel2
112,1.244,channel2
113,1.246,channel2
114,1.246,channel2
115,1.243,channel2
116,1.236,channel2
117,1.229,channel2
118,1.222,channel2
119,1.212,channel2
120,1.2,channel2
121,1.191,channel2
122,1.179,channel2
123,1.174,channel2
124,1.172,channel2
125,1.171,channel2
126,1.163,channel2
127,1.16,channel2
128,1.158,channel2
129,1.157,channel2
130,1.156,channel2
131,1.151,channel2
132,1.144,channel2
133,1.133,channel2
134,1.125,channel2
135,1.115,channel2
136,1.112,channel2
137,1.109,channel2
138,1.106,channel2
139,1.107,channel2
140,1.108,channel2
141,1.11,channel2
142,1.124,channel2
143,1.128,channel2
144,1.129,channel2
145,1.139,channel2
146,1.145,channel2
147,1.138,channel2
148,1.133,channel2
149,1.13,channel2
150,1.126,channel2
151,1.133,channel2
152,1.153,channel2
153,1.17,channel2
154,1.171,channel2
155,1.181,channel2
156,1.21,channel2
157,1.223,channel2
158,1.248,channel2
159,1.287,channel2
160,1.301,channel2
161,1.318,channel2
162,1.321,channel2
163,1.323,channel2
164,1.33,channel2
165,1.321,channel2
166,1.315,channel2
167,1.307,channel2
168,1.302,channel2
169,1.289,channel2
170,1.279,channel2
171,1.276,channel2
172,1.273,channel2
173,1.272,channel2
174,1.263,channel2
175,1.253,channel2
176,1.248,channel2
177,1.249,channel2
178,1.253,channel2
179,1.242,channel2
180,1.247,channel2
181,1.25,channel2
182,1.251,channel2
183,1.245,channel2
184,1.239,channel2
185,1.248,channel2
186,1.249,channel2
187,1.26,channel2
188,1.268,channel2
189,1.272,channel2
190,1.282,channel2
191,1.289,channel2
192,1.287,channel2
193,1.287,channel2
194,1.283,channel2
195,1.278,channel2
196,1.274,channel2
197,1.272,channel2
198,1.287,channel2
199,1.287,channel2
200,1.284,channel2
201,1.282,channel2
202,1.28,channel2
203,1.273,channel2
204,1.27,channel2
205,1.261,channel2
206,1.253,channel2
207,1.246,channel2
208,1.25,channel2
209,1.246,channel2
210,1.248,channel2
211,1.244,channel2
212,1.245,channel2
213,1.24,channel2
214,1.238,channel2
215,1.238,channel2
216,1.247,channel2
217,1.255,channel2
218,1.258,channel2
219,1.251,channel2
220,1.242,channel2
221,1.232,channel2
222,1.226,channel2
223,1.222,channel2
224,1.219,channel2
225,1.222,channel2
226,1.216,channel2
227,1.237,channel2
228,1.272,channel2
229,1.274,channel2
230,1.288,channel2
231,1.287,channel2
232,1.288,channel2
233,1.281,channel2
234,1.269,channel2
235,1.255,channel2
236,1.254,channel2
237,1.248,channel2
238,1.238,channel2
239,1.228,channel2
240,1.221,channel2
241,1.222,channel2
242,1.213,channel2
243,1.207,channel2
244,1.197,channel2
245,1.187,channel2
246,1.176,channel2
247,1.167,channel2
248,1.158,channel2
249,1.148,channel2
250,1.14,channel2
251,1.129,channel2
252,1.112,channel2
253,1.108,channel2
254,1.101,channel2
255,1.085,channel2
256,1.09,channel2
257,1.075,channel2
258,1.065,channel2
259,1.055,channel2
260,1.047,channel2
261,1.077,channel2
262,1.074,channel2
263,1.072,channel2
264,1.075,channel2
265,1.086,channel2
266,1.095,channel2
267,1.109,channel2
268,1.109,channel2
269,1.108,channel2
270,1.104,channel2
271,1.113,channel2
272,1.104,channel2
273,1.096,channel2
274,1.096,channel2
275,1.097,channel2
276,1.092,channel2
277,1.097,channel2
278,1.088,channel2
279,1.077,channel2
280,1.072,channel2
281,1.065,channel2
282,1.058,channel2
283,1.053,channel2
284,1.046,channel2
285,1.042,channel2
286,1.053,channel2
287,1.053,channel2
288,1.059,channel2
289,1.063,channel2
290,1.058,channel2
291,1.055,channel2
292,1.05,channel2
293,1.048,channel2
294,1.037,channel2
295,1.03,channel2
296,1.015,channel2
297,0.996,channel2
298,0.987,channel2
299,0.986,channel2
300,0.979,channel2
301,0.977,channel2
302,0.982,channel2
303,0.985,channel2
304,0.977,channel2
305,0.971,channel2
306,0.968,channel2
307,0.96,channel2
308,0.949,channel2
309,0.955,channel2
310,0.963,channel2
311,1.017,channel2
312,1.056,channel2
313,1.121,channel2
314,1.158,channel2
315,1.179,channel2
316,1.175,channel2
317,1.171,channel2
318,1.176,channel2
319,1.18,channel2
320,1.18,channel2
321,1.166,channel2
322,1.151,channel2
323,1.152,channel2
324,1.148,channel2
325,1.163,channel2
326,1.153,channel2
327,1.165,channel2
328,1.182,channel2
329,1.208,channel2
330,1.232,channel2
331,1.234,channel2
332,1.246,channel2
333,1.275,channel2
334,1.273,channel2
335,1.273,channel2
336,1.282,channel2
337,1.29,channel2
338,1.307,channel2
339,1.302,channel2
340,1.296,channel2
341,1.29,channel2
342,1.277,channel2
343,1.277,channel2
344,1.271,channel2
345,1.274,channel2
346,1.292,channel2
347,1.309,channel2
348,1.315,channel2
349,1.313,channel2
350,1.315,channel2
351,1.31,channel2
352,1.314,channel2
353,1.312,channel2
354,1.304,channel2
355,1.318,channel2
356,1.354,channel2
357,1.355,channel2
358,1.364,channel2
359,1.394,channel2
360,1.443,channel2
361,1.458,channel2
362,1.539,channel2
363,1.566,channel2
364,1.569,channel2
365,1.549,channel2
366,1.543,channel2
367,1.516,channel2
368,1.486,channel2
369,1.478,channel2
370,1.461,channel2
371,1.495,channel2
372,1.531,channel2
373,1.566,channel2
374,1.579,channel2
375,1.599,channel2
376,1.664,channel2
377,1.711,channel2
378,1.691,channel2
379,1.661,channel2
380,1.63,channel2
381,1.586,channel2
382,1.562,channel2
383,1.514,channel2
384,1.504,channel2
385,1.489,channel2
386,1.508,channel2
387,1.521,channel2
388,1.568,channel2
389,1.598,channel2
390,1.599,channel2
391,1.586,channel2
392,1.563,channel2
393,1.541,channel2
394,1.578,channel2
395,1.588,channel2
396,1.584,channel2
397,1.565,channel2
398,1.562,channel2
399,1.55,channel2
400,1.549,channel2
401,1.526,channel2
402,1.49,channel2
403,1.462,channel2
404,1.453,channel2
405,1.446,channel2
406,1.465,channel2
407,1.513,channel2
408,1.511,channel2
409,1.5,channel2
410,1.483,channel2
411,1.515,channel2
412,1.489,channel2
413,1.471,channel2
414,1.457,channel2
415,1.453,channel2
416,1.444,channel2
417,1.445,channel2
418,1.482,channel2
419,1.54,channel2
420,1.61,channel2
421,1.658,channel2
422,1.665,channel2
423,1.739,channel2
424,1.748,channel2
425,1.724,channel2
426,1.739,channel2
427,1.715,channel2
428,1.688,channel2
429,1.644,channel2
430,1.583,channel2
431,1.52,channel2
432,1.484,channel2
433,1.459,channel2
434,1.44,channel2
435,1.428,channel2
436,1.419,channel2
437,1.434,channel2
438,1.467,channel2
439,1.523,channel2
440,1.579,channel2
441,1.562,channel2
442,1.564,channel2
443,1.522,channel2
444,1.455,channel2
445,1.393,channel2
446,1.351,channel2
447,1.307,channel2
448,1.277,channel2
449,1.249,channel2
450,1.224,channel2
451,1.208,channel2
452,1.168,channel2
453,1.149,channel2
454,1.136,channel2
455,1.101,channel2
456,1.113,channel2
457,1.137,channel2
458,1.152,channel2
459,1.152,channel2
460,1.146,channel2
461,1.142,channel2
462,1.157,channel2
463,1.148,channel2
464,1.157,channel2
465,1.157,channel2
466,1.185,channel2
467,1.262,channel2
468,1.328,channel2
469,1.382,channel2
470,1.412,channel2
471,1.454,channel2
472,1.446,channel2
473,1.446,channel2
474,1.435,channel2
475,1.437,channel2
476,1.431,channel2
477,1.439,channel2
478,1.429,channel2
479,1.433,channel2
480,1.417,channel2
481,1.419,channel2
482,1.425,channel2
483,1.433,channel2
484,1.423,channel2
485,1.435,channel2
486,1.451,channel2
487,1.447,channel2
488,1.437,channel2
489,1.435,channel2
490,1.434,channel2
491,1.444,channel2
492,1.436,channel2
493,1.437,channel2
494,1.442,channel2
495,1.436,channel2
496,1.455,channel2
497,1.48,channel2
498,1.481,channel2
499,1.499,channel2
500,1.485,channel2
501,1.489,channel2
502,1.48,channel2
503,1.451,channel2
504,1.423,channel2
505,1.408,channel2
506,1.404,channel2
507,1.407,channel2
508,1.443,channel2
509,1.484,channel2
510,1.487,channel2
511,1.496,channel2
512,1.502,channel2
513,1.515,channel2
514,1.569,channel2
515,1.649,channel2
516,1.701,channel2
517,1.699,channel2
518,1.726,channel2
519,1.752,channel2
520,1.768,channel2
521,1.732,channel2
522,1.692,channel2
523,1.673,channel2
524,1.639,channel2
525,1.618,channel2
526,1.6,channel2
527,1.556,channel2
528,1.534,channel2
529,1.539,channel2
530,1.528,channel2
531,1.514,channel2
532,1.53,channel2
533,1.558,channel2
534,1.537,channel2
535,1.528,channel2
536,1.53,channel2
537,1.563,channel2
538,1.566,channel2
539,1.558,channel2
540,1.576,channel2
541,1.611,channel2
542,1.668,channel2
543,1.787,channel2
544,1.786,channel2
545,1.758,channel2
546,1.739,channel2
547,1.686,channel2
548,1.635,channel2
549,1.617,channel2
550,1.611,channel2
551,1.612,channel2
552,1.584,channel2
553,1.577,channel2
554,1.547,channel2
555,1.54,channel2
556,1.554,channel2
557,1.533,channel2
558,1.519,channel2
559,1.509,channel2
560,1.528,channel2
561,1.521,channel2
562,1.552,channel2
563,1.603,channel2
564,1.637,channel2
565,1.664,channel2
566,1.66,channel2
567,1.681,channel2
568,1.69,channel2
569,1.73,channel2
570,1.758,channel2
571,1.78,channel2
572,1.767,channel2
573,1.785,channel2
574,1.8,channel2
575,1.822,channel2
576,1.827,channel2
577,1.853,channel2
578,1.853,channel2
579,1.884,channel2
580,1.979,channel2
581,2.055,channel2
582,2.104,channel2
583,2.092,channel2
584,2.075,channel2
585,2.029,channel2
586,1.981,channel2
587,1.965,channel2
588,1.939,channel2
589,1.959,channel2
590,1.971,channel2
591,1.948,channel2
592,1.93,channel2
593,1.92,channel2
594,1.917,channel2
595,1.926,channel2
596,1.909,channel2
597,1.893,channel2
598,1.889,channel2
599,1.908,channel2
600,1.959,channel2
601,1.98,channel2
602,2.035,channel2
603,2.077,channel2
604,2.074,channel2
605,2.076,channel2
606,2.045,channel2
607,2.014,channel2
608,1.992,channel2
609,1.989,channel2
610,1.956,channel2
611,1.893,channel2
612,1.861,channel2
613,1.838,channel2
614,1.824,channel2
615,1.837,channel2
616,1.863,channel2
617,1.896,channel2
618,1.953,channel2
619,1.952,channel2
620,1.941,channel2
621,1.948,channel2
622,1.969,channel2
623,2.04,channel2
624,2.098,channel2
625,2.149,channel2
626,2.194,channel2
627,2.258,channel2
628,2.321,channel2
629,2.28,channel2
630,2.279,channel2
631,2.277,channel2
632,2.231,channel2
633,2.206,channel2
634,2.169,channel2
635,2.141,channel2
636,2.159,channel2
637,2.173,channel2
638,2.204,channel2
639,2.257,channel2
640,2.268,channel2
641,2.369,channel2
642,2.36,channel2
643,2.333,channel2
644,2.335,channel2
645,2.41,channel2
646,2.592,channel2
647,2.654,channel2
648,2.653,channel2
649,3.117,channel2
650,3.002,channel2
651,2.835,channel2
652,2.851,channel2
653,2.975,channel2
654,2.896,channel2
655,2.775,channel2
656,2.652,channel2
657,2.528,channel2
658,2.424,channel2
659,2.342,channel2
660,2.247,channel2
661,2.2,channel2
662,2.191,channel2
663,2.228,channel2
664,2.255,channel2
665,2.241,channel2
666,2.281,channel2
667,2.371,channel2
668,2.366,channel2
669,2.382,channel2
670,2.402,channel2
671,2.388,channel2
672,2.331,channel2
673,2.286,channel2
674,2.298,channel2
675,2.373,channel2
676,2.408,channel2
677,2.548,channel2
678,2.542,channel2
679,2.631,channel2
680,2.727,channel2
681,2.828,channel2
682,2.96,channel2
683,2.966,channel2
684,2.955,channel2
685,2.992,channel2
686,2.938,channel2
687,2.913,channel2
688,2.937,channel2
689,2.951,channel2
690,2.917,channel2
691,2.914,channel2
692,2.979,channel2
693,3.017,channel2
694,3.033,channel2
695,3.048,channel2
696,3.05,channel2
697,3.083,channel2
698,3.047,channel2
699,2.971,channel2
700,2.893,channel2
701,2.777,channel2
702,2.67,channel2
703,2.549,channel2
704,2.429,channel2
705,2.36,channel2
706,2.31,channel2
707,2.274,channel2
708,2.255,channel2
709,2.264,channel2
710,2.246,channel2
711,2.278,channel2
712,2.285,channel2
713,2.292,channel2
714,2.342,channel2
715,2.34,channel2
716,2.366,channel2
717,2.387,channel2
718,2.382,channel2
719,2.354,channel2
720,2.28,channel2
721,2.216,channel2
722,2.213,channel2
723,2.237,channel2
724,2.287,channel2
725,2.341,channel2
726,2.428,channel2
727,2.551,channel2
728,2.605,channel2
729,2.623,channel2
730,2.655,channel2
731,2.753,channel2
732,2.848,channel2
733,2.922,channel2
734,2.917,channel2
735,3.017,channel2
736,3.097,channel2
737,3.143,channel2
738,3.258,channel2
739,3.25,channel2
740,3.2,channel2
741,3.122,channel2
742,3.057,channel2
743,3.029,channel2
744,3.005,channel2
745,3.026,channel2
746,3.092,channel2
747,3.005,channel2
748,2.926,channel2
749,2.888,channel2
750,2.821,channel2
751,2.832,channel2
752,2.796,channel2
753,2.84,channel2
754,2.862,channel2
755,2.835,channel2
756,2.86,channel2
757,2.838,channel2
758,2.821,channel2
759,2.813,channel2
760,2.873,channel2
761,2.921,channel2
762,3.06,channel2
763,3.158,channel2
764,3.148,channel2
765,3.147,channel2
766,3.113,channel2
767,3.053,channel2
768,3.05,channel2
769,3.032,channel2
770,3.104,channel2
771,3.159,channel2
772,3.119,channel2
773,3.07,channel2
774,3.03,channel2
775,3.03,channel2
776,3.011,channel2
777,3.092,channel2
778,3.18,channel2
779,3.212,channel2
780,3.273,channel2
781,3.332,channel2
782,3.31,channel2
783,3.339,channel2
784,3.381,channel2
785,3.438,channel2
786,3.557,channel2
787,3.653,channel2
788,3.663,channel2
789,3.771,channel2
790,3.84,channel2
791,3.986,channel2
792,4.026,channel2
793,4.09,channel2
794,4.134,channel2
795,4.131,channel2
796,4.146,channel2
797,4.165,channel2
798,4.164,channel2
799,4.118,channel2
800,4.01,channel2
801,3.935,channel2
802,3.864,channel2
803,3.794,channel2
804,3.738,channel2
805,3.733,channel2
806,3.701,channel2
807,3.887,channel2
808,3.772,channel2
809,3.687,channel2
810,3.543,channel2
811,3.213,channel2
812,2.974,channel2
813,2.718,channel2
814,2.462,channel2
815,2.284,channel2
816,2.132,channel2
817,1.952,channel2
818,1.87,channel2
819,1.758,channel2
820,1.716,channel2
821,1.71,channel2
822,1.67,channel2
823,1.737,channel2
824,1.835,channel2
825,1.898,channel2
826,1.89,channel2
827,1.944,channel2
828,1.978,channel2
829,2.016,channel2
830,1.963,channel2
831,1.988,channel2
832,1.993,channel2
833,1.964,channel2
834,2.014,channel2
835,2.097,channel2
836,2.09,channel2
837,2.104,channel2
838,2.112,channel2
839,2.102,channel2
840,2.129,channel2
841,2.29,channel2
842,2.36,channel2
843,2.485,channel2
844,2.572,channel2
845,2.673,channel2
846,2.722,channel2
847,2.743,channel2
848,2.695,channel2
849,2.666,channel2
850,2.584,channel2
851,2.519,channel2
852,2.557,channel2
853,2.61,channel2
854,2.7,channel2
855,2.691,channel2
856,2.682,channel2
857,2.667,channel2
858,2.642,channel2
859,2.632,channel2
860,2.607,channel2
861,2.554,channel2
862,2.523,channel2
863,2.543,channel2
864,2.626,channel2
865,2.727,channel2
866,2.746,channel2
867,2.72,channel2
868,2.684,channel2
869,2.694,channel2
870,2.684,channel2
871,2.689,channel2
872,2.655,channel2
873,2.645,channel2
874,2.662,channel2
875,2.718,channel2
876,2.804,channel2
877,2.793,channel2
878,2.76,channel2
879,2.717,channel2
880,2.707,channel2
881,2.664,channel2
882,2.709,channel2
883,2.756,channel2
884,2.804,channel2
885,2.841,channel2
886,2.87,channel2
887,2.851,channel2
888,2.877,channel2
889,2.909,channel2
890,2.911,channel2
891,2.901,channel2
892,2.95,channel2
893,2.958,channel2
894,2.918,channel2
895,2.842,channel2
896,2.784,channel2
897,2.78,channel2
898,2.756,channel2
899,2.795,channel2
900,2.809,channel2
901,2.779,channel2
902,2.771,channel2
903,2.775,channel2
904,2.801,channel2
905,2.788,channel2
906,2.835,channel2
907,2.798,channel2
908,2.759,channel2
909,2.736,channel2
910,2.735,channel2
911,2.772,channel2
912,2.775,channel2
913,2.747,channel2
914,2.784,channel2
915,2.871,channel2
916,2.887,channel2
917,2.87,channel2
918,2.861,channel2
919,2.917,channel2
920,2.944,channel2
921,2.931,channel2
922,2.912,channel2
923,3.013,channel2
924,3.035,channel2
925,3.037,channel2
926,3.106,channel2
927,3.124,channel2
928,3.142,channel2
929,3.158,channel2
930,3.163,channel2
931,3.155,channel2
932,3.185,channel2
933,3.193,channel2
934,3.243,channel2
935,3.435,channel2
936,3.572,channel2
937,3.621,channel2
938,3.617,channel2
939,3.65,channel2
940,3.737,channel2
941,3.843,channel2
942,3.896,channel2
943,3.932,channel2
944,4.014,channel2
945,4.018,channel2
946,4.014,channel2
947,3.904,channel2
948,3.848,channel2
949,3.833,channel2
950,3.767,channel2
951,3.708,channel2
952,3.631,channel2
953,3.634,channel2
954,3.695,channel2
955,3.736,channel2
956,3.754,channel2
957,3.766,channel2
958,3.73,channel2
959,3.662,channel2
960,3.638,channel2
961,3.682,channel2
962,3.727,channel2
963,3.715,channel2
964,3.657,channel2
965,3.568,channel2
966,3.492,channel2
967,3.476,channel2
968,3.533,channel2
969,3.52,channel2
970,3.511,channel2
971,3.482,channel2
972,3.495,channel2
973,3.427,channel2
974,3.368,channel2
975,3.35,channel2
976,3.346,channel2
977,3.29,channel2
978,3.317,channel2
979,3.358,channel2
980,3.441,channel2
981,3.451,channel2
982,3.45,channel2
983,3.5,channel2
984,3.542,channel2
985,3.584,channel2
986,3.652,channel2
987,3.78,channel2
988,3.849,channel2
989,3.884,channel2
990,3.923,channel2
991,3.973,channel2
992,3.996,channel2
993,3.997,channel2
994,3.98,channel2
995,3.929,channel2
996,3.889,channel2
997,3.849,channel2
998,3.814,channel2
999,3.773,channel2
1000,3.728,channel2
1001,3.671,channel2
1002,3.629,channel2
1003,3.589,channel2
1004,3.494,channel2
1005,3.415,channel2
1006,3.469,channel2
1007,3.485,channel2
1008,3.554,channel2
1009,3.568,channel2
1010,3.702,channel2
1011,3.779,channel2
1012,3.803,channel2
1013,3.837,channel2
1014,3.903,channel2
1015,3.907,channel2
1016,3.939,channel2
1017,3.889,channel2
1018,3.866,channel2
1019,3.914,channel2
1020,3.886,channel2
1021,3.756,channel2
1022,3.638,channel2
1023,3.563,channel2
1024,3.518,channel2
1025,3.497,channel2
1026,3.505,channel2
1027,3.463,channel2
1028,3.419,channel2
1029,3.324,channel2
1030,3.328,channel2
1031,3.369,channel2
1032,3.373,channel2
1033,3.377,channel2
1034,3.386,channel2
1035,3.427,channel2
1036,3.604,channel2
1037,3.677,channel2
1038,3.812,channel2
1039,3.851,channel2
1040,3.826,channel2
1041,3.779,channel2
1042,3.764,channel2
1043,3.746,channel2
1044,3.714,channel2
1045,3.676,channel2
1046,3.611,channel2
1047,3.603,channel2
1048,3.587,channel2
1049,3.602,channel2
1050,3.665,channel2
1051,3.729,channel2
1052,3.704,channel2
1053,3.705,channel2
1054,3.715,channel2
1055,3.689,channel2
1056,3.645,channel2
1057,3.567,channel2
1058,3.563,channel2
1059,3.706,channel2
1060,3.751,channel2
1061,3.716,channel2
1062,3.701,channel2
1063,3.633,channel2
1064,3.622,channel2
1065,3.623,channel2
1066,3.678,channel2
1067,3.658,channel2
1068,3.619,channel2
1069,3.567,channel2
1070,3.499,channel2
1071,3.441,channel2
1072,3.43,channel2
1073,3.435,channel2
1074,3.372,channel2
1075,3.343,channel2
1076,3.274,channel2
1077,3.298,channel2
1078,3.372,channel2
1079,3.353,channel2
1080,3.35,channel2
1081,3.321,channel2
1082,3.351,channel2
1083,3.409,channel2
1084,3.411,channel2
1085,3.406,channel2
1086,3.376,channel2
1087,3.375,channel2
1088,3.372,channel2
1089,3.388,channel2
1090,3.457,channel2
1091,3.52,channel2
1092,3.553,channel2
1093,3.584,channel2
1094,3.619,channel2
1095,3.622,channel2
1096,3.651,channel2
1097,3.67,channel2
1098,3.725,channel2
1099,3.758,channel2
1100,3.788,channel2
1101,3.761,channel2
1102,3.746,channel2
1103,3.743,channel2
1104,3.75,channel2
1105,3.765,channel2
1106,3.749,channel2
1107,3.76,channel2
1108,3.778,channel2
1109,3.778,channel2
1110,3.753,channel2
1111,3.712,channel2
1112,3.671,channel2
1113,3.617,channel2
1114,3.595,channel2
1115,3.582,channel2
1116,3.549,channel2
1117,3.532,channel2
1118,3.536,channel2
1119,3.534,channel2
1120,3.485,channel2
1121,3.432,channel2
1122,3.434,channel2
1123,3.382,channel2
1124,3.292,channel2
1125,3.205,channel2
1126,3.139,channel2
1127,3.077,channel2
1128,3.025,channel2
1129,2.978,channel2
1130,2.907,channel2
1131,2.864,channel2
1132,2.767,channel2
1133,2.643,channel2
1134,2.496,channel2
1135,2.392,channel2
1136,2.308,channel2
1137,2.232,channel2
1138,2.157,channel2
1139,2.133,channel2
1140,2.154,channel2
1141,2.276,channel2
1142,2.358,channel2
1143,2.415,channel2
1144,2.556,channel2
1145,2.57,channel2
1146,2.537,channel2
1147,2.538,channel2
1148,2.531,channel2
1149,2.499,channel2
1150,2.494,channel2
1151,2.57,channel2
1152,2.656,channel2
1153,2.749,channel2
1154,2.776,channel2
1155,2.827,channel2
1156,2.857,channel2
1157,2.863,channel2
1158,2.863,channel2
1159,2.918,channel2
1160,2.895,channel2
1161,2.885,channel2
1162,2.877,channel2
1163,2.92,channel2
1164,2.888,channel2
1165,2.833,channel2
1166,2.779,channel2
1167,2.72,channel2
1168,2.803,channel2
1169,2.726,channel2
1170,2.602,channel2
1171,2.532,channel2
1172,2.471,channel2
1173,2.425,channel2
1174,2.418,channel2
1175,2.415,channel2
1176,2.432,channel2
1177,2.374,channel2
1178,2.326,channel2
1179,2.322,channel2
1180,2.335,channel2
1181,2.281,channel2
1182,2.198,channel2
1183,2.165,channel2
1184,2.159,channel2
1185,2.144,channel2
1186,2.133,channel2
1187,2.141,channel2
1188,2.135,channel2
1189,2.104,channel2
1190,2.022,channel2
1191,1.965,channel2
1192,1.932,channel2
1193,1.87,channel2
1194,1.834,channel2
1195,1.837,channel2
1196,1.887,channel2
1197,1.943,channel2
1198,2.062,channel2
1199,2.109,channel2
1200,2.169,channel2
1201,2.185,channel2
1202,2.173,channel2
1203,2.24,channel2
1204,2.265,channel2
1205,2.342,channel2
1206,2.325,channel2
1207,2.345,channel2
1208,2.403,channel2
1209,2.44,channel2
1210,2.482,channel2
1211,2.499,channel2
1212,2.455,channel2
1213,2.432,channel2
1214,2.396,channel2
1215,2.359,channel2
1216,2.336,channel2
1217,2.289,channel2
1218,2.267,channel2
1219,2.256,channel2
1220,2.256,channel2
1221,2.299,channel2
1222,2.341,channel2
1223,2.329,channel2
1224,2.31,channel2
1225,2.333,channel2
1226,2.334,channel2
1227,2.354,channel2
1228,2.381,channel2
1229,2.367,channel2
1230,2.353,channel2
1231,2.341,channel2
1232,2.345,channel2
1233,2.298,channel2
1234,2.269,channel2
1235,2.268,channel2
1236,2.321,channel2
1237,2.347,channel2
1238,2.375,channel2
1239,2.419,channel2
1240,2.485,channel2
1241,2.496,channel2
1242,2.467,channel2
1243,2.436,channel2
1244,2.408,channel2
1245,2.405,channel2
1246,2.418,channel2
1247,2.414,channel2
1248,2.427,channel2
1249,2.452,channel2
1250,2.434,channel2
1251,2.433,channel2
1252,2.428,channel2
1253,2.471,channel2
1254,2.534,channel2
1255,2.546,channel2
1256,2.559,channel2
1257,2.522,channel2
1258,2.484,channel2
1259,2.481,channel2
1260,2.51,channel2
1261,2.516,channel2
1262,2.525,channel2
1263,2.479,channel2
1264,2.433,channel2
1265,2.404,channel2
1266,2.376,channel2
1267,2.411,channel2
1268,2.392,channel2
1269,2.426,channel2
1270,2.467,channel2
1271,2.492,channel2
1272,2.497,channel2
1273,2.474,channel2
1274,2.513,channel2
1275,2.794,channel2
1276,2.8,channel2
1277,2.75,channel2
1278,2.701,channel2
1279,2.682,channel2
1280,2.622,channel2
1281,2.605,channel2
1282,2.594,channel2
1283,2.602,channel2
1284,2.673,channel2
1285,2.706,channel2
1286,2.683,channel2
1287,2.648,channel2
1288,2.617,channel2
1289,2.601,channel2
1290,2.568,channel2
1291,2.589,channel2
1292,2.637,channel2
1293,2.639,channel2
1294,2.673,channel2
1295,2.684,channel2
1296,2.723,channel2
1297,2.753,channel2
1298,2.724,channel2
1299,2.676,channel2
1300,2.666,channel2
1301,2.679,channel2
1302,2.677,channel2
1303,2.716,channel2
1304,2.764,channel2
1305,2.817,channel2
1306,2.811,channel2
1307,2.863,channel2
1308,2.914,channel2
1309,2.961,channel2
1310,2.96,channel2
1311,2.949,channel2
1312,2.999,channel2
1313,3.039,channel2
1314,3.018,channel2
1315,2.989,channel2
1316,2.958,channel2
1317,2.913,channel2
1318,2.924,channel2
1319,2.937,channel2
1320,2.943,channel2
1321,2.911,channel2
1322,2.924,channel2
1323,2.93,channel2
1324,2.921,channel2
1325,2.9,channel2
1326,2.906,channel2
1327,2.903,channel2
1328,2.912,channel2
1329,2.921,channel2
1330,2.923,channel2
1331,2.947,channel2
1332,2.984,channel2
1333,2.961,channel2
1334,2.925,channel2
1335,2.896,channel2
1336,2.84,channel2
1337,2.773,channel2
1338,2.7,channel2
1339,2.63,channel2
1340,2.544,channel2
1341,2.511,channel2
1342,2.46,channel2
1343,2.413,channel2
1344,2.358,channel2
1345,2.329,channel2
1346,2.338,channel2
1347,2.34,channel2
1348,2.343,channel2
1349,2.341,channel2
1350,2.361,channel2
1351,2.4,channel2
1352,2.471,channel2
1353,2.502,channel2
1354,2.549,channel2
1355,2.625,channel2
1356,2.701,channel2
1357,2.77,channel2
1358,2.826,channel2
1359,2.912,channel2
1360,2.926,channel2
1361,2.972,channel2
1362,2.983,channel2
1363,2.954,channel2
1364,2.939,channel2
1365,2.909,channel2
1366,2.893,channel2
1367,2.821,channel2
1368,2.759,channel2
1369,2.741,channel2
1370,2.798,channel2
1371,2.827,channel2
1372,2.86,channel2
1373,2.833,channel2
1374,2.798,channel2
1375,2.772,channel2
1376,2.71,channel2
1377,2.684,channel2
1378,2.661,channel2
1379,2.651,channel2
1380,2.638,channel2
1381,2.64,channel2
1382,2.741,channel2
1383,2.737,channel2
1384,2.742,channel2
1385,2.727,channel2
1386,2.735,channel2
1387,2.692,channel2
1388,2.702,channel2
1389,2.711,channel2
1390,2.688,channel2
1391,2.672,channel2
1392,2.667,channel2
1393,2.652,channel2
1394,2.627,channel2
1395,2.621,channel2
1396,2.658,channel2
1397,2.665,channel2
1398,2.657,channel2
1399,2.625,channel2
1400,2.595,channel2
1401,2.546,channel2
1402,2.511,channel2
1403,2.518,channel2
1404,2.555,channel2
1405,2.514,channel2
1406,2.468,channel2
1407,2.343,channel2
1408,2.217,channel2
1409,2.103,channel2
1410,2.022,channel2
1411,1.951,channel2
1412,1.91,channel2
1413,1.87,channel2
1414,1.883,channel2
1415,1.941,channel2
1416,1.969,channel2
1417,2.049,channel2
1418,2.064,channel2
1419,2.123,channel2
1420,2.185,channel2
1421,2.216,channel2
1422,2.26,channel2
1423,2.265,channel2
1424,2.283,channel2
1425,2.275,channel2
1426,2.265,channel2
1427,2.266,channel2
1428,2.256,channel2
1429,2.256,channel2
1430,2.272,channel2
1431,2.311,channel2
1432,2.302,channel2
1433,2.274,channel2
1434,2.259,channel2
1435,2.259,channel2
1436,2.262,channel2
1437,2.257,channel2
1438,2.24,channel2
1439,2.234,channel2
1440,2.204,channel2
1441,2.188,channel2
1442,2.202,channel2
1443,2.194,channel2
1444,2.211,channel2
1445,2.246,channel2
1446,2.247,channel2
1447,2.311,channel2
1448,2.33,channel2
1449,2.336,channel2
1450,2.403,channel2
1451,2.464,channel2
1452,2.478,channel2
1453,2.495,channel2
1454,2.548,channel2
1455,2.588,channel2
1456,2.717,channel2
1457,2.796,channel2
1458,2.857,channel2
1459,2.94,channel2
1460,2.954,channel2
1461,2.941,channel2
1462,2.945,channel2
1463,2.939,channel2
1464,2.945,channel2
1465,2.962,channel2
1466,2.981,channel2
1467,3.051,channel2
1468,3.118,channel2
1469,3.112,channel2
1470,3.119,channel2
1471,3.128,channel2
1472,3.161,channel2
1473,3.153,channel2
1474,3.185,channel2
1475,3.216,channel2
1476,3.227,channel2
1477,3.247,channel2
1478,3.232,channel2
1479,3.256,channel2
1480,3.269,channel2
1481,3.272,channel2
1482,3.243,channel2
1483,3.237,channel2
1484,3.273,channel2
1485,3.262,channel2
1486,3.28,channel2
1487,3.271,channel2
1488,3.285,channel2
1489,3.36,channel2
1490,3.416,channel2
1491,3.476,channel2
1492,3.484,channel2
1493,3.505,channel2
1494,3.495,channel2
1495,3.493,channel2
1496,3.478,channel2
1497,3.44,channel2
1498,3.414,channel2
1499,3.395,channel2
1500,3.375,channel2
1501,3.381,channel2
1502,3.394,channel2
1503,3.404,channel2
1504,3.421,channel2
1505,3.464,channel2
1506,3.538,channel2
1507,3.581,channel2
1508,3.624,channel2
1509,3.701,channel2
1510,4.196,channel2
1511,4.414,channel2
1512,4.343,channel2
1513,4.334,channel2
1514,4.274,channel2
1515,4.196,channel2
1516,4.17,channel2
1517,4.211,channel2
1518,4.285,channel2
1519,4.428,channel2
1520,4.591,channel2
1521,4.694,channel2
1522,4.727,channel2
1523,4.977,channel2
1524,5.107,channel2
1525,5.066,channel2
1526,4.979,channel2
1527,4.879,channel2
1528,4.754,channel2
1529,4.599,channel2
1530,4.44,channel2
1531,4.304,channel2
1532,4.151,channel2
1533,4.051,channel2
1534,3.993,channel2
1535,3.938,channel2
1536,3.859,channel2
1537,3.805,channel2
1538,3.771,channel2
1539,3.832,channel2
1540,3.909,channel2
1541,4.034,channel2
1542,3.99,channel2
1543,3.887,channel2
1544,3.857,channel2
1545,3.909,channel2
1546,3.876,channel2
1547,3.763,channel2
1548,3.649,channel2
1549,3.504,channel2
1550,3.353,channel2
1551,3.234,channel2
1552,3.203,channel2
1553,3.331,channel2
1554,3.366,channel2
1555,3.416,channel2
1556,3.519,channel2
1557,3.594,channel2
1558,3.552,channel2
1559,3.502,channel2
1560,3.494,channel2
1561,3.457,channel2
1562,3.505,channel2
1563,3.568,channel2
1564,3.534,channel2
1565,3.533,channel2
1566,3.606,channel2
1567,3.703,channel2
1568,3.769,channel2
1569,3.765,channel2
1570,3.711,channel2
1571,3.644,channel2
1572,3.647,channel2
1573,3.645,channel2
1574,3.684,channel2
1575,3.655,channel2
1576,3.707,channel2
1577,3.69,channel2
1578,3.685,channel2
1579,3.643,channel2
1580,3.663,channel2
1581,3.676,channel2
1582,3.711,channel2
1583,3.869,channel2
1584,3.94,channel2
1585,3.962,channel2
1586,3.984,channel2
1587,3.931,channel2
1588,3.925,channel2
1589,3.941,channel2
1590,4.001,channel2
1591,3.963,channel2
1592,3.93,channel2
1593,3.814,channel2
1594,3.706,channel2
1595,3.66,channel2
1596,3.6,channel2
1597,3.52,channel2
1598,3.473,channel2
1599,3.414,channel2
1600,3.363,channel2
1601,3.355,channel2
1602,3.259,channel2
1603,3.176,channel2
1604,3.238,channel2
1605,3.213,channel2
1606,3.197,channel2
1607,3.179,channel2
1608,3.181,channel2
1609,3.214,channel2
1610,3.254,channel2
1611,3.309,channel2
1612,3.385,channel2
1613,3.365,channel2
1614,3.466,channel2
1615,3.492,channel2
1616,3.569,channel2
1617,3.639,channel2
1618,3.636,channel2
1619,3.712,channel2
1620,3.751,channel2
1621,3.791,channel2
1622,3.777,channel2
1,1.068,channel3
2,1.073,channel3
3,1.074,channel3
4,1.076,channel3
5,1.08,channel3
6,1.091,channel3
7,1.096,channel3
8,1.096,channel3
9,1.097,channel3
10,1.102,channel3
11,1.103,channel3
12,1.101,channel3
13,1.1,channel3
14,1.096,channel3
15,1.095,channel3
16,1.091,channel3
17,1.089,channel3
18,1.086,channel3
19,1.081,channel3
20,1.077,channel3
21,1.072,channel3
22,1.069,channel3
23,1.065,channel3
24,1.068,channel3
25,1.063,channel3
26,1.06,channel3
27,1.101,channel3
28,1.092,channel3
29,1.093,channel3
30,1.091,channel3
31,1.087,channel3
32,1.081,channel3
33,1.081,channel3
34,1.076,channel3
35,1.074,channel3
36,1.064,channel3
37,1.055,channel3
38,1.047,channel3
39,1.04,channel3
40,1.037,channel3
41,1.036,channel3
42,1.036,channel3
43,1.032,channel3
44,1.028,channel3
45,1.028,channel3
46,1.033,channel3
47,1.035,channel3
48,1.036,channel3
49,1.041,channel3
50,1.038,channel3
51,1.034,channel3
52,1.033,channel3
53,1.032,channel3
54,1.033,channel3
55,1.036,channel3
56,1.039,channel3
57,1.043,channel3
58,1.046,channel3
59,1.057,channel3
60,1.061,channel3
61,1.066,channel3
62,1.071,channel3
63,1.078,channel3
64,1.087,channel3
65,1.096,channel3
66,1.105,channel3
67,1.105,channel3
68,1.108,channel3
69,1.112,channel3
70,1.122,channel3
71,1.148,channel3
72,1.162,channel3
73,1.166,channel3
74,1.167,channel3
75,1.164,channel3
76,1.16,channel3
77,1.152,channel3
78,1.146,channel3
79,1.136,channel3
80,1.137,channel3
81,1.138,channel3
82,1.135,channel3
83,1.148,channel3
84,1.159,channel3
85,1.161,channel3
86,1.161,channel3
87,1.177,channel3
88,1.21,channel3
89,1.225,channel3
90,1.237,channel3
91,1.23,channel3
92,1.227,channel3
93,1.225,channel3
94,1.22,channel3
95,1.222,channel3
96,1.219,channel3
97,1.219,channel3
98,1.218,channel3
99,1.216,channel3
100,1.216,channel3
101,1.212,channel3
102,1.207,channel3
103,1.203,channel3
104,1.198,channel3
105,1.2,channel3
106,1.202,channel3
107,1.209,channel3
108,1.228,channel3
109,1.243,channel3
110,1.261,channel3
111,1.276,channel3
112,1.292,channel3
113,1.311,channel3
114,1.314,channel3
115,1.315,channel3
116,1.315,channel3
117,1.313,channel3
118,1.313,channel3
119,1.31,channel3
120,1.308,channel3
121,1.302,channel3
122,1.296,channel3
123,1.291,channel3
124,1.285,channel3
125,1.281,channel3
126,1.278,channel3
127,1.275,channel3
128,1.274,channel3
129,1.271,channel3
130,1.267,channel3
131,1.266,channel3
132,1.261,channel3
133,1.256,channel3
134,1.247,channel3
135,1.236,channel3
136,1.226,channel3
137,1.217,channel3
138,1.209,channel3
139,1.204,channel3
140,1.21,channel3
141,1.213,channel3
142,1.22,channel3
143,1.222,channel3
144,1.234,channel3
145,1.235,channel3
146,1.239,channel3
147,1.236,channel3
148,1.234,channel3
149,1.229,channel3
150,1.225,channel3
151,1.223,channel3
152,1.224,channel3
153,1.23,channel3
154,1.23,channel3
155,1.231,channel3
156,1.246,channel3
157,1.262,channel3
158,1.281,channel3
159,1.324,channel3
160,1.337,channel3
161,1.359,channel3
162,1.378,channel3
163,1.383,channel3
164,1.386,channel3
165,1.382,channel3
166,1.381,channel3
167,1.375,channel3
168,1.364,channel3
169,1.358,channel3
170,1.348,channel3
171,1.345,channel3
172,1.338,channel3
173,1.336,channel3
174,1.329,channel3
175,1.321,channel3
176,1.317,channel3
177,1.313,channel3
178,1.315,channel3
179,1.312,channel3
180,1.312,channel3
181,1.313,channel3
182,1.316,channel3
183,1.314,channel3
184,1.315,channel3
185,1.317,channel3
186,1.32,channel3
187,1.326,channel3
188,1.338,channel3
189,1.339,channel3
190,1.351,channel3
191,1.36,channel3
192,1.37,channel3
193,1.384,channel3
194,1.389,channel3
195,1.392,channel3
196,1.393,channel3
197,1.394,channel3
198,1.392,channel3
199,1.39,channel3
200,1.387,channel3
201,1.386,channel3
202,1.385,channel3
203,1.379,channel3
204,1.369,channel3
205,1.359,channel3
206,1.349,channel3
207,1.34,channel3
208,1.338,channel3
209,1.334,channel3
210,1.33,channel3
211,1.324,channel3
212,1.316,channel3
213,1.309,channel3
214,1.301,channel3
215,1.298,channel3
216,1.298,channel3
217,1.306,channel3
218,1.31,channel3
219,1.309,channel3
220,1.305,channel3
221,1.298,channel3
222,1.292,channel3
223,1.284,channel3
224,1.277,channel3
225,1.277,channel3
226,1.279,channel3
227,1.306,channel3
228,1.332,channel3
229,1.349,channel3
230,1.381,channel3
231,1.387,channel3
232,1.387,channel3
233,1.381,channel3
234,1.369,channel3
235,1.36,channel3
236,1.354,channel3
237,1.351,channel3
238,1.343,channel3
239,1.334,channel3
240,1.326,channel3
241,1.318,channel3
242,1.31,channel3
243,1.305,channel3
244,1.295,channel3
245,1.285,channel3
246,1.274,channel3
247,1.262,channel3
248,1.258,channel3
249,1.253,channel3
250,1.24,channel3
251,1.227,channel3
252,1.219,channel3
253,1.211,channel3
254,1.2,channel3
255,1.186,channel3
256,1.178,channel3
257,1.165,channel3
258,1.148,channel3
259,1.131,channel3
260,1.114,channel3
261,1.127,channel3
262,1.134,channel3
263,1.13,channel3
264,1.126,channel3
265,1.123,channel3
266,1.126,channel3
267,1.134,channel3
268,1.119,channel3
269,1.125,channel3
270,1.123,channel3
271,1.125,channel3
272,1.125,channel3
273,1.122,channel3
274,1.122,channel3
275,1.112,channel3
276,1.104,channel3
277,1.104,channel3
278,1.101,channel3
279,1.094,channel3
280,1.092,channel3
281,1.09,channel3
282,1.084,channel3
283,1.079,channel3
284,1.072,channel3
285,1.072,channel3
286,1.067,channel3
287,1.076,channel3
288,1.081,channel3
289,1.088,channel3
290,1.086,channel3
291,1.084,channel3
292,1.08,channel3
293,1.079,channel3
294,1.075,channel3
295,1.071,channel3
296,1.067,channel3
297,1.059,channel3
298,1.054,channel3
299,1.049,channel3
300,1.043,channel3
301,1.042,channel3
302,1.037,channel3
303,1.037,channel3
304,1.029,channel3
305,1.019,channel3
306,1.016,channel3
307,1.01,channel3
308,0.999,channel3
309,0.993,channel3
310,0.993,channel3
311,1.018,channel3
312,1.046,channel3
313,1.076,channel3
314,1.113,channel3
315,1.138,channel3
316,1.146,channel3
317,1.156,channel3
318,1.16,channel3
319,1.168,channel3
320,1.171,channel3
321,1.168,channel3
322,1.167,channel3
323,1.166,channel3
324,1.166,channel3
325,1.166,channel3
326,1.164,channel3
327,1.175,channel3
328,1.198,channel3
329,1.213,channel3
330,1.232,channel3
331,1.25,channel3
332,1.266,channel3
333,1.288,channel3
334,1.296,channel3
335,1.298,channel3
336,1.309,channel3
337,1.316,channel3
338,1.33,channel3
339,1.336,channel3
340,1.356,channel3
341,1.36,channel3
342,1.36,channel3
343,1.357,channel3
344,1.355,channel3
345,1.351,channel3
346,1.353,channel3
347,1.36,channel3
348,1.372,channel3
349,1.375,channel3
350,1.376,channel3
351,1.378,channel3
352,1.381,channel3
353,1.384,channel3
354,1.384,channel3
355,1.38,channel3
356,1.403,channel3
357,1.404,channel3
358,1.408,channel3
359,1.42,channel3
360,1.447,channel3
361,1.457,channel3
362,1.538,channel3
363,1.585,channel3
364,1.596,channel3
365,1.588,channel3
366,1.569,channel3
367,1.556,channel3
368,1.537,channel3
369,1.527,channel3
370,1.518,channel3
371,1.519,channel3
372,1.539,channel3
373,1.578,channel3
374,1.597,channel3
375,1.622,channel3
376,1.653,channel3
377,1.677,channel3
378,1.691,channel3
379,1.699,channel3
380,1.682,channel3
381,1.675,channel3
382,1.665,channel3
383,1.65,channel3
384,1.64,channel3
385,1.633,channel3
386,1.624,channel3
387,1.623,channel3
388,1.623,channel3
389,1.642,channel3
390,1.645,channel3
391,1.645,channel3
392,1.636,channel3
393,1.628,channel3
394,1.618,channel3
395,1.62,channel3
396,1.617,channel3
397,1.623,channel3
398,1.619,channel3
399,1.616,channel3
400,1.617,channel3
401,1.607,channel3
402,1.59,channel3
403,1.576,channel3
404,1.566,channel3
405,1.557,channel3
406,1.545,channel3
407,1.548,channel3
408,1.544,channel3
409,1.54,channel3
410,1.532,channel3
411,1.534,channel3
412,1.532,channel3
413,1.525,channel3
414,1.515,channel3
415,1.51,channel3
416,1.487,channel3
417,1.477,channel3
418,1.478,channel3
419,1.511,channel3
420,1.566,channel3
421,1.621,channel3
422,1.668,channel3
423,1.712,channel3
424,1.756,channel3
425,1.761,channel3
426,1.791,channel3
427,1.79,channel3
428,1.781,channel3
429,1.757,channel3
430,1.731,channel3
431,1.692,channel3
432,1.659,channel3
433,1.62,channel3
434,1.579,channel3
435,1.54,channel3
436,1.517,channel3
437,1.503,channel3
438,1.498,channel3
439,1.489,channel3
440,1.492,channel3
441,1.489,channel3
442,1.493,channel3
443,1.489,channel3
444,1.464,channel3
445,1.435,channel3
446,1.416,channel3
447,1.38,channel3
448,1.345,channel3
449,1.308,channel3
450,1.282,channel3
451,1.253,channel3
452,1.224,channel3
453,1.189,channel3
454,1.171,channel3
455,1.158,channel3
456,1.154,channel3
457,1.157,channel3
458,1.175,channel3
459,1.197,channel3
460,1.198,channel3
461,1.196,channel3
462,1.193,channel3
463,1.192,channel3
464,1.197,channel3
465,1.199,channel3
466,1.203,channel3
467,1.248,channel3
468,1.315,channel3
469,1.372,channel3
470,1.403,channel3
471,1.431,channel3
472,1.45,channel3
473,1.46,channel3
474,1.461,channel3
475,1.464,channel3
476,1.459,channel3
477,1.459,channel3
478,1.458,channel3
479,1.451,channel3
480,1.448,channel3
481,1.443,channel3
482,1.435,channel3
483,1.428,channel3
484,1.426,channel3
485,1.437,channel3
486,1.459,channel3
487,1.469,channel3
488,1.48,channel3
489,1.48,channel3
490,1.482,channel3
491,1.488,channel3
492,1.486,channel3
493,1.484,channel3
494,1.482,channel3
495,1.484,channel3
496,1.489,channel3
497,1.494,channel3
498,1.495,channel3
499,1.5,channel3
500,1.509,channel3
501,1.51,channel3
502,1.532,channel3
503,1.534,channel3
504,1.525,channel3
505,1.525,channel3
506,1.52,channel3
507,1.516,channel3
508,1.518,channel3
509,1.544,channel3
510,1.556,channel3
511,1.559,channel3
512,1.559,channel3
513,1.561,channel3
514,1.597,channel3
515,1.677,channel3
516,1.721,channel3
517,1.718,channel3
518,1.717,channel3
519,1.721,channel3
520,1.741,channel3
521,1.725,channel3
522,1.705,channel3
523,1.691,channel3
524,1.672,channel3
525,1.649,channel3
526,1.634,channel3
527,1.612,channel3
528,1.582,channel3
529,1.569,channel3
530,1.553,channel3
531,1.548,channel3
532,1.543,channel3
533,1.555,channel3
534,1.551,channel3
535,1.544,channel3
536,1.546,channel3
537,1.564,channel3
538,1.578,channel3
539,1.578,channel3
540,1.588,channel3
541,1.615,channel3
542,1.644,channel3
543,1.802,channel3
544,1.851,channel3
545,1.835,channel3
546,1.818,channel3
547,1.794,channel3
548,1.77,channel3
549,1.746,channel3
550,1.73,channel3
551,1.716,channel3
552,1.689,channel3
553,1.66,channel3
554,1.632,channel3
555,1.607,channel3
556,1.607,channel3
557,1.6,channel3
558,1.584,channel3
559,1.578,channel3
560,1.586,channel3
561,1.584,channel3
562,1.594,channel3
563,1.64,channel3
564,1.672,channel3
565,1.704,channel3
566,1.712,channel3
567,1.709,channel3
568,1.71,channel3
569,1.731,channel3
570,1.749,channel3
571,1.771,channel3
572,1.772,channel3
573,1.782,channel3
574,1.787,channel3
575,1.788,channel3
576,1.778,channel3
577,1.8,channel3
578,1.811,channel3
579,1.843,channel3
580,1.963,channel3
581,2.068,channel3
582,2.121,channel3
583,2.149,channel3
584,2.151,channel3
585,2.13,channel3
586,2.095,channel3
587,2.057,channel3
588,2.024,channel3
589,2.005,channel3
590,2,channel3
591,1.984,channel3
592,1.978,channel3
593,1.967,channel3
594,1.965,channel3
595,1.975,channel3
596,1.961,channel3
597,1.941,channel3
598,1.926,channel3
599,1.92,channel3
600,1.965,channel3
601,1.993,channel3
602,2.031,channel3
603,2.084,channel3
604,2.093,channel3
605,2.091,channel3
606,2.074,channel3
607,2.058,channel3
608,2.031,channel3
609,2.02,channel3
610,1.997,channel3
611,1.952,channel3
612,1.921,channel3
613,1.9,channel3
614,1.873,channel3
615,1.858,channel3
616,1.871,channel3
617,1.903,channel3
618,1.972,channel3
619,1.981,channel3
620,1.969,channel3
621,1.957,channel3
622,1.951,channel3
623,2.015,channel3
624,2.051,channel3
625,2.093,channel3
626,2.14,channel3
627,2.201,channel3
628,2.256,channel3
629,2.235,channel3
630,2.256,channel3
631,2.269,channel3
632,2.247,channel3
633,2.225,channel3
634,2.198,channel3
635,2.165,channel3
636,2.175,channel3
637,2.198,channel3
638,2.243,channel3
639,2.279,channel3
640,2.315,channel3
641,2.43,channel3
642,2.434,channel3
643,2.42,channel3
644,2.416,channel3
645,2.442,channel3
646,2.602,channel3
647,2.649,channel3
648,2.65,channel3
649,3.277,channel3
650,3.164,channel3
651,2.961,channel3
652,2.909,channel3
653,2.927,channel3
654,2.845,channel3
655,2.738,channel3
656,2.622,channel3
657,2.497,channel3
658,2.393,channel3
659,2.29,channel3
660,2.201,channel3
661,2.154,channel3
662,2.157,channel3
663,2.217,channel3
664,2.275,channel3
665,2.27,channel3
666,2.318,channel3
667,2.423,channel3
668,2.443,channel3
669,2.46,channel3
670,2.452,channel3
671,2.428,channel3
672,2.368,channel3
673,2.299,channel3
674,2.263,channel3
675,2.311,channel3
676,2.342,channel3
677,2.496,channel3
678,2.507,channel3
679,2.613,channel3
680,2.702,channel3
681,2.8,channel3
682,2.976,channel3
683,2.981,channel3
684,2.974,channel3
685,3.052,channel3
686,3.017,channel3
687,2.986,channel3
688,3.017,channel3
689,3.036,channel3
690,3.019,channel3
691,3.002,channel3
692,3.021,channel3
693,3.072,channel3
694,3.086,channel3
695,3.101,channel3
696,3.125,channel3
697,3.139,channel3
698,3.12,channel3
699,3.057,channel3
700,2.978,channel3
701,2.861,channel3
702,2.771,channel3
703,2.643,channel3
704,2.517,channel3
705,2.417,channel3
706,2.339,channel3
707,2.293,channel3
708,2.262,channel3
709,2.258,channel3
710,2.239,channel3
711,2.257,channel3
712,2.273,channel3
713,2.298,channel3
714,2.364,channel3
715,2.368,channel3
716,2.405,channel3
717,2.448,channel3
718,2.443,channel3
719,2.418,channel3
720,2.366,channel3
721,2.298,channel3
722,2.266,channel3
723,2.248,channel3
724,2.265,channel3
725,2.308,channel3
726,2.407,channel3
727,2.563,channel3
728,2.614,channel3
729,2.631,channel3
730,2.658,channel3
731,2.752,channel3
732,2.797,channel3
733,2.863,channel3
734,2.873,channel3
735,2.977,channel3
736,3.045,channel3
737,3.076,channel3
738,3.14,channel3
739,3.162,channel3
740,3.148,channel3
741,3.121,channel3
742,3.072,channel3
743,3.052,channel3
744,3.042,channel3
745,3.04,channel3
746,3.057,channel3
747,3.022,channel3
748,2.986,channel3
749,2.944,channel3
750,2.882,channel3
751,2.84,channel3
752,2.788,channel3
753,2.785,channel3
754,2.779,channel3
755,2.777,channel3
756,2.795,channel3
757,2.796,channel3
758,2.788,channel3
759,2.782,channel3
760,2.829,channel3
761,2.885,channel3
762,3.02,channel3
763,3.117,channel3
764,3.129,channel3
765,3.156,channel3
766,3.154,channel3
767,3.141,channel3
768,3.129,channel3
769,3.127,channel3
770,3.145,channel3
771,3.185,channel3
772,3.174,channel3
773,3.141,channel3
774,3.115,channel3
775,3.09,channel3
776,3.062,channel3
777,3.092,channel3
778,3.183,channel3
779,3.196,channel3
780,3.22,channel3
781,3.258,channel3
782,3.249,channel3
783,3.261,channel3
784,3.28,channel3
785,3.338,channel3
786,3.538,channel3
787,3.649,channel3
788,3.675,channel3
789,3.797,channel3
790,3.887,channel3
791,4.023,channel3
792,4.076,channel3
793,4.137,channel3
794,4.179,channel3
795,4.171,channel3
796,4.169,channel3
797,4.193,channel3
798,4.186,channel3
799,4.161,channel3
800,4.053,channel3
801,3.984,channel3
802,3.893,channel3
803,3.784,channel3
804,3.713,channel3
805,3.695,channel3
806,3.665,channel3
807,3.715,channel3
808,3.66,channel3
809,3.589,channel3
810,3.446,channel3
811,3.161,channel3
812,2.927,channel3
813,2.704,channel3
814,2.51,channel3
815,2.354,channel3
816,2.183,channel3
817,2.015,channel3
818,1.936,channel3
819,1.83,channel3
820,1.766,channel3
821,1.748,channel3
822,1.709,channel3
823,1.726,channel3
824,1.802,channel3
825,1.854,channel3
826,1.87,channel3
827,1.926,channel3
828,1.965,channel3
829,1.993,channel3
830,1.967,channel3
831,1.976,channel3
832,1.968,channel3
833,1.966,channel3
834,1.99,channel3
835,2.062,channel3
836,2.06,channel3
837,2.064,channel3
838,2.104,channel3
839,2.107,channel3
840,2.137,channel3
841,2.298,channel3
842,2.358,channel3
843,2.464,channel3
844,2.554,channel3
845,2.62,channel3
846,2.697,channel3
847,2.736,channel3
848,2.719,channel3
849,2.703,channel3
850,2.626,channel3
851,2.57,channel3
852,2.581,channel3
853,2.628,channel3
854,2.708,channel3
855,2.72,channel3
856,2.714,channel3
857,2.726,channel3
858,2.718,channel3
859,2.7,channel3
860,2.66,channel3
861,2.605,channel3
862,2.569,channel3
863,2.536,channel3
864,2.595,channel3
865,2.715,channel3
866,2.75,channel3
867,2.742,channel3
868,2.73,channel3
869,2.725,channel3
870,2.719,channel3
871,2.728,channel3
872,2.703,channel3
873,2.682,channel3
874,2.691,channel3
875,2.737,channel3
876,2.818,channel3
877,2.828,channel3
878,2.806,channel3
879,2.788,channel3
880,2.771,channel3
881,2.747,channel3
882,2.753,channel3
883,2.766,channel3
884,2.805,channel3
885,2.834,channel3
886,2.831,channel3
887,2.826,channel3
888,2.849,channel3
889,2.885,channel3
890,2.895,channel3
891,2.935,channel3
892,2.981,channel3
893,2.983,channel3
894,2.961,channel3
895,2.906,channel3
896,2.857,channel3
897,2.83,channel3
898,2.805,channel3
899,2.81,channel3
900,2.815,channel3
901,2.806,channel3
902,2.796,channel3
903,2.784,channel3
904,2.792,channel3
905,2.792,channel3
906,2.81,channel3
907,2.796,channel3
908,2.77,channel3
909,2.735,channel3
910,2.717,channel3
911,2.716,channel3
912,2.718,channel3
913,2.717,channel3
914,2.776,channel3
915,2.878,channel3
916,2.919,channel3
917,2.938,channel3
918,2.938,channel3
919,2.961,channel3
920,3.03,channel3
921,3.07,channel3
922,3.065,channel3
923,3.132,channel3
924,3.139,channel3
925,3.15,channel3
926,3.177,channel3
927,3.193,channel3
928,3.215,channel3
929,3.232,channel3
930,3.243,channel3
931,3.24,channel3
932,3.255,channel3
933,3.263,channel3
934,3.281,channel3
935,3.437,channel3
936,3.6,channel3
937,3.634,channel3
938,3.624,channel3
939,3.638,channel3
940,3.72,channel3
941,3.823,channel3
942,3.919,channel3
943,3.988,channel3
944,4.078,channel3
945,4.095,channel3
946,4.101,channel3
947,4.034,channel3
948,3.973,channel3
949,3.924,channel3
950,3.873,channel3
951,3.851,channel3
952,3.815,channel3
953,3.784,channel3
954,3.827,channel3
955,3.882,channel3
956,3.898,channel3
957,3.903,channel3
958,3.88,channel3
959,3.82,channel3
960,3.796,channel3
961,3.784,channel3
962,3.809,channel3
963,3.809,channel3
964,3.758,channel3
965,3.684,channel3
966,3.633,channel3
967,3.583,channel3
968,3.618,channel3
969,3.604,channel3
970,3.586,channel3
971,3.57,channel3
972,3.571,channel3
973,3.536,channel3
974,3.501,channel3
975,3.47,channel3
976,3.445,channel3
977,3.413,channel3
978,3.402,channel3
979,3.439,channel3
980,3.523,channel3
981,3.542,channel3
982,3.568,channel3
983,3.633,channel3
984,3.655,channel3
985,3.703,channel3
986,3.751,channel3
987,3.827,channel3
988,3.876,channel3
989,3.867,channel3
990,3.889,channel3
991,3.921,channel3
992,3.957,channel3
993,4.025,channel3
994,4.046,channel3
995,4.023,channel3
996,3.991,channel3
997,3.947,channel3
998,3.899,channel3
999,3.85,channel3
1000,3.798,channel3
1001,3.746,channel3
1002,3.683,channel3
1003,3.629,channel3
1004,3.577,channel3
1005,3.538,channel3
1006,3.561,channel3
1007,3.61,channel3
1008,3.701,channel3
1009,3.698,channel3
1010,3.772,channel3
1011,3.84,channel3
1012,3.874,channel3
1013,3.884,channel3
1014,3.921,channel3
1015,3.988,channel3
1016,4.056,channel3
1017,4.018,channel3
1018,4.027,channel3
1019,4.029,channel3
1020,4,channel3
1021,3.917,channel3
1022,3.817,channel3
1023,3.792,channel3
1024,3.754,channel3
1025,3.727,channel3
1026,3.713,channel3
1027,3.679,channel3
1028,3.639,channel3
1029,3.574,channel3
1030,3.56,channel3
1031,3.577,channel3
1032,3.595,channel3
1033,3.593,channel3
1034,3.579,channel3
1035,3.608,channel3
1036,3.755,channel3
1037,3.807,channel3
1038,3.866,channel3
1039,3.885,channel3
1040,3.868,channel3
1041,3.843,channel3
1042,3.819,channel3
1043,3.796,channel3
1044,3.772,channel3
1045,3.723,channel3
1046,3.678,channel3
1047,3.626,channel3
1048,3.601,channel3
1049,3.603,channel3
1050,3.63,channel3
1051,3.654,channel3
1052,3.668,channel3
1053,3.66,channel3
1054,3.667,channel3
1055,3.673,channel3
1056,3.673,channel3
1057,3.643,channel3
1058,3.645,channel3
1059,3.803,channel3
1060,3.879,channel3
1061,3.875,channel3
1062,3.859,channel3
1063,3.831,channel3
1064,3.809,channel3
1065,3.801,channel3
1066,3.826,channel3
1067,3.823,channel3
1068,3.79,channel3
1069,3.745,channel3
1070,3.693,channel3
1071,3.652,channel3
1072,3.606,channel3
1073,3.575,channel3
1074,3.544,channel3
1075,3.516,channel3
1076,3.479,channel3
1077,3.478,channel3
1078,3.532,channel3
1079,3.553,channel3
1080,3.571,channel3
1081,3.585,channel3
1082,3.598,channel3
1083,3.624,channel3
1084,3.633,channel3
1085,3.61,channel3
1086,3.575,channel3
1087,3.551,channel3
1088,3.534,channel3
1089,3.538,channel3
1090,3.572,channel3
1091,3.624,channel3
1092,3.644,channel3
1093,3.666,channel3
1094,3.678,channel3
1095,3.673,channel3
1096,3.677,channel3
1097,3.676,channel3
1098,3.708,channel3
1099,3.754,channel3
1100,3.822,channel3
1101,3.819,channel3
1102,3.809,channel3
1103,3.798,channel3
1104,3.796,channel3
1105,3.793,channel3
1106,3.792,channel3
1107,3.811,channel3
1108,3.831,channel3
1109,3.84,channel3
1110,3.846,channel3
1111,3.828,channel3
1112,3.794,channel3
1113,3.77,channel3
1114,3.727,channel3
1115,3.687,channel3
1116,3.661,channel3
1117,3.628,channel3
1118,3.627,channel3
1119,3.626,channel3
1120,3.608,channel3
1121,3.568,channel3
1122,3.547,channel3
1123,3.498,channel3
1124,3.443,channel3
1125,3.347,channel3
1126,3.286,channel3
1127,3.214,channel3
1128,3.153,channel3
1129,3.107,channel3
1130,3.058,channel3
1131,3.038,channel3
1132,2.95,channel3
1133,2.845,channel3
1134,2.732,channel3
1135,2.649,channel3
1136,2.55,channel3
1137,2.446,channel3
1138,2.32,channel3
1139,2.264,channel3
1140,2.242,channel3
1141,2.29,channel3
1142,2.34,channel3
1143,2.385,channel3
1144,2.48,channel3
1145,2.545,channel3
1146,2.524,channel3
1147,2.474,channel3
1148,2.45,channel3
1149,2.443,channel3
1150,2.435,channel3
1151,2.566,channel3
1152,2.644,channel3
1153,2.717,channel3
1154,2.741,channel3
1155,2.756,channel3
1156,2.798,channel3
1157,2.8,channel3
1158,2.82,channel3
1159,2.864,channel3
1160,2.883,channel3
1161,2.876,channel3
1162,2.862,channel3
1163,2.856,channel3
1164,2.825,channel3
1165,2.798,channel3
1166,2.747,channel3
1167,2.701,channel3
1168,2.661,channel3
1169,2.597,channel3
1170,2.511,channel3
1171,2.487,channel3
1172,2.448,channel3
1173,2.403,channel3
1174,2.37,channel3
1175,2.343,channel3
1176,2.329,channel3
1177,2.296,channel3
1178,2.279,channel3
1179,2.27,channel3
1180,2.291,channel3
1181,2.282,channel3
1182,2.262,channel3
1183,2.264,channel3
1184,2.251,channel3
1185,2.211,channel3
1186,2.196,channel3
1187,2.172,channel3
1188,2.155,channel3
1189,2.123,channel3
1190,2.07,channel3
1191,2.04,channel3
1192,2.011,channel3
1193,1.967,channel3
1194,1.927,channel3
1195,1.906,channel3
1196,1.899,channel3
1197,1.903,channel3
1198,1.999,channel3
1199,2.034,channel3
1200,2.134,channel3
1201,2.158,channel3
1202,2.171,channel3
1203,2.253,channel3
1204,2.284,channel3
1205,2.345,channel3
1206,2.366,channel3
1207,2.359,channel3
1208,2.407,channel3
1209,2.443,channel3
1210,2.448,channel3
1211,2.455,channel3
1212,2.436,channel3
1213,2.435,channel3
1214,2.42,channel3
1215,2.38,channel3
1216,2.352,channel3
1217,2.319,channel3
1218,2.279,channel3
1219,2.237,channel3
1220,2.219,channel3
1221,2.27,channel3
1222,2.305,channel3
1223,2.309,channel3
1224,2.287,channel3
1225,2.296,channel3
1226,2.298,channel3
1227,2.324,channel3
1228,2.349,channel3
1229,2.349,channel3
1230,2.353,channel3
1231,2.353,channel3
1232,2.361,channel3
1233,2.336,channel3
1234,2.31,channel3
1235,2.302,channel3
1236,2.343,channel3
1237,2.362,channel3
1238,2.386,channel3
1239,2.413,channel3
1240,2.472,channel3
1241,2.48,channel3
1242,2.462,channel3
1243,2.443,channel3
1244,2.42,channel3
1245,2.401,channel3
1246,2.402,channel3
1247,2.395,channel3
1248,2.382,channel3
1249,2.368,channel3
1250,2.368,channel3
1251,2.37,channel3
1252,2.37,channel3
1253,2.394,channel3
1254,2.429,channel3
1255,2.474,channel3
1256,2.503,channel3
1257,2.501,channel3
1258,2.484,channel3
1259,2.47,channel3
1260,2.493,channel3
1261,2.509,channel3
1262,2.5,channel3
1263,2.457,channel3
1264,2.428,channel3
1265,2.416,channel3
1266,2.411,channel3
1267,2.397,channel3
1268,2.386,channel3
1269,2.426,channel3
1270,2.46,channel3
1271,2.484,channel3
1272,2.481,channel3
1273,2.469,channel3
1274,2.491,channel3
1275,2.84,channel3
1276,2.861,channel3
1277,2.838,channel3
1278,2.804,channel3
1279,2.769,channel3
1280,2.718,channel3
1281,2.689,channel3
1282,2.671,channel3
1283,2.662,channel3
1284,2.674,channel3
1285,2.708,channel3
1286,2.703,channel3
1287,2.696,channel3
1288,2.685,channel3
1289,2.66,channel3
1290,2.642,channel3
1291,2.629,channel3
1292,2.646,channel3
1293,2.668,channel3
1294,2.666,channel3
1295,2.686,channel3
1296,2.718,channel3
1297,2.746,channel3
1298,2.749,channel3
1299,2.715,channel3
1300,2.696,channel3
1301,2.681,channel3
1302,2.676,channel3
1303,2.676,channel3
1304,2.703,channel3
1305,2.75,channel3
1306,2.754,channel3
1307,2.799,channel3
1308,2.865,channel3
1309,2.916,channel3
1310,2.942,channel3
1311,2.936,channel3
1312,3.004,channel3
1313,3.042,channel3
1314,3.036,channel3
1315,2.99,channel3
1316,2.965,channel3
1317,2.942,channel3
1318,2.948,channel3
1319,2.954,channel3
1320,2.954,channel3
1321,2.942,channel3
1322,2.949,channel3
1323,2.955,channel3
1324,2.95,channel3
1325,2.931,channel3
1326,2.921,channel3
1327,2.926,channel3
1328,2.932,channel3
1329,2.937,channel3
1330,2.923,channel3
1331,2.924,channel3
1332,2.938,channel3
1333,2.922,channel3
1334,2.905,channel3
1335,2.884,channel3
1336,2.849,channel3
1337,2.795,channel3
1338,2.746,channel3
1339,2.719,channel3
1340,2.657,channel3
1341,2.623,channel3
1342,2.591,channel3
1343,2.54,channel3
1344,2.5,channel3
1345,2.455,channel3
1346,2.433,channel3
1347,2.426,channel3
1348,2.423,channel3
1349,2.389,channel3
1350,2.371,channel3
1351,2.383,channel3
1352,2.446,channel3
1353,2.461,channel3
1354,2.494,channel3
1355,2.551,channel3
1356,2.606,channel3
1357,2.634,channel3
1358,2.657,channel3
1359,2.717,channel3
1360,2.804,channel3
1361,2.888,channel3
1362,2.925,channel3
1363,2.905,channel3
1364,2.896,channel3
1365,2.877,channel3
1366,2.846,channel3
1367,2.792,channel3
1368,2.742,channel3
1369,2.732,channel3
1370,2.76,channel3
1371,2.767,channel3
1372,2.799,channel3
1373,2.785,channel3
1374,2.771,channel3
1375,2.759,channel3
1376,2.729,channel3
1377,2.707,channel3
1378,2.683,channel3
1379,2.659,channel3
1380,2.622,channel3
1381,2.618,channel3
1382,2.632,channel3
1383,2.628,channel3
1384,2.6,channel3
1385,2.595,channel3
1386,2.601,channel3
1387,2.599,channel3
1388,2.605,channel3
1389,2.612,channel3
1390,2.605,channel3
1391,2.608,channel3
1392,2.61,channel3
1393,2.6,channel3
1394,2.601,channel3
1395,2.599,channel3
1396,2.628,channel3
1397,2.645,channel3
1398,2.637,channel3
1399,2.621,channel3
1400,2.597,channel3
1401,2.561,channel3
1402,2.538,channel3
1403,2.523,channel3
1404,2.537,channel3
1405,2.518,channel3
1406,2.486,channel3
1407,2.362,channel3
1408,2.231,channel3
1409,2.106,channel3
1410,2.035,channel3
1411,1.987,channel3
1412,1.957,channel3
1413,1.929,channel3
1414,1.92,channel3
1415,1.954,channel3
1416,1.969,channel3
1417,2.025,channel3
1418,2.028,channel3
1419,2.086,channel3
1420,2.12,channel3
1421,2.137,channel3
1422,2.177,channel3
1423,2.178,channel3
1424,2.194,channel3
1425,2.201,channel3
1426,2.2,channel3
1427,2.199,channel3
1428,2.195,channel3
1429,2.197,channel3
1430,2.203,channel3
1431,2.243,channel3
1432,2.228,channel3
1433,2.212,channel3
1434,2.205,channel3
1435,2.196,channel3
1436,2.185,channel3
1437,2.194,channel3
1438,2.186,channel3
1439,2.178,channel3
1440,2.168,channel3
1441,2.168,channel3
1442,2.17,channel3
1443,2.161,channel3
1444,2.181,channel3
1445,2.202,channel3
1446,2.228,channel3
1447,2.27,channel3
1448,2.29,channel3
1449,2.316,channel3
1450,2.361,channel3
1451,2.435,channel3
1452,2.453,channel3
1453,2.473,channel3
1454,2.52,channel3
1455,2.549,channel3
1456,2.637,channel3
1457,2.715,channel3
1458,2.768,channel3
1459,2.834,channel3
1460,2.852,channel3
1461,2.838,channel3
1462,2.834,channel3
1463,2.819,channel3
1464,2.827,channel3
1465,2.856,channel3
1466,2.876,channel3
1467,2.942,channel3
1468,3.001,channel3
1469,3.008,channel3
1470,3.009,channel3
1471,3.021,channel3
1472,3.035,channel3
1473,3.054,channel3
1474,3.084,channel3
1475,3.111,channel3
1476,3.12,channel3
1477,3.125,channel3
1478,3.117,channel3
1479,3.125,channel3
1480,3.129,channel3
1481,3.131,channel3
1482,3.134,channel3
1483,3.138,channel3
1484,3.164,channel3
1485,3.174,channel3
1486,3.175,channel3
1487,3.17,channel3
1488,3.176,channel3
1489,3.271,channel3
1490,3.382,channel3
1491,3.451,channel3
1492,3.468,channel3
1493,3.497,channel3
1494,3.497,channel3
1495,3.498,channel3
1496,3.501,channel3
1497,3.484,channel3
1498,3.467,channel3
1499,3.458,channel3
1500,3.448,channel3
1501,3.444,channel3
1502,3.434,channel3
1503,3.423,channel3
1504,3.419,channel3
1505,3.449,channel3
1506,3.502,channel3
1507,3.551,channel3
1508,3.615,channel3
1509,3.672,channel3
1510,4.258,channel3
1511,4.375,channel3
1512,4.312,channel3
1513,4.275,channel3
1514,4.173,channel3
1515,4.114,channel3
1516,4.075,channel3
1517,4.144,channel3
1518,4.254,channel3
1519,4.44,channel3
1520,4.667,channel3
1521,4.776,channel3
1522,4.801,channel3
1523,5.032,channel3
1524,5.109,channel3
1525,5.062,channel3
1526,4.988,channel3
1527,4.91,channel3
1528,4.801,channel3
1529,4.699,channel3
1530,4.581,channel3
1531,4.538,channel3
1532,4.427,channel3
1533,4.281,channel3
1534,4.191,channel3
1535,4.073,channel3
1536,3.928,channel3
1537,3.802,channel3
1538,3.692,channel3
1539,3.59,channel3
1540,3.523,channel3
1541,3.65,channel3
1542,3.675,channel3
1543,3.652,channel3
1544,3.849,channel3
1545,3.932,channel3
1546,3.953,channel3
1547,3.907,channel3
1548,3.824,channel3
1549,3.726,channel3
1550,3.588,channel3
1551,3.469,channel3
1552,3.413,channel3
1553,3.417,channel3
1554,3.393,channel3
1555,3.395,channel3
1556,3.489,channel3
1557,3.542,channel3
1558,3.533,channel3
1559,3.48,channel3
1560,3.45,channel3
1561,3.394,channel3
1562,3.397,channel3
1563,3.416,channel3
1564,3.389,channel3
1565,3.364,channel3
1566,3.379,channel3
1567,3.465,channel3
1568,3.517,channel3
1569,3.614,channel3
1570,3.603,channel3
1571,3.552,channel3
1572,3.533,channel3
1573,3.545,channel3
1574,3.643,channel3
1575,3.639,channel3
1576,3.647,channel3
1577,3.65,channel3
1578,3.652,channel3
1579,3.649,channel3
1580,3.644,channel3
1581,3.64,channel3
1582,3.676,channel3
1583,3.793,channel3
1584,3.86,channel3
1585,3.863,channel3
1586,3.897,channel3
1587,3.877,channel3
1588,3.864,channel3
1589,3.857,channel3
1590,3.897,channel3
1591,3.875,channel3
1592,3.846,channel3
1593,3.789,channel3
1594,3.725,channel3
1595,3.682,channel3
1596,3.638,channel3
1597,3.584,channel3
1598,3.542,channel3
1599,3.498,channel3
1600,3.473,channel3
1601,3.435,channel3
1602,3.379,channel3
1603,3.309,channel3
1604,3.281,channel3
1605,3.265,channel3
1606,3.25,channel3
1607,3.217,channel3
1608,3.206,channel3
1609,3.223,channel3
1610,3.251,channel3
1611,3.265,channel3
1612,3.29,channel3
1613,3.287,channel3
1614,3.294,channel3
1615,3.308,channel3
1616,3.372,channel3
1617,3.44,channel3
1618,3.425,channel3
1619,3.461,channel3
1620,3.521,channel3
1621,3.708,channel3
1622,3.74,channel3
1,1.068,channel4
2,1.072,channel4
3,1.077,channel4
4,1.08,channel4
5,1.084,channel4
6,1.09,channel4
7,1.095,channel4
8,1.094,channel4
9,1.099,channel4
10,1.098,channel4
11,1.097,channel4
12,1.095,channel4
13,1.095,channel4
14,1.091,channel4
15,1.09,channel4
16,1.086,channel4
17,1.083,channel4
18,1.077,channel4
19,1.076,channel4
20,1.075,channel4
21,1.074,channel4
22,1.068,channel4
23,1.065,channel4
24,1.063,channel4
25,1.059,channel4
26,1.057,channel4
27,1.104,channel4
28,1.102,channel4
29,1.1,channel4
30,1.1,channel4
31,1.099,channel4
32,1.097,channel4
33,1.09,channel4
34,1.085,channel4
35,1.081,channel4
36,1.071,channel4
37,1.064,channel4
38,1.056,channel4
39,1.051,channel4
40,1.044,channel4
41,1.041,channel4
42,1.033,channel4
43,1.03,channel4
44,1.031,channel4
45,1.035,channel4
46,1.038,channel4
47,1.04,channel4
48,1.038,channel4
49,1.036,channel4
50,1.034,channel4
51,1.031,channel4
52,1.029,channel4
53,1.027,channel4
54,1.028,channel4
55,1.035,channel4
56,1.04,channel4
57,1.049,channel4
58,1.051,channel4
59,1.055,channel4
60,1.058,channel4
61,1.069,channel4
62,1.077,channel4
63,1.084,channel4
64,1.089,channel4
65,1.1,channel4
66,1.106,channel4
67,1.109,channel4
68,1.118,channel4
69,1.123,channel4
70,1.134,channel4
71,1.154,channel4
72,1.165,channel4
73,1.167,channel4
74,1.168,channel4
75,1.163,channel4
76,1.163,channel4
77,1.157,channel4
78,1.155,channel4
79,1.153,channel4
80,1.147,channel4
81,1.146,channel4
82,1.148,channel4
83,1.163,channel4
84,1.174,channel4
85,1.177,channel4
86,1.175,channel4
87,1.187,channel4
88,1.211,channel4
89,1.223,channel4
90,1.235,channel4
91,1.233,channel4
92,1.228,channel4
93,1.226,channel4
94,1.218,channel4
95,1.214,channel4
96,1.209,channel4
97,1.205,channel4
98,1.201,channel4
99,1.198,channel4
100,1.193,channel4
101,1.191,channel4
102,1.188,channel4
103,1.183,channel4
104,1.18,channel4
105,1.181,channel4
106,1.185,channel4
107,1.196,channel4
108,1.216,channel4
109,1.233,channel4
110,1.256,channel4
111,1.27,channel4
112,1.286,channel4
113,1.3,channel4
114,1.302,channel4
115,1.302,channel4
116,1.301,channel4
117,1.3,channel4
118,1.296,channel4
119,1.291,channel4
120,1.285,channel4
121,1.278,channel4
122,1.271,channel4
123,1.264,channel4
124,1.258,channel4
125,1.25,channel4
126,1.248,channel4
127,1.243,channel4
128,1.239,channel4
129,1.234,channel4
130,1.234,channel4
131,1.227,channel4
132,1.221,channel4
133,1.213,channel4
134,1.203,channel4
135,1.192,channel4
136,1.184,channel4
137,1.178,channel4
138,1.173,channel4
139,1.172,channel4
140,1.177,channel4
141,1.181,channel4
142,1.186,channel4
143,1.194,channel4
144,1.198,channel4
145,1.199,channel4
146,1.202,channel4
147,1.202,channel4
148,1.2,channel4
149,1.196,channel4
150,1.192,channel4
151,1.19,channel4
152,1.194,channel4
153,1.203,channel4
154,1.206,channel4
155,1.208,channel4
156,1.224,channel4
157,1.243,channel4
158,1.258,channel4
159,1.298,channel4
160,1.316,channel4
161,1.332,channel4
162,1.349,channel4
163,1.354,channel4
164,1.356,channel4
165,1.352,channel4
166,1.353,channel4
167,1.345,channel4
168,1.337,channel4
169,1.332,channel4
170,1.324,channel4
171,1.318,channel4
172,1.312,channel4
173,1.308,channel4
174,1.301,channel4
175,1.293,channel4
176,1.288,channel4
177,1.283,channel4
178,1.278,channel4
179,1.276,channel4
180,1.274,channel4
181,1.277,channel4
182,1.277,channel4
183,1.277,channel4
184,1.275,channel4
185,1.278,channel4
186,1.281,channel4
187,1.288,channel4
188,1.303,channel4
189,1.307,channel4
190,1.322,channel4
191,1.335,channel4
192,1.343,channel4
193,1.351,channel4
194,1.357,channel4
195,1.357,channel4
196,1.357,channel4
197,1.355,channel4
198,1.36,channel4
199,1.356,channel4
200,1.354,channel4
201,1.349,channel4
202,1.345,channel4
203,1.341,channel4
204,1.332,channel4
205,1.322,channel4
206,1.313,channel4
207,1.304,channel4
208,1.295,channel4
209,1.29,channel4
210,1.286,channel4
211,1.279,channel4
212,1.27,channel4
213,1.265,channel4
214,1.275,channel4
215,1.271,channel4
216,1.275,channel4
217,1.278,channel4
218,1.282,channel4
219,1.283,channel4
220,1.28,channel4
221,1.275,channel4
222,1.269,channel4
223,1.265,channel4
224,1.26,channel4
225,1.259,channel4
226,1.258,channel4
227,1.276,channel4
228,1.302,channel4
229,1.314,channel4
230,1.342,channel4
231,1.349,channel4
232,1.35,channel4
233,1.345,channel4
234,1.339,channel4
235,1.328,channel4
236,1.32,channel4
237,1.314,channel4
238,1.304,channel4
239,1.294,channel4
240,1.283,channel4
241,1.276,channel4
242,1.268,channel4
243,1.259,channel4
244,1.252,channel4
245,1.243,channel4
246,1.233,channel4
247,1.225,channel4
248,1.219,channel4
249,1.213,channel4
250,1.201,channel4
251,1.187,channel4
252,1.173,channel4
253,1.159,channel4
254,1.15,channel4
255,1.138,channel4
256,1.127,channel4
257,1.114,channel4
258,1.102,channel4
259,1.088,channel4
260,1.08,channel4
261,1.103,channel4
262,1.102,channel4
263,1.101,channel4
264,1.1,channel4
265,1.104,channel4
266,1.106,channel4
267,1.114,channel4
268,1.117,channel4
269,1.12,channel4
270,1.12,channel4
271,1.122,channel4
272,1.119,channel4
273,1.117,channel4
274,1.116,channel4
275,1.111,channel4
276,1.112,channel4
277,1.11,channel4
278,1.106,channel4
279,1.102,channel4
280,1.1,channel4
281,1.094,channel4
282,1.088,channel4
283,1.083,channel4
284,1.08,channel4
285,1.077,channel4
286,1.075,channel4
287,1.079,channel4
288,1.084,channel4
289,1.091,channel4
290,1.088,channel4
291,1.088,channel4
292,1.083,channel4
293,1.082,channel4
294,1.079,channel4
295,1.067,channel4
296,1.059,channel4
297,1.046,channel4
298,1.035,channel4
299,1.03,channel4
300,1.025,channel4
301,1.02,channel4
302,1.018,channel4
303,1.019,channel4
304,1.013,channel4
305,1.005,channel4
306,0.997,channel4
307,0.99,channel4
308,0.981,channel4
309,0.977,channel4
310,0.977,channel4
311,1.004,channel4
312,1.033,channel4
313,1.069,channel4
314,1.1,channel4
315,1.126,channel4
316,1.14,channel4
317,1.146,channel4
318,1.153,channel4
319,1.167,channel4
320,1.168,channel4
321,1.167,channel4
322,1.163,channel4
323,1.16,channel4
324,1.16,channel4
325,1.161,channel4
326,1.163,channel4
327,1.167,channel4
328,1.19,channel4
329,1.21,channel4
330,1.224,channel4
331,1.237,channel4
332,1.257,channel4
333,1.275,channel4
334,1.283,channel4
335,1.289,channel4
336,1.295,channel4
337,1.306,channel4
338,1.324,channel4
339,1.334,channel4
340,1.346,channel4
341,1.347,channel4
342,1.344,channel4
343,1.339,channel4
344,1.334,channel4
345,1.33,channel4
346,1.332,channel4
347,1.342,channel4
348,1.362,channel4
349,1.363,channel4
350,1.363,channel4
351,1.363,channel4
352,1.365,channel4
353,1.366,channel4
354,1.358,channel4
355,1.358,channel4
356,1.381,channel4
357,1.386,channel4
358,1.392,channel4
359,1.403,channel4
360,1.433,channel4
361,1.444,channel4
362,1.532,channel4
363,1.58,channel4
364,1.585,channel4
365,1.578,channel4
366,1.569,channel4
367,1.554,channel4
368,1.531,channel4
369,1.52,channel4
370,1.509,channel4
371,1.513,channel4
372,1.528,channel4
373,1.562,channel4
374,1.573,channel4
375,1.597,channel4
376,1.626,channel4
377,1.662,channel4
378,1.675,channel4
379,1.687,channel4
380,1.684,channel4
381,1.677,channel4
382,1.664,channel4
383,1.64,channel4
384,1.625,channel4
385,1.608,channel4
386,1.601,channel4
387,1.599,channel4
388,1.603,channel4
389,1.627,channel4
390,1.625,channel4
391,1.625,channel4
392,1.61,channel4
393,1.596,channel4
394,1.606,channel4
395,1.603,channel4
396,1.609,channel4
397,1.607,channel4
398,1.6,channel4
399,1.595,channel4
400,1.593,channel4
401,1.584,channel4
402,1.57,channel4
403,1.552,channel4
404,1.531,channel4
405,1.524,channel4
406,1.514,channel4
407,1.523,channel4
408,1.525,channel4
409,1.52,channel4
410,1.516,channel4
411,1.521,channel4
412,1.515,channel4
413,1.506,channel4
414,1.489,channel4
415,1.482,channel4
416,1.473,channel4
417,1.46,channel4
418,1.471,channel4
419,1.51,channel4
420,1.574,channel4
421,1.632,channel4
422,1.677,channel4
423,1.713,channel4
424,1.74,channel4
425,1.738,channel4
426,1.758,channel4
427,1.749,channel4
428,1.74,channel4
429,1.718,channel4
430,1.688,channel4
431,1.651,channel4
432,1.627,channel4
433,1.596,channel4
434,1.566,channel4
435,1.538,channel4
436,1.513,channel4
437,1.506,channel4
438,1.501,channel4
439,1.497,channel4
440,1.5,channel4
441,1.5,channel4
442,1.497,channel4
443,1.482,channel4
444,1.449,channel4
445,1.413,channel4
446,1.377,channel4
447,1.348,channel4
448,1.314,channel4
449,1.285,channel4
450,1.257,channel4
451,1.226,channel4
452,1.204,channel4
453,1.178,channel4
454,1.16,channel4
455,1.146,channel4
456,1.149,channel4
457,1.148,channel4
458,1.164,channel4
459,1.187,channel4
460,1.183,channel4
461,1.177,channel4
462,1.173,channel4
463,1.178,channel4
464,1.178,channel4
465,1.183,channel4
466,1.185,channel4
467,1.233,channel4
468,1.302,channel4
469,1.358,channel4
470,1.397,channel4
471,1.433,channel4
472,1.452,channel4
473,1.459,channel4
474,1.46,channel4
475,1.461,channel4
476,1.46,channel4
477,1.455,channel4
478,1.453,channel4
479,1.448,channel4
480,1.446,channel4
481,1.438,channel4
482,1.439,channel4
483,1.435,channel4
484,1.434,channel4
485,1.435,channel4
486,1.465,channel4
487,1.465,channel4
488,1.474,channel4
489,1.474,channel4
490,1.472,channel4
491,1.477,channel4
492,1.477,channel4
493,1.476,channel4
494,1.479,channel4
495,1.48,channel4
496,1.488,channel4
497,1.495,channel4
498,1.495,channel4
499,1.503,channel4
500,1.503,channel4
501,1.507,channel4
502,1.522,channel4
503,1.508,channel4
504,1.502,channel4
505,1.499,channel4
506,1.496,channel4
507,1.49,channel4
508,1.516,channel4
509,1.545,channel4
510,1.557,channel4
511,1.556,channel4
512,1.555,channel4
513,1.561,channel4
514,1.599,channel4
515,1.672,channel4
516,1.702,channel4
517,1.707,channel4
518,1.71,channel4
519,1.721,channel4
520,1.735,channel4
521,1.724,channel4
522,1.705,channel4
523,1.685,channel4
524,1.667,channel4
525,1.647,channel4
526,1.631,channel4
527,1.608,channel4
528,1.579,channel4
529,1.565,channel4
530,1.555,channel4
531,1.543,channel4
532,1.54,channel4
533,1.545,channel4
534,1.536,channel4
535,1.527,channel4
536,1.526,channel4
537,1.556,channel4
538,1.573,channel4
539,1.57,channel4
540,1.57,channel4
541,1.596,channel4
542,1.637,channel4
543,1.776,channel4
544,1.824,channel4
545,1.815,channel4
546,1.792,channel4
547,1.764,channel4
548,1.745,channel4
549,1.73,channel4
550,1.712,channel4
551,1.702,channel4
552,1.681,channel4
553,1.665,channel4
554,1.643,channel4
555,1.628,channel4
556,1.62,channel4
557,1.613,channel4
558,1.602,channel4
559,1.594,channel4
560,1.594,channel4
561,1.592,channel4
562,1.601,channel4
563,1.637,channel4
564,1.678,channel4
565,1.703,channel4
566,1.715,channel4
567,1.714,channel4
568,1.717,channel4
569,1.737,channel4
570,1.761,channel4
571,1.786,channel4
572,1.783,channel4
573,1.798,channel4
574,1.806,channel4
575,1.811,channel4
576,1.809,channel4
577,1.821,channel4
578,1.833,channel4
579,1.872,channel4
580,1.975,channel4
581,2.065,channel4
582,2.132,channel4
583,2.147,channel4
584,2.13,channel4
585,2.11,channel4
586,2.077,channel4
587,2.051,channel4
588,2.024,channel4
589,2.016,channel4
590,2.022,channel4
591,2.009,channel4
592,1.995,channel4
593,1.98,channel4
594,1.972,channel4
595,1.979,channel4
596,1.963,channel4
597,1.945,channel4
598,1.935,channel4
599,1.94,channel4
600,1.977,channel4
601,2.004,channel4
602,2.049,channel4
603,2.096,channel4
604,2.101,channel4
605,2.101,channel4
606,2.08,channel4
607,2.064,channel4
608,2.042,channel4
609,2.034,channel4
610,2.014,channel4
611,1.979,channel4
612,1.949,channel4
613,1.934,channel4
614,1.916,channel4
615,1.903,channel4
616,1.918,channel4
617,1.936,channel4
618,1.985,channel4
619,1.987,channel4
620,1.979,channel4
621,1.966,channel4
622,1.96,channel4
623,2.011,channel4
624,2.067,channel4
625,2.115,channel4
626,2.157,channel4
627,2.22,channel4
628,2.274,channel4
629,2.25,channel4
630,2.262,channel4
631,2.276,channel4
632,2.25,channel4
633,2.222,channel4
634,2.202,channel4
635,2.181,channel4
636,2.195,channel4
637,2.206,channel4
638,2.241,channel4
639,2.281,channel4
640,2.296,channel4
641,2.397,channel4
642,2.417,channel4
643,2.416,channel4
644,2.406,channel4
645,2.448,channel4
646,2.611,channel4
647,2.673,channel4
648,2.669,channel4
649,3.353,channel4
650,3.234,channel4
651,3.011,channel4
652,2.95,channel4
653,2.969,channel4
654,2.904,channel4
655,2.808,channel4
656,2.682,channel4
657,2.558,channel4
658,2.457,channel4
659,2.377,channel4
660,2.307,channel4
661,2.257,channel4
662,2.232,channel4
663,2.275,channel4
664,2.317,channel4
665,2.325,channel4
666,2.37,channel4
667,2.463,channel4
668,2.479,channel4
669,2.508,channel4
670,2.501,channel4
671,2.477,channel4
672,2.43,channel4
673,2.361,channel4
674,2.345,channel4
675,2.365,channel4
676,2.393,channel4
677,2.54,channel4
678,2.552,channel4
679,2.644,channel4
680,2.726,channel4
681,2.857,channel4
682,3.028,channel4
683,3.043,channel4
684,3.027,channel4
685,3.058,channel4
686,3.037,channel4
687,3.008,channel4
688,3.004,channel4
689,3.015,channel4
690,2.99,channel4
691,2.975,channel4
692,3.043,channel4
693,3.078,channel4
694,3.092,channel4
695,3.111,channel4
696,3.117,channel4
697,3.134,channel4
698,3.12,channel4
699,3.051,channel4
700,2.977,channel4
701,2.877,channel4
702,2.779,channel4
703,2.672,channel4
704,2.528,channel4
705,2.439,channel4
706,2.374,channel4
707,2.328,channel4
708,2.291,channel4
709,2.29,channel4
710,2.271,channel4
711,2.289,channel4
712,2.305,channel4
713,2.33,channel4
714,2.388,channel4
715,2.406,channel4
716,2.431,channel4
717,2.466,channel4
718,2.465,channel4
719,2.443,channel4
720,2.392,channel4
721,2.341,channel4
722,2.298,channel4
723,2.276,channel4
724,2.295,channel4
725,2.341,channel4
726,2.427,channel4
727,2.584,channel4
728,2.636,channel4
729,2.66,channel4
730,2.693,channel4
731,2.789,channel4
732,2.839,channel4
733,2.902,channel4
734,2.908,channel4
735,2.979,channel4
736,3.036,channel4
737,3.071,channel4
738,3.143,channel4
739,3.169,channel4
740,3.157,channel4
741,3.115,channel4
742,3.081,channel4
743,3.053,channel4
744,3.032,channel4
745,3.024,channel4
746,3.05,channel4
747,3.013,channel4
748,2.969,channel4
749,2.926,channel4
750,2.87,channel4
751,2.84,channel4
752,2.801,channel4
753,2.797,channel4
754,2.799,channel4
755,2.802,channel4
756,2.829,channel4
757,2.832,channel4
758,2.819,channel4
759,2.816,channel4
760,2.867,channel4
761,2.912,channel4
762,3.038,channel4
763,3.146,channel4
764,3.17,channel4
765,3.184,channel4
766,3.178,channel4
767,3.15,channel4
768,3.131,channel4
769,3.131,channel4
770,3.165,channel4
771,3.215,channel4
772,3.208,channel4
773,3.174,channel4
774,3.137,channel4
775,3.114,channel4
776,3.084,channel4
777,3.127,channel4
778,3.213,channel4
779,3.227,channel4
780,3.25,channel4
781,3.311,channel4
782,3.309,channel4
783,3.324,channel4
784,3.34,channel4
785,3.394,channel4
786,3.546,channel4
787,3.678,channel4
788,3.702,channel4
789,3.793,channel4
790,3.886,channel4
791,4.01,channel4
792,4.065,channel4
793,4.121,channel4
794,4.167,channel4
795,4.167,channel4
796,4.171,channel4
797,4.181,channel4
798,4.176,channel4
799,4.149,channel4
800,4.079,channel4
801,4.008,channel4
802,3.923,channel4
803,3.816,channel4
804,3.751,channel4
805,3.722,channel4
806,3.681,channel4
807,3.751,channel4
808,3.715,channel4
809,3.646,channel4
810,3.523,channel4
811,3.277,channel4
812,3.06,channel4
813,2.861,channel4
814,2.657,channel4
815,2.478,channel4
816,2.293,channel4
817,2.14,channel4
818,2.039,channel4
819,1.935,channel4
820,1.842,channel4
821,1.81,channel4
822,1.764,channel4
823,1.751,channel4
824,1.834,channel4
825,1.888,channel4
826,1.903,channel4
827,1.964,channel4
828,2.007,channel4
829,2.042,channel4
830,2.024,channel4
831,2.012,channel4
832,2.011,channel4
833,2.004,channel4
834,2.031,channel4
835,2.104,channel4
836,2.103,channel4
837,2.108,channel4
838,2.126,channel4
839,2.129,channel4
840,2.152,channel4
841,2.304,channel4
842,2.385,channel4
843,2.491,channel4
844,2.556,channel4
845,2.635,channel4
846,2.713,channel4
847,2.757,channel4
848,2.738,channel4
849,2.718,channel4
850,2.655,channel4
851,2.599,channel4
852,2.6,channel4
853,2.649,channel4
854,2.721,channel4
855,2.741,channel4
856,2.736,channel4
857,2.728,channel4
858,2.715,channel4
859,2.689,channel4
860,2.653,channel4
861,2.596,channel4
862,2.551,channel4
863,2.537,channel4
864,2.63,channel4
865,2.741,channel4
866,2.777,channel4
867,2.772,channel4
868,2.755,channel4
869,2.748,channel4
870,2.743,channel4
871,2.753,channel4
872,2.727,channel4
873,2.706,channel4
874,2.712,channel4
875,2.754,channel4
876,2.841,channel4
877,2.843,channel4
878,2.817,channel4
879,2.784,channel4
880,2.773,channel4
881,2.745,channel4
882,2.754,channel4
883,2.777,channel4
884,2.818,channel4
885,2.844,channel4
886,2.854,channel4
887,2.85,channel4
888,2.869,channel4
889,2.899,channel4
890,2.902,channel4
891,2.921,channel4
892,2.966,channel4
893,2.982,channel4
894,2.958,channel4
895,2.899,channel4
896,2.847,channel4
897,2.809,channel4
898,2.78,channel4
899,2.808,channel4
900,2.815,channel4
901,2.793,channel4
902,2.783,channel4
903,2.771,channel4
904,2.781,channel4
905,2.784,channel4
906,2.805,channel4
907,2.779,channel4
908,2.755,channel4
909,2.715,channel4
910,2.699,channel4
911,2.706,channel4
912,2.713,channel4
913,2.707,channel4
914,2.764,channel4
915,2.868,channel4
916,2.917,channel4
917,2.921,channel4
918,2.917,channel4
919,2.931,channel4
920,3,channel4
921,3.039,channel4
922,3.046,channel4
923,3.109,channel4
924,3.14,channel4
925,3.141,channel4
926,3.179,channel4
927,3.193,channel4
928,3.205,channel4
929,3.229,channel4
930,3.237,channel4
931,3.231,channel4
932,3.239,channel4
933,3.245,channel4
934,3.274,channel4
935,3.433,channel4
936,3.582,channel4
937,3.631,channel4
938,3.625,channel4
939,3.638,channel4
940,3.72,channel4
941,3.821,channel4
942,3.892,channel4
943,3.962,channel4
944,4.046,channel4
945,4.066,channel4
946,4.062,channel4
947,3.985,channel4
948,3.922,channel4
949,3.881,channel4
950,3.842,channel4
951,3.804,channel4
952,3.748,channel4
953,3.711,channel4
954,3.76,channel4
955,3.811,channel4
956,3.829,channel4
957,3.842,channel4
958,3.812,channel4
959,3.747,channel4
960,3.704,channel4
961,3.703,channel4
962,3.738,channel4
963,3.742,channel4
964,3.711,channel4
965,3.645,channel4
966,3.583,channel4
967,3.541,channel4
968,3.57,channel4
969,3.569,channel4
970,3.551,channel4
971,3.53,channel4
972,3.53,channel4
973,3.492,channel4
974,3.452,channel4
975,3.415,channel4
976,3.413,channel4
977,3.389,channel4
978,3.389,channel4
979,3.422,channel4
980,3.513,channel4
981,3.533,channel4
982,3.567,channel4
983,3.617,channel4
984,3.64,channel4
985,3.695,channel4
986,3.739,channel4
987,3.816,channel4
988,3.848,channel4
989,3.862,channel4
990,3.9,channel4
991,3.953,channel4
992,3.996,channel4
993,4.044,channel4
994,4.027,channel4
995,4.004,channel4
996,3.951,channel4
997,3.889,channel4
998,3.848,channel4
999,3.798,channel4
1000,3.742,channel4
1001,3.689,channel4
1002,3.62,channel4
1003,3.564,channel4
1004,3.506,channel4
1005,3.475,channel4
1006,3.523,channel4
1007,3.567,channel4
1008,3.647,channel4
1009,3.654,channel4
1010,3.722,channel4
1011,3.807,channel4
1012,3.834,channel4
1013,3.867,channel4
1014,3.911,channel4
1015,3.948,channel4
1016,4.038,channel4
1017,3.997,channel4
1018,3.985,channel4
1019,4,channel4
1020,3.969,channel4
1021,3.882,channel4
1022,3.787,channel4
1023,3.771,channel4
1024,3.75,channel4
1025,3.748,channel4
1026,3.729,channel4
1027,3.688,channel4
1028,3.637,channel4
1029,3.577,channel4
1030,3.563,channel4
1031,3.592,channel4
1032,3.611,channel4
1033,3.605,channel4
1034,3.583,channel4
1035,3.615,channel4
1036,3.753,channel4
1037,3.814,channel4
1038,3.859,channel4
1039,3.89,channel4
1040,3.86,channel4
1041,3.834,channel4
1042,3.8,channel4
1043,3.784,channel4
1044,3.763,channel4
1045,3.724,channel4
1046,3.676,channel4
1047,3.615,channel4
1048,3.592,channel4
1049,3.583,channel4
1050,3.614,channel4
1051,3.627,channel4
1052,3.646,channel4
1053,3.633,channel4
1054,3.632,channel4
1055,3.626,channel4
1056,3.639,channel4
1057,3.614,channel4
1058,3.614,channel4
1059,3.737,channel4
1060,3.804,channel4
1061,3.822,channel4
1062,3.795,channel4
1063,3.742,channel4
1064,3.723,channel4
1065,3.714,channel4
1066,3.759,channel4
1067,3.753,channel4
1068,3.717,channel4
1069,3.642,channel4
1070,3.582,channel4
1071,3.53,channel4
1072,3.502,channel4
1073,3.487,channel4
1074,3.467,channel4
1075,3.441,channel4
1076,3.4,channel4
1077,3.439,channel4
1078,3.518,channel4
1079,3.537,channel4
1080,3.548,channel4
1081,3.555,channel4
1082,3.564,channel4
1083,3.607,channel4
1084,3.626,channel4
1085,3.597,channel4
1086,3.56,channel4
1087,3.551,channel4
1088,3.537,channel4
1089,3.531,channel4
1090,3.601,channel4
1091,3.642,channel4
1092,3.664,channel4
1093,3.686,channel4
1094,3.683,channel4
1095,3.679,channel4
1096,3.676,channel4
1097,3.687,channel4
1098,3.703,channel4
1099,3.762,channel4
1100,3.836,channel4
1101,3.833,channel4
1102,3.822,channel4
1103,3.803,channel4
1104,3.807,channel4
1105,3.8,channel4
1106,3.798,channel4
1107,3.802,channel4
1108,3.831,channel4
1109,3.844,channel4
1110,3.834,channel4
1111,3.801,channel4
1112,3.763,channel4
1113,3.713,channel4
1114,3.672,channel4
1115,3.635,channel4
1116,3.592,channel4
1117,3.557,channel4
1118,3.552,channel4
1119,3.557,channel4
1120,3.533,channel4
1121,3.494,channel4
1122,3.482,channel4
1123,3.45,channel4
1124,3.394,channel4
1125,3.318,channel4
1126,3.244,channel4
1127,3.194,channel4
1128,3.134,channel4
1129,3.102,channel4
1130,3.065,channel4
1131,3.038,channel4
1132,2.957,channel4
1133,2.849,channel4
1134,2.753,channel4
1135,2.676,channel4
1136,2.594,channel4
1137,2.477,channel4
1138,2.378,channel4
1139,2.304,channel4
1140,2.289,channel4
1141,2.381,channel4
1142,2.424,channel4
1143,2.476,channel4
1144,2.557,channel4
1145,2.61,channel4
1146,2.59,channel4
1147,2.549,channel4
1148,2.529,channel4
1149,2.522,channel4
1150,2.528,channel4
1151,2.633,channel4
1152,2.706,channel4
1153,2.774,channel4
1154,2.812,channel4
1155,2.815,channel4
1156,2.839,channel4
1157,2.846,channel4
1158,2.857,channel4
1159,2.908,channel4
1160,2.892,channel4
1161,2.909,channel4
1162,2.906,channel4
1163,2.895,channel4
1164,2.854,channel4
1165,2.812,channel4
1166,2.785,channel4
1167,2.735,channel4
1168,2.702,channel4
1169,2.636,channel4
1170,2.55,channel4
1171,2.528,channel4
1172,2.477,channel4
1173,2.431,channel4
1174,2.391,channel4
1175,2.361,channel4
1176,2.373,channel4
1177,2.36,channel4
1178,2.332,channel4
1179,2.311,channel4
1180,2.365,channel4
1181,2.354,channel4
1182,2.32,channel4
1183,2.312,channel4
1184,2.307,channel4
1185,2.273,channel4
1186,2.249,channel4
1187,2.231,channel4
1188,2.211,channel4
1189,2.189,channel4
1190,2.114,channel4
1191,2.086,channel4
1192,2.05,channel4
1193,2.016,channel4
1194,1.959,channel4
1195,1.943,channel4
1196,1.938,channel4
1197,1.954,channel4
1198,2.052,channel4
1199,2.09,channel4
1200,2.182,channel4
1201,2.201,channel4
1202,2.222,channel4
1203,2.303,channel4
1204,2.331,channel4
1205,2.399,channel4
1206,2.408,channel4
1207,2.413,channel4
1208,2.447,channel4
1209,2.478,channel4
1210,2.476,channel4
1211,2.479,channel4
1212,2.465,channel4
1213,2.455,channel4
1214,2.436,channel4
1215,2.405,channel4
1216,2.364,channel4
1217,2.338,channel4
1218,2.31,channel4
1219,2.283,channel4
1220,2.283,channel4
1221,2.326,channel4
1222,2.357,channel4
1223,2.361,channel4
1224,2.342,channel4
1225,2.356,channel4
1226,2.368,channel4
1227,2.372,channel4
1228,2.395,channel4
1229,2.402,channel4
1230,2.413,channel4
1231,2.41,channel4
1232,2.473,channel4
1233,2.458,channel4
1234,2.432,channel4
1235,2.426,channel4
1236,2.479,channel4
1237,2.501,channel4
1238,2.516,channel4
1239,2.553,channel4
1240,2.632,channel4
1241,2.649,channel4
1242,2.638,channel4
1243,2.619,channel4
1244,2.594,channel4
1245,2.571,channel4
1246,2.563,channel4
1247,2.558,channel4
1248,2.538,channel4
1249,2.53,channel4
1250,2.528,channel4
1251,2.522,channel4
1252,2.515,channel4
1253,2.541,channel4
1254,2.604,channel4
1255,2.645,channel4
1256,2.654,channel4
1257,2.634,channel4
1258,2.599,channel4
1259,2.58,channel4
1260,2.584,channel4
1261,2.605,channel4
1262,2.596,channel4
1263,2.573,channel4
1264,2.54,channel4
1265,2.508,channel4
1266,2.49,channel4
1267,2.499,channel4
1268,2.494,channel4
1269,2.53,channel4
1270,2.556,channel4
1271,2.607,channel4
1272,2.593,channel4
1273,2.574,channel4
1274,2.575,channel4
1275,2.936,channel4
1276,2.94,channel4
1277,2.898,channel4
1278,2.834,channel4
1279,2.787,channel4
1280,2.737,channel4
1281,2.698,channel4
1282,2.679,channel4
1283,2.692,channel4
1284,2.747,channel4
1285,2.791,channel4
1286,2.781,channel4
1287,2.767,channel4
1288,2.752,channel4
1289,2.727,channel4
1290,2.709,channel4
1291,2.696,channel4
1292,2.752,channel4
1293,2.776,channel4
1294,2.79,channel4
1295,2.817,channel4
1296,2.859,channel4
1297,2.879,channel4
1298,2.861,channel4
1299,2.83,channel4
1300,2.802,channel4
1301,2.786,channel4
1302,2.768,channel4
1303,2.767,channel4
1304,2.834,channel4
1305,2.881,channel4
1306,2.881,channel4
1307,2.932,channel4
1308,2.998,channel4
1309,3.043,channel4
1310,3.051,channel4
1311,3.002,channel4
1312,3.058,channel4
1313,3.088,channel4
1314,3.062,channel4
1315,3.043,channel4
1316,3.003,channel4
1317,2.968,channel4
1318,2.972,channel4
1319,2.989,channel4
1320,2.994,channel4
1321,2.97,channel4
1322,2.988,channel4
1323,2.994,channel4
1324,2.99,channel4
1325,2.974,channel4
1326,2.967,channel4
1327,2.973,channel4
1328,2.992,channel4
1329,2.993,channel4
1330,2.971,channel4
1331,2.97,channel4
1332,3.002,channel4
1333,2.98,channel4
1334,2.956,channel4
1335,2.921,channel4
1336,2.875,channel4
1337,2.809,channel4
1338,2.75,channel4
1339,2.714,channel4
1340,2.655,channel4
1341,2.621,channel4
1342,2.583,channel4
1343,2.53,channel4
1344,2.491,channel4
1345,2.467,channel4
1346,2.461,channel4
1347,2.463,channel4
1348,2.457,channel4
1349,2.442,channel4
1350,2.44,channel4
1351,2.474,channel4
1352,2.543,channel4
1353,2.556,channel4
1354,2.611,channel4
1355,2.688,channel4
1356,2.74,channel4
1357,2.753,channel4
1358,2.805,channel4
1359,2.878,channel4
1360,2.921,channel4
1361,2.996,channel4
1362,2.994,channel4
1363,2.977,channel4
1364,2.959,channel4
1365,2.934,channel4
1366,2.903,channel4
1367,2.846,channel4
1368,2.807,channel4
1369,2.799,channel4
1370,2.865,channel4
1371,2.866,channel4
1372,2.886,channel4
1373,2.874,channel4
1374,2.853,channel4
1375,2.837,channel4
1376,2.796,channel4
1377,2.759,channel4
1378,2.735,channel4
1379,2.697,channel4
1380,2.678,channel4
1381,2.667,channel4
1382,2.733,channel4
1383,2.71,channel4
1384,2.684,channel4
1385,2.671,channel4
1386,2.677,channel4
1387,2.672,channel4
1388,2.692,channel4
1389,2.701,channel4
1390,2.679,channel4
1391,2.681,channel4
1392,2.678,channel4
1393,2.665,channel4
1394,2.662,channel4
1395,2.677,channel4
1396,2.694,channel4
1397,2.733,channel4
1398,2.736,channel4
1399,2.703,channel4
1400,2.66,channel4
1401,2.62,channel4
1402,2.584,channel4
1403,2.58,channel4
1404,2.611,channel4
1405,2.575,channel4
1406,2.532,channel4
1407,2.433,channel4
1408,2.332,channel4
1409,2.249,channel4
1410,2.197,channel4
1411,2.157,channel4
1412,2.123,channel4
1413,2.075,channel4
1414,2.061,channel4
1415,2.085,channel4
1416,2.113,channel4
1417,2.156,channel4
1418,2.17,channel4
1419,2.198,channel4
1420,2.228,channel4
1421,2.263,channel4
1422,2.308,channel4
1423,2.31,channel4
1424,2.323,channel4
1425,2.324,channel4
1426,2.318,channel4
1427,2.307,channel4
1428,2.308,channel4
1429,2.303,channel4
1430,2.307,channel4
1431,2.391,channel4
1432,2.379,channel4
1433,2.356,channel4
1434,2.333,channel4
1435,2.328,channel4
1436,2.34,channel4
1437,2.356,channel4
1438,2.353,channel4
1439,2.335,channel4
1440,2.314,channel4
1441,2.294,channel4
1442,2.327,channel4
1443,2.322,channel4
1444,2.376,channel4
1445,2.381,channel4
1446,2.389,channel4
1447,2.43,channel4
1448,2.427,channel4
1449,2.457,channel4
1450,2.518,channel4
1451,2.589,channel4
1452,2.605,channel4
1453,2.613,channel4
1454,2.662,channel4
1455,2.702,channel4
1456,2.815,channel4
1457,2.884,channel4
1458,2.927,channel4
1459,2.971,channel4
1460,2.973,channel4
1461,2.95,channel4
1462,2.942,channel4
1463,2.922,channel4
1464,2.921,channel4
1465,2.96,channel4
1466,2.987,channel4
1467,3.066,channel4
1468,3.116,channel4
1469,3.12,channel4
1470,3.119,channel4
1471,3.135,channel4
1472,3.155,channel4
1473,3.162,channel4
1474,3.188,channel4
1475,3.208,channel4
1476,3.219,channel4
1477,3.24,channel4
1478,3.234,channel4
1479,3.266,channel4
1480,3.258,channel4
1481,3.261,channel4
1482,3.25,channel4
1483,3.257,channel4
1484,3.298,channel4
1485,3.295,channel4
1486,3.318,channel4
1487,3.316,channel4
1488,3.316,channel4
1489,3.407,channel4
1490,3.475,channel4
1491,3.556,channel4
1492,3.557,channel4
1493,3.559,channel4
1494,3.575,channel4
1495,3.574,channel4
1496,3.57,channel4
1497,3.531,channel4
1498,3.526,channel4
1499,3.519,channel4
1500,3.507,channel4
1501,3.496,channel4
1502,3.482,channel4
1503,3.479,channel4
1504,3.495,channel4
1505,3.538,channel4
1506,3.606,channel4
1507,3.697,channel4
1508,3.743,channel4
1509,3.788,channel4
1510,4.328,channel4
1511,4.429,channel4
1512,4.294,channel4
1513,4.288,channel4
1514,4.233,channel4
1515,4.165,channel4
1516,4.142,channel4
1517,4.207,channel4
1518,4.349,channel4
1519,4.556,channel4
1520,4.734,channel4
1521,4.871,channel4
1522,4.862,channel4
1523,4.963,channel4
1524,5.083,channel4
1525,5.042,channel4
1526,4.972,channel4
1527,4.895,channel4
1528,4.777,channel4
1529,4.663,channel4
1530,4.544,channel4
1531,4.457,channel4
1532,4.368,channel4
1533,4.268,channel4
1534,4.179,channel4
1535,4.082,channel4
1536,3.94,channel4
1537,3.842,channel4
1538,3.76,channel4
1539,3.683,channel4
1540,3.638,channel4
1541,3.765,channel4
1542,3.843,channel4
1543,3.807,channel4
1544,3.939,channel4
1545,4.025,channel4
1546,3.997,channel4
1547,3.926,channel4
1548,3.861,channel4
1549,3.743,channel4
1550,3.603,channel4
1551,3.508,channel4
1552,3.434,channel4
1553,3.507,channel4
1554,3.525,channel4
1555,3.518,channel4
1556,3.621,channel4
1557,3.681,channel4
1558,3.634,channel4
1559,3.586,channel4
1560,3.542,channel4
1561,3.478,channel4
1562,3.502,channel4
1563,3.542,channel4
1564,3.502,channel4
1565,3.481,channel4
1566,3.549,channel4
1567,3.629,channel4
1568,3.708,channel4
1569,3.742,channel4
1570,3.715,channel4
1571,3.668,channel4
1572,3.651,channel4
1573,3.648,channel4
1574,3.706,channel4
1575,3.683,channel4
1576,3.674,channel4
1577,3.672,channel4
1578,3.68,channel4
1579,3.681,channel4
1580,3.693,channel4
1581,3.679,channel4
1582,3.731,channel4
1583,3.886,channel4
1584,3.953,channel4
1585,3.946,channel4
1586,3.952,channel4
1587,3.917,channel4
1588,3.882,channel4
1589,3.89,channel4
1590,3.943,channel4
1591,3.905,channel4
1592,3.861,channel4
1593,3.792,channel4
1594,3.731,channel4
1595,3.711,channel4
1596,3.678,channel4
1597,3.624,channel4
1598,3.563,channel4
1599,3.555,channel4
1600,3.545,channel4
1601,3.517,channel4
1602,3.466,channel4
1603,3.392,channel4
1604,3.395,channel4
1605,3.364,channel4
1606,3.334,channel4
1607,3.295,channel4
1608,3.296,channel4
1609,3.327,channel4
1610,3.344,channel4
1611,3.38,channel4
1612,3.447,channel4
1613,3.425,channel4
1614,3.454,channel4
1615,3.443,channel4
1616,3.501,channel4
1617,3.569,channel4
1618,3.547,channel4
1619,3.589,channel4
1620,3.642,channel4
1621,3.814,channel4
1622,3.802,channel4
1,1.023,channel5
2,1.032,channel5
3,1.04,channel5
4,1.046,channel5
5,1.05,channel5
6,1.057,channel5
7,1.06,channel5
8,1.064,channel5
9,1.065,channel5
10,1.064,channel5
11,1.062,channel5
12,1.062,channel5
13,1.057,channel5
14,1.054,channel5
15,1.05,channel5
16,1.046,channel5
17,1.043,channel5
18,1.038,channel5
19,1.035,channel5
20,1.03,channel5
21,1.028,channel5
22,1.024,channel5
23,1.02,channel5
24,1.016,channel5
25,1.009,channel5
26,1.003,channel5
27,1.047,channel5
28,1.042,channel5
29,1.041,channel5
30,1.039,channel5
31,1.034,channel5
32,1.029,channel5
33,1.025,channel5
34,1.019,channel5
35,1.013,channel5
36,1.003,channel5
37,0.986,channel5
38,0.974,channel5
39,0.966,channel5
40,0.962,channel5
41,0.958,channel5
42,0.958,channel5
43,0.957,channel5
44,0.955,channel5
45,0.962,channel5
46,0.972,channel5
47,0.972,channel5
48,0.97,channel5
49,0.968,channel5
50,0.968,channel5
51,0.969,channel5
52,0.975,channel5
53,0.976,channel5
54,0.988,channel5
55,0.992,channel5
56,0.996,channel5
57,0.998,channel5
58,0.999,channel5
59,1,channel5
60,1.001,channel5
61,1.003,channel5
62,1.012,channel5
63,1.021,channel5
64,1.028,channel5
65,1.04,channel5
66,1.044,channel5
67,1.046,channel5
68,1.049,channel5
69,1.054,channel5
70,1.063,channel5
71,1.089,channel5
72,1.1,channel5
73,1.103,channel5
74,1.1,channel5
75,1.098,channel5
76,1.096,channel5
77,1.091,channel5
78,1.085,channel5
79,1.078,channel5
80,1.072,channel5
81,1.069,channel5
82,1.069,channel5
83,1.083,channel5
84,1.091,channel5
85,1.088,channel5
86,1.083,channel5
87,1.095,channel5
88,1.105,channel5
89,1.114,channel5
90,1.122,channel5
91,1.115,channel5
92,1.107,channel5
93,1.106,channel5
94,1.104,channel5
95,1.104,channel5
96,1.104,channel5
97,1.101,channel5
98,1.097,channel5
99,1.094,channel5
100,1.095,channel5
101,1.096,channel5
102,1.092,channel5
103,1.088,channel5
104,1.088,channel5
105,1.095,channel5
106,1.11,channel5
107,1.132,channel5
108,1.164,channel5
109,1.175,channel5
110,1.2,channel5
111,1.208,channel5
112,1.227,channel5
113,1.233,channel5
114,1.236,channel5
115,1.233,channel5
116,1.23,channel5
117,1.224,channel5
118,1.213,channel5
119,1.208,channel5
120,1.2,channel5
121,1.189,channel5
122,1.175,channel5
123,1.171,channel5
124,1.163,channel5
125,1.16,channel5
126,1.154,channel5
127,1.144,channel5
128,1.142,channel5
129,1.136,channel5
130,1.133,channel5
131,1.127,channel5
132,1.123,channel5
133,1.114,channel5
134,1.105,channel5
135,1.096,channel5
136,1.087,channel5
137,1.082,channel5
138,1.074,channel5
139,1.072,channel5
140,1.07,channel5
141,1.069,channel5
142,1.071,channel5
143,1.075,channel5
144,1.079,channel5
145,1.084,channel5
146,1.1,channel5
147,1.099,channel5
148,1.095,channel5
149,1.093,channel5
150,1.089,channel5
151,1.09,channel5
152,1.105,channel5
153,1.123,channel5
154,1.129,channel5
155,1.138,channel5
156,1.165,channel5
157,1.186,channel5
158,1.21,channel5
159,1.257,channel5
160,1.271,channel5
161,1.277,channel5
162,1.282,channel5
163,1.283,channel5
164,1.283,channel5
165,1.28,channel5
166,1.277,channel5
167,1.27,channel5
168,1.26,channel5
169,1.251,channel5
170,1.242,channel5
171,1.236,channel5
172,1.235,channel5
173,1.231,channel5
174,1.228,channel5
175,1.223,channel5
176,1.217,channel5
177,1.213,channel5
178,1.21,channel5
179,1.205,channel5
180,1.21,channel5
181,1.21,channel5
182,1.208,channel5
183,1.206,channel5
184,1.203,channel5
185,1.212,channel5
186,1.221,channel5
187,1.23,channel5
188,1.241,channel5
189,1.244,channel5
190,1.258,channel5
191,1.262,channel5
192,1.263,channel5
193,1.266,channel5
194,1.264,channel5
195,1.262,channel5
196,1.259,channel5
197,1.26,channel5
198,1.265,channel5
199,1.266,channel5
200,1.262,channel5
201,1.262,channel5
202,1.261,channel5
203,1.256,channel5
204,1.252,channel5
205,1.247,channel5
206,1.243,channel5
207,1.236,channel5
208,1.234,channel5
209,1.232,channel5
210,1.23,channel5
211,1.227,channel5
212,1.221,channel5
213,1.214,channel5
214,1.208,channel5
215,1.203,channel5
216,1.207,channel5
217,1.206,channel5
218,1.208,channel5
219,1.202,channel5
220,1.197,channel5
221,1.193,channel5
222,1.185,channel5
223,1.181,channel5
224,1.18,channel5
225,1.178,channel5
226,1.178,channel5
227,1.193,channel5
228,1.225,channel5
229,1.229,channel5
230,1.239,channel5
231,1.242,channel5
232,1.242,channel5
233,1.237,channel5
234,1.23,channel5
235,1.219,channel5
236,1.21,channel5
237,1.206,channel5
238,1.2,channel5
239,1.193,channel5
240,1.186,channel5
241,1.182,channel5
242,1.174,channel5
243,1.167,channel5
244,1.163,channel5
245,1.153,channel5
246,1.143,channel5
247,1.134,channel5
248,1.125,channel5
249,1.12,channel5
250,1.112,channel5
251,1.101,channel5
252,1.089,channel5
253,1.08,channel5
254,1.076,channel5
255,1.064,channel5
256,1.059,channel5
257,1.055,channel5
258,1.05,channel5
259,1.036,channel5
260,1.025,channel5
261,1.046,channel5
262,1.05,channel5
263,1.049,channel5
264,1.046,channel5
265,1.053,channel5
266,1.054,channel5
267,1.063,channel5
268,1.043,channel5
269,1.044,channel5
270,1.043,channel5
271,1.043,channel5
272,1.036,channel5
273,1.034,channel5
274,1.033,channel5
275,1.03,channel5
276,1.035,channel5
277,1.031,channel5
278,1.024,channel5
279,1.017,channel5
280,1.012,channel5
281,1.006,channel5
282,1.003,channel5
283,0.999,channel5
284,0.994,channel5
285,0.988,channel5
286,0.987,channel5
287,0.994,channel5
288,1,channel5
289,1.014,channel5
290,1.013,channel5
291,1.009,channel5
292,1.01,channel5
293,1.006,channel5
294,0.998,channel5
295,0.989,channel5
296,0.979,channel5
297,0.962,channel5
298,0.95,channel5
299,0.945,channel5
300,0.938,channel5
301,0.938,channel5
302,0.934,channel5
303,0.935,channel5
304,0.932,channel5
305,0.925,channel5
306,0.923,channel5
307,0.915,channel5
308,0.913,channel5
309,0.907,channel5
310,0.909,channel5
311,0.956,channel5
312,0.994,channel5
313,1.03,channel5
314,1.06,channel5
315,1.079,channel5
316,1.079,channel5
317,1.082,channel5
318,1.092,channel5
319,1.1,channel5
320,1.098,channel5
321,1.094,channel5
322,1.087,channel5
323,1.083,channel5
324,1.078,channel5
325,1.086,channel5
326,1.085,channel5
327,1.101,channel5
328,1.117,channel5
329,1.137,channel5
330,1.151,channel5
331,1.157,channel5
332,1.172,channel5
333,1.188,channel5
334,1.197,channel5
335,1.2,channel5
336,1.202,channel5
337,1.225,channel5
338,1.241,channel5
339,1.243,channel5
340,1.244,channel5
341,1.246,channel5
342,1.237,channel5
343,1.233,channel5
344,1.23,channel5
345,1.226,channel5
346,1.238,channel5
347,1.264,channel5
348,1.283,channel5
349,1.281,channel5
350,1.28,channel5
351,1.279,channel5
352,1.276,channel5
353,1.274,channel5
354,1.279,channel5
355,1.281,channel5
356,1.311,channel5
357,1.318,channel5
358,1.333,channel5
359,1.365,channel5
360,1.402,channel5
361,1.421,channel5
362,1.497,channel5
363,1.537,channel5
364,1.539,channel5
365,1.518,channel5
366,1.504,channel5
367,1.479,channel5
368,1.453,channel5
369,1.427,channel5
370,1.413,channel5
371,1.443,channel5
372,1.482,channel5
373,1.512,channel5
374,1.507,channel5
375,1.512,channel5
376,1.544,channel5
377,1.589,channel5
378,1.593,channel5
379,1.591,channel5
380,1.583,channel5
381,1.561,channel5
382,1.543,channel5
383,1.502,channel5
384,1.477,channel5
385,1.457,channel5
386,1.461,channel5
387,1.465,channel5
388,1.483,channel5
389,1.514,channel5
390,1.521,channel5
391,1.517,channel5
392,1.505,channel5
393,1.481,channel5
394,1.5,channel5
395,1.498,channel5
396,1.497,channel5
397,1.485,channel5
398,1.483,channel5
399,1.474,channel5
400,1.474,channel5
401,1.457,channel5
402,1.433,channel5
403,1.406,channel5
404,1.372,channel5
405,1.371,channel5
406,1.382,channel5
407,1.456,channel5
408,1.473,channel5
409,1.471,channel5
410,1.452,channel5
411,1.469,channel5
412,1.455,channel5
413,1.444,channel5
414,1.425,channel5
415,1.402,channel5
416,1.386,channel5
417,1.391,channel5
418,1.409,channel5
419,1.484,channel5
420,1.571,channel5
421,1.595,channel5
422,1.586,channel5
423,1.621,channel5
424,1.617,channel5
425,1.605,channel5
426,1.602,channel5
427,1.585,channel5
428,1.558,channel5
429,1.529,channel5
430,1.491,channel5
431,1.43,channel5
432,1.385,channel5
433,1.345,channel5
434,1.323,channel5
435,1.308,channel5
436,1.31,channel5
437,1.333,channel5
438,1.358,channel5
439,1.361,channel5
440,1.416,channel5
441,1.412,channel5
442,1.434,channel5
443,1.413,channel5
444,1.36,channel5
445,1.304,channel5
446,1.262,channel5
447,1.217,channel5
448,1.187,channel5
449,1.155,channel5
450,1.132,channel5
451,1.113,channel5
452,1.078,channel5
453,1.063,channel5
454,1.063,channel5
455,1.051,channel5
456,1.058,channel5
457,1.089,channel5
458,1.112,channel5
459,1.127,channel5
460,1.104,channel5
461,1.097,channel5
462,1.1,channel5
463,1.103,channel5
464,1.104,channel5
465,1.102,channel5
466,1.111,channel5
467,1.192,channel5
468,1.27,channel5
469,1.331,channel5
470,1.364,channel5
471,1.412,channel5
472,1.415,channel5
473,1.407,channel5
474,1.397,channel5
475,1.395,channel5
476,1.384,channel5
477,1.379,channel5
478,1.373,channel5
479,1.367,channel5
480,1.357,channel5
481,1.343,channel5
482,1.349,channel5
483,1.348,channel5
484,1.347,channel5
485,1.348,channel5
486,1.375,channel5
487,1.373,channel5
488,1.369,channel5
489,1.369,channel5
490,1.358,channel5
491,1.359,channel5
492,1.358,channel5
493,1.355,channel5
494,1.364,channel5
495,1.369,channel5
496,1.4,channel5
497,1.434,channel5
498,1.431,channel5
499,1.459,channel5
500,1.45,channel5
501,1.442,channel5
502,1.429,channel5
503,1.407,channel5
504,1.384,channel5
505,1.368,channel5
506,1.353,channel5
507,1.35,channel5
508,1.398,channel5
509,1.447,channel5
510,1.46,channel5
511,1.461,channel5
512,1.463,channel5
513,1.466,channel5
514,1.53,channel5
515,1.617,channel5
516,1.648,channel5
517,1.641,channel5
518,1.641,channel5
519,1.659,channel5
520,1.68,channel5
521,1.649,channel5
522,1.611,channel5
523,1.583,channel5
524,1.552,channel5
525,1.521,channel5
526,1.502,channel5
527,1.469,channel5
528,1.438,channel5
529,1.432,channel5
530,1.428,channel5
531,1.429,channel5
532,1.443,channel5
533,1.479,channel5
534,1.47,channel5
535,1.458,channel5
536,1.464,channel5
537,1.524,channel5
538,1.529,channel5
539,1.525,channel5
540,1.529,channel5
541,1.573,channel5
542,1.611,channel5
543,1.692,channel5
544,1.684,channel5
545,1.655,channel5
546,1.63,channel5
547,1.596,channel5
548,1.561,channel5
549,1.535,channel5
550,1.524,channel5
551,1.519,channel5
552,1.505,channel5
553,1.496,channel5
554,1.478,channel5
555,1.479,channel5
556,1.495,channel5
557,1.485,channel5
558,1.471,channel5
559,1.468,channel5
560,1.491,channel5
561,1.495,channel5
562,1.523,channel5
563,1.603,channel5
564,1.633,channel5
565,1.652,channel5
566,1.651,channel5
567,1.654,channel5
568,1.661,channel5
569,1.675,channel5
570,1.691,channel5
571,1.725,channel5
572,1.724,channel5
573,1.744,channel5
574,1.756,channel5
575,1.779,channel5
576,1.779,channel5
577,1.797,channel5
578,1.798,channel5
579,1.827,channel5
580,1.906,channel5
581,1.987,channel5
582,2.032,channel5
583,2.027,channel5
584,2.012,channel5
585,1.979,channel5
586,1.941,channel5
587,1.924,channel5
588,1.89,channel5
589,1.909,channel5
590,1.926,channel5
591,1.916,channel5
592,1.877,channel5
593,1.863,channel5
594,1.858,channel5
595,1.863,channel5
596,1.854,channel5
597,1.855,channel5
598,1.849,channel5
599,1.864,channel5
600,1.922,channel5
601,1.941,channel5
602,1.986,channel5
603,2.021,channel5
604,2.032,channel5
605,2.032,channel5
606,2.014,channel5
607,1.986,channel5
608,1.961,channel5
609,1.957,channel5
610,1.941,channel5
611,1.893,channel5
612,1.855,channel5
613,1.834,channel5
614,1.811,channel5
615,1.829,channel5
616,1.865,channel5
617,1.896,channel5
618,1.943,channel5
619,1.941,channel5
620,1.922,channel5
621,1.914,channel5
622,1.924,channel5
623,1.994,channel5
624,2.072,channel5
625,2.132,channel5
626,2.19,channel5
627,2.257,channel5
628,2.3,channel5
629,2.268,channel5
630,2.249,channel5
631,2.25,channel5
632,2.215,channel5
633,2.18,channel5
634,2.138,channel5
635,2.116,channel5
636,2.129,channel5
637,2.15,channel5
638,2.172,channel5
639,2.22,channel5
640,2.228,channel5
641,2.319,channel5
642,2.315,channel5
643,2.297,channel5
644,2.294,channel5
645,2.356,channel5
646,2.589,channel5
647,2.641,channel5
648,2.628,channel5
649,3.17,channel5
650,3.004,channel5
651,2.829,channel5
652,2.872,channel5
653,3.076,channel5
654,2.993,channel5
655,2.857,channel5
656,2.72,channel5
657,2.582,channel5
658,2.465,channel5
659,2.347,channel5
660,2.244,channel5
661,2.184,channel5
662,2.148,channel5
663,2.211,channel5
664,2.252,channel5
665,2.239,channel5
666,2.279,channel5
667,2.394,channel5
668,2.399,channel5
669,2.401,channel5
670,2.406,channel5
671,2.395,channel5
672,2.337,channel5
673,2.274,channel5
674,2.256,channel5
675,2.332,channel5
676,2.395,channel5
677,2.573,channel5
678,2.558,channel5
679,2.632,channel5
680,2.766,channel5
681,2.865,channel5
682,2.98,channel5
683,2.963,channel5
684,2.913,channel5
685,2.915,channel5
686,2.858,channel5
687,2.821,channel5
688,2.847,channel5
689,2.886,channel5
690,2.855,channel5
691,2.836,channel5
692,2.917,channel5
693,2.953,channel5
694,2.977,channel5
695,3.011,channel5
696,3.021,channel5
697,3.047,channel5
698,3.014,channel5
699,2.932,channel5
700,2.862,channel5
701,2.755,channel5
702,2.653,channel5
703,2.515,channel5
704,2.363,channel5
705,2.295,channel5
706,2.24,channel5
707,2.217,channel5
708,2.193,channel5
709,2.209,channel5
710,2.198,channel5
711,2.236,channel5
712,2.239,channel5
713,2.251,channel5
714,2.319,channel5
715,2.324,channel5
716,2.326,channel5
717,2.353,channel5
718,2.345,channel5
719,2.317,channel5
720,2.255,channel5
721,2.193,channel5
722,2.157,channel5
723,2.179,channel5
724,2.208,channel5
725,2.268,channel5
726,2.366,channel5
727,2.512,channel5
728,2.544,channel5
729,2.553,channel5
730,2.573,channel5
731,2.673,channel5
732,2.796,channel5
733,2.901,channel5
734,2.887,channel5
735,2.97,channel5
736,2.992,channel5
737,3.007,channel5
738,3.169,channel5
739,3.147,channel5
740,3.099,channel5
741,3.047,channel5
742,2.994,channel5
743,2.961,channel5
744,2.937,channel5
745,2.942,channel5
746,3.019,channel5
747,2.96,channel5
748,2.896,channel5
749,2.845,channel5
750,2.762,channel5
751,2.754,channel5
752,2.73,channel5
753,2.757,channel5
754,2.799,channel5
755,2.804,channel5
756,2.849,channel5
757,2.843,channel5
758,2.816,channel5
759,2.789,channel5
760,2.848,channel5
761,2.888,channel5
762,3.039,channel5
763,3.141,channel5
764,3.136,channel5
765,3.13,channel5
766,3.099,channel5
767,3.04,channel5
768,3.029,channel5
769,3.011,channel5
770,3.096,channel5
771,3.163,channel5
772,3.14,channel5
773,3.087,channel5
774,3.047,channel5
775,3.031,channel5
776,3.004,channel5
777,3.101,channel5
778,3.214,channel5
779,3.239,channel5
780,3.269,channel5
781,3.333,channel5
782,3.317,channel5
783,3.332,channel5
784,3.372,channel5
785,3.419,channel5
786,3.549,channel5
787,3.656,channel5
788,3.651,channel5
789,3.756,channel5
790,3.826,channel5
791,3.986,channel5
792,3.997,channel5
793,4.036,channel5
794,4.06,channel5
795,4.052,channel5
796,4.071,channel5
797,4.1,channel5
798,4.092,channel5
799,4.068,channel5
800,3.988,channel5
801,3.913,channel5
802,3.824,channel5
803,3.742,channel5
804,3.673,channel5
805,3.696,channel5
806,3.687,channel5
807,4.023,channel5
808,3.888,channel5
809,3.839,channel5
810,3.733,channel5
811,3.352,channel5
812,2.999,channel5
813,2.702,channel5
814,2.437,channel5
815,2.25,channel5
816,2.113,channel5
817,1.95,channel5
818,1.86,channel5
819,1.759,channel5
820,1.694,channel5
821,1.7,channel5
822,1.661,channel5
823,1.685,channel5
824,1.813,channel5
825,1.879,channel5
826,1.874,channel5
827,1.935,channel5
828,1.964,channel5
829,2.006,channel5
830,1.951,channel5
831,1.977,channel5
832,1.973,channel5
833,1.959,channel5
834,1.993,channel5
835,2.093,channel5
836,2.089,channel5
837,2.094,channel5
838,2.096,channel5
839,2.082,channel5
840,2.082,channel5
841,2.257,channel5
842,2.343,channel5
843,2.437,channel5
844,2.5,channel5
845,2.589,channel5
846,2.664,channel5
847,2.706,channel5
848,2.668,channel5
849,2.631,channel5
850,2.557,channel5
851,2.48,channel5
852,2.493,channel5
853,2.54,channel5
854,2.63,channel5
855,2.633,channel5
856,2.62,channel5
857,2.599,channel5
858,2.571,channel5
859,2.52,channel5
860,2.485,channel5
861,2.445,channel5
862,2.41,channel5
863,2.434,channel5
864,2.564,channel5
865,2.704,channel5
866,2.717,channel5
867,2.697,channel5
868,2.661,channel5
869,2.666,channel5
870,2.665,channel5
871,2.68,channel5
872,2.647,channel5
873,2.628,channel5
874,2.633,channel5
875,2.69,channel5
876,2.787,channel5
877,2.797,channel5
878,2.767,channel5
879,2.718,channel5
880,2.694,channel5
881,2.658,channel5
882,2.691,channel5
883,2.753,channel5
884,2.796,channel5
885,2.843,channel5
886,2.857,channel5
887,2.835,channel5
888,2.845,channel5
889,2.885,channel5
890,2.877,channel5
891,2.873,channel5
892,2.913,channel5
893,2.937,channel5
894,2.895,channel5
895,2.821,channel5
896,2.738,channel5
897,2.701,channel5
898,2.672,channel5
899,2.706,channel5
900,2.72,channel5
901,2.69,channel5
902,2.668,channel5
903,2.662,channel5
904,2.691,channel5
905,2.7,channel5
906,2.755,channel5
907,2.718,channel5
908,2.671,channel5
909,2.639,channel5
910,2.636,channel5
911,2.671,channel5
912,2.711,channel5
913,2.698,channel5
914,2.718,channel5
915,2.809,channel5
916,2.838,channel5
917,2.818,channel5
918,2.798,channel5
919,2.846,channel5
920,2.885,channel5
921,2.881,channel5
922,2.87,channel5
923,2.98,channel5
924,3.01,channel5
925,3.01,channel5
926,3.086,channel5
927,3.104,channel5
928,3.123,channel5
929,3.132,channel5
930,3.143,channel5
931,3.117,channel5
932,3.142,channel5
933,3.164,channel5
934,3.206,channel5
935,3.416,channel5
936,3.548,channel5
937,3.6,channel5
938,3.588,channel5
939,3.608,channel5
940,3.684,channel5
941,3.788,channel5
942,3.836,channel5
943,3.855,channel5
944,3.932,channel5
945,3.961,channel5
946,3.968,channel5
947,3.859,channel5
948,3.767,channel5
949,3.721,channel5
950,3.678,channel5
951,3.636,channel5
952,3.573,channel5
953,3.547,channel5
954,3.657,channel5
955,3.721,channel5
956,3.762,channel5
957,3.777,channel5
958,3.73,channel5
959,3.655,channel5
960,3.611,channel5
961,3.631,channel5
962,3.664,channel5
963,3.648,channel5
964,3.595,channel5
965,3.509,channel5
966,3.437,channel5
967,3.404,channel5
968,3.465,channel5
969,3.485,channel5
970,3.464,channel5
971,3.436,channel5
972,3.455,channel5
973,3.402,channel5
974,3.345,channel5
975,3.324,channel5
976,3.338,channel5
977,3.295,channel5
978,3.295,channel5
979,3.363,channel5
980,3.458,channel5
981,3.471,channel5
982,3.489,channel5
983,3.562,channel5
984,3.606,channel5
985,3.667,channel5
986,3.707,channel5
987,3.792,channel5
988,3.82,channel5
989,3.822,channel5
990,3.87,channel5
991,3.94,channel5
992,3.981,channel5
993,4.002,channel5
994,3.966,channel5
995,3.905,channel5
996,3.846,channel5
997,3.77,channel5
998,3.693,channel5
999,3.613,channel5
1000,3.545,channel5
1001,3.482,channel5
1002,3.427,channel5
1003,3.385,channel5
1004,3.328,channel5
1005,3.259,channel5
1006,3.339,channel5
1007,3.386,channel5
1008,3.472,channel5
1009,3.486,channel5
1010,3.619,channel5
1011,3.698,channel5
1012,3.738,channel5
1013,3.793,channel5
1014,3.873,channel5
1015,3.861,channel5
1016,3.879,channel5
1017,3.824,channel5
1018,3.775,channel5
1019,3.757,channel5
1020,3.78,channel5
1021,3.684,channel5
1022,3.561,channel5
1023,3.47,channel5
1024,3.407,channel5
1025,3.392,channel5
1026,3.421,channel5
1027,3.405,channel5
1028,3.373,channel5
1029,3.299,channel5
1030,3.325,channel5
1031,3.393,channel5
1032,3.449,channel5
1033,3.47,channel5
1034,3.435,channel5
1035,3.459,channel5
1036,3.599,channel5
1037,3.652,channel5
1038,3.811,channel5
1039,3.882,channel5
1040,3.839,channel5
1041,3.796,channel5
1042,3.757,channel5
1043,3.718,channel5
1044,3.681,channel5
1045,3.636,channel5
1046,3.578,channel5
1047,3.531,channel5
1048,3.514,channel5
1049,3.508,channel5
1050,3.538,channel5
1051,3.531,channel5
1052,3.535,channel5
1053,3.516,channel5
1054,3.532,channel5
1055,3.559,channel5
1056,3.549,channel5
1057,3.498,channel5
1058,3.481,channel5
1059,3.606,channel5
1060,3.667,channel5
1061,3.639,channel5
1062,3.625,channel5
1063,3.561,channel5
1064,3.554,channel5
1065,3.559,channel5
1066,3.623,channel5
1067,3.59,channel5
1068,3.518,channel5
1069,3.439,channel5
1070,3.404,channel5
1071,3.358,channel5
1072,3.365,channel5
1073,3.397,channel5
1074,3.351,channel5
1075,3.32,channel5
1076,3.267,channel5
1077,3.312,channel5
1078,3.445,channel5
1079,3.432,channel5
1080,3.407,channel5
1081,3.379,channel5
1082,3.385,channel5
1083,3.409,channel5
1084,3.445,channel5
1085,3.421,channel5
1086,3.416,channel5
1087,3.406,channel5
1088,3.387,channel5
1089,3.371,channel5
1090,3.428,channel5
1091,3.488,channel5
1092,3.485,channel5
1093,3.499,channel5
1094,3.554,channel5
1095,3.571,channel5
1096,3.63,channel5
1097,3.672,channel5
1098,3.71,channel5
1099,3.76,channel5
1100,3.772,channel5
1101,3.765,channel5
1102,3.74,channel5
1103,3.723,channel5
1104,3.712,channel5
1105,3.695,channel5
1106,3.674,channel5
1107,3.676,channel5
1108,3.704,channel5
1109,3.711,channel5
1110,3.682,channel5
1111,3.653,channel5
1112,3.608,channel5
1113,3.562,channel5
1114,3.528,channel5
1115,3.494,channel5
1116,3.468,channel5
1117,3.439,channel5
1118,3.456,channel5
1119,3.448,channel5
1120,3.41,channel5
1121,3.385,channel5
1122,3.388,channel5
1123,3.378,channel5
1124,3.281,channel5
1125,3.169,channel5
1126,3.069,channel5
1127,3.01,channel5
1128,2.979,channel5
1129,2.938,channel5
1130,2.871,channel5
1131,2.83,channel5
1132,2.748,channel5
1133,2.656,channel5
1134,2.531,channel5
1135,2.441,channel5
1136,2.364,channel5
1137,2.268,channel5
1138,2.184,channel5
1139,2.146,channel5
1140,2.127,channel5
1141,2.25,channel5
1142,2.329,channel5
1143,2.375,channel5
1144,2.455,channel5
1145,2.464,channel5
1146,2.446,channel5
1147,2.416,channel5
1148,2.46,channel5
1149,2.43,channel5
1150,2.436,channel5
1151,2.489,channel5
1152,2.563,channel5
1153,2.612,channel5
1154,2.64,channel5
1155,2.671,channel5
1156,2.716,channel5
1157,2.723,channel5
1158,2.748,channel5
1159,2.802,channel5
1160,2.784,channel5
1161,2.77,channel5
1162,2.758,channel5
1163,2.747,channel5
1164,2.711,channel5
1165,2.671,channel5
1166,2.615,channel5
1167,2.567,channel5
1168,2.543,channel5
1169,2.492,channel5
1170,2.406,channel5
1171,2.357,channel5
1172,2.307,channel5
1173,2.248,channel5
1174,2.256,channel5
1175,2.261,channel5
1176,2.297,channel5
1177,2.255,channel5
1178,2.209,channel5
1179,2.198,channel5
1180,2.252,channel5
1181,2.245,channel5
1182,2.18,channel5
1183,2.145,channel5
1184,2.125,channel5
1185,2.105,channel5
1186,2.109,channel5
1187,2.092,channel5
1188,2.079,channel5
1189,2.046,channel5
1190,1.987,channel5
1191,1.937,channel5
1192,1.913,channel5
1193,1.868,channel5
1194,1.843,channel5
1195,1.818,channel5
1196,1.831,channel5
1197,1.896,channel5
1198,2.002,channel5
1199,2.075,channel5
1200,2.14,channel5
1201,2.139,channel5
1202,2.127,channel5
1203,2.17,channel5
1204,2.195,channel5
1205,2.307,channel5
1206,2.302,channel5
1207,2.301,channel5
1208,2.331,channel5
1209,2.371,channel5
1210,2.426,channel5
1211,2.408,channel5
1212,2.366,channel5
1213,2.332,channel5
1214,2.305,channel5
1215,2.272,channel5
1216,2.23,channel5
1217,2.192,channel5
1218,2.184,channel5
1219,2.149,channel5
1220,2.175,channel5
1221,2.227,channel5
1222,2.284,channel5
1223,2.281,channel5
1224,2.253,channel5
1225,2.328,channel5
1226,2.34,channel5
1227,2.336,channel5
1228,2.36,channel5
1229,2.371,channel5
1230,2.35,channel5
1231,2.327,channel5
1232,2.324,channel5
1233,2.298,channel5
1234,2.235,channel5
1235,2.23,channel5
1236,2.308,channel5
1237,2.34,channel5
1238,2.383,channel5
1239,2.396,channel5
1240,2.465,channel5
1241,2.469,channel5
1242,2.44,channel5
1243,2.408,channel5
1244,2.382,channel5
1245,2.366,channel5
1246,2.356,channel5
1247,2.362,channel5
1248,2.369,channel5
1249,2.377,channel5
1250,2.354,channel5
1251,2.345,channel5
1252,2.369,channel5
1253,2.396,channel5
1254,2.479,channel5
1255,2.482,channel5
1256,2.504,channel5
1257,2.461,channel5
1258,2.416,channel5
1259,2.382,channel5
1260,2.386,channel5
1261,2.39,channel5
1262,2.413,channel5
1263,2.373,channel5
1264,2.321,channel5
1265,2.273,channel5
1266,2.238,channel5
1267,2.27,channel5
1268,2.262,channel5
1269,2.318,channel5
1270,2.373,channel5
1271,2.386,channel5
1272,2.383,channel5
1273,2.354,channel5
1274,2.415,channel5
1275,2.817,channel5
1276,2.822,channel5
1277,2.782,channel5
1278,2.742,channel5
1279,2.691,channel5
1280,2.604,channel5
1281,2.54,channel5
1282,2.513,channel5
1283,2.504,channel5
1284,2.517,channel5
1285,2.613,channel5
1286,2.582,channel5
1287,2.56,channel5
1288,2.539,channel5
1289,2.517,channel5
1290,2.483,channel5
1291,2.472,channel5
1292,2.557,channel5
1293,2.55,channel5
1294,2.572,channel5
1295,2.627,channel5
1296,2.647,channel5
1297,2.676,channel5
1298,2.675,channel5
1299,2.616,channel5
1300,2.583,channel5
1301,2.611,channel5
1302,2.576,channel5
1303,2.63,channel5
1304,2.68,channel5
1305,2.743,channel5
1306,2.724,channel5
1307,2.769,channel5
1308,2.829,channel5
1309,2.858,channel5
1310,2.851,channel5
1311,2.797,channel5
1312,2.822,channel5
1313,2.887,channel5
1314,2.85,channel5
1315,2.801,channel5
1316,2.757,channel5
1317,2.713,channel5
1318,2.724,channel5
1319,2.733,channel5
1320,2.769,channel5
1321,2.74,channel5
1322,2.754,channel5
1323,2.77,channel5
1324,2.776,channel5
1325,2.742,channel5
1326,2.726,channel5
1327,2.741,channel5
1328,2.748,channel5
1329,2.748,channel5
1330,2.737,channel5
1331,2.781,channel5
1332,2.819,channel5
1333,2.803,channel5
1334,2.764,channel5
1335,2.712,channel5
1336,2.651,channel5
1337,2.597,channel5
1338,2.519,channel5
1339,2.441,channel5
1340,2.353,channel5
1341,2.309,channel5
1342,2.283,channel5
1343,2.227,channel5
1344,2.177,channel5
1345,2.136,channel5
1346,2.149,channel5
1347,2.195,channel5
1348,2.215,channel5
1349,2.222,channel5
1350,2.212,channel5
1351,2.241,channel5
1352,2.339,channel5
1353,2.393,channel5
1354,2.432,channel5
1355,2.534,channel5
1356,2.579,channel5
1357,2.66,channel5
1358,2.687,channel5
1359,2.747,channel5
1360,2.729,channel5
1361,2.749,channel5
1362,2.765,channel5
1363,2.711,channel5
1364,2.668,channel5
1365,2.641,channel5
1366,2.607,channel5
1367,2.577,channel5
1368,2.496,channel5
1369,2.472,channel5
1370,2.578,channel5
1371,2.64,channel5
1372,2.656,channel5
1373,2.653,channel5
1374,2.59,channel5
1375,2.547,channel5
1376,2.497,channel5
1377,2.461,channel5
1378,2.418,channel5
1379,2.443,channel5
1380,2.428,channel5
1381,2.42,channel5
1382,2.535,channel5
1383,2.491,channel5
1384,2.477,channel5
1385,2.441,channel5
1386,2.471,channel5
1387,2.423,channel5
1388,2.451,channel5
1389,2.44,channel5
1390,2.415,channel5
1391,2.43,channel5
1392,2.461,channel5
1393,2.472,channel5
1394,2.438,channel5
1395,2.437,channel5
1396,2.488,channel5
1397,2.53,channel5
1398,2.493,channel5
1399,2.476,channel5
1400,2.424,channel5
1401,2.353,channel5
1402,2.338,channel5
1403,2.334,channel5
1404,2.377,channel5
1405,2.314,channel5
1406,2.259,channel5
1407,2.15,channel5
1408,2.043,channel5
1409,1.932,channel5
1410,1.875,channel5
1411,1.83,channel5
1412,1.797,channel5
1413,1.769,channel5
1414,1.75,channel5
1415,1.763,channel5
1416,1.776,channel5
1417,1.869,channel5
1418,1.873,channel5
1419,1.906,channel5
1420,2.014,channel5
1421,2.04,channel5
1422,2.07,channel5
1423,2.096,channel5
1424,2.105,channel5
1425,2.09,channel5
1426,2.073,channel5
1427,2.099,channel5
1428,2.078,channel5
1429,2.069,channel5
1430,2.083,channel5
1431,2.132,channel5
1432,2.164,channel5
1433,2.13,channel5
1434,2.1,channel5
1435,2.096,channel5
1436,2.132,channel5
1437,2.12,channel5
1438,2.099,channel5
1439,2.069,channel5
1440,2.04,channel5
1441,2.011,channel5
1442,2.038,channel5
1443,2.044,channel5
1444,2.063,channel5
1445,2.113,channel5
1446,2.108,channel5
1447,2.166,channel5
1448,2.176,channel5
1449,2.19,channel5
1450,2.28,channel5
1451,2.317,channel5
1452,2.349,channel5
1453,2.352,channel5
1454,2.421,channel5
1455,2.449,channel5
1456,2.605,channel5
1457,2.635,channel5
1458,2.689,channel5
1459,2.802,channel5
1460,2.832,channel5
1461,2.798,channel5
1462,2.78,channel5
1463,2.775,channel5
1464,2.768,channel5
1465,2.753,channel5
1466,2.766,channel5
1467,2.861,channel5
1468,2.953,channel5
1469,2.945,channel5
1470,2.935,channel5
1471,2.928,channel5
1472,2.974,channel5
1473,2.961,channel5
1474,2.969,channel5
1475,3.005,channel5
1476,3.005,channel5
1477,3.012,channel5
1478,2.992,channel5
1479,3.004,channel5
1480,3.033,channel5
1481,3.029,channel5
1482,3.007,channel5
1483,2.995,channel5
1484,3.046,channel5
1485,3.027,channel5
1486,3.07,channel5
1487,3.057,channel5
1488,3.063,channel5
1489,3.169,channel5
1490,3.212,channel5
1491,3.325,channel5
1492,3.33,channel5
1493,3.316,channel5
1494,3.297,channel5
1495,3.321,channel5
1496,3.306,channel5
1497,3.258,channel5
1498,3.226,channel5
1499,3.198,channel5
1500,3.183,channel5
1501,3.177,channel5
1502,3.167,channel5
1503,3.197,channel5
1504,3.21,channel5
1505,3.292,channel5
1506,3.38,channel5
1507,3.427,channel5
1508,3.474,channel5
1509,3.545,channel5
1510,4.063,channel5
1511,4.292,channel5
1512,4.132,channel5
1513,4.078,channel5
1514,4.052,channel5
1515,3.961,channel5
1516,3.912,channel5
1517,3.957,channel5
1518,4.044,channel5
1519,4.14,channel5
1520,4.339,channel5
1521,4.413,channel5
1522,4.448,channel5
1523,4.652,channel5
1524,4.801,channel5
1525,4.726,channel5
1526,4.61,channel5
1527,4.497,channel5
1528,4.375,channel5
1529,4.232,channel5
1530,4.075,channel5
1531,3.931,channel5
1532,3.78,channel5
1533,3.668,channel5
1534,3.579,channel5
1535,3.585,channel5
1536,3.507,channel5
1537,3.437,channel5
1538,3.388,channel5
1539,3.368,channel5
1540,3.274,channel5
1541,3.426,channel5
1542,3.459,channel5
1543,3.407,channel5
1544,3.35,channel5
1545,3.41,channel5
1546,3.462,channel5
1547,3.385,channel5
1548,3.319,channel5
1549,3.206,channel5
1550,3.085,channel5
1551,2.975,channel5
1552,2.949,channel5
1553,3.157,channel5
1554,3.168,channel5
1555,3.251,channel5
1556,3.393,channel5
1557,3.493,channel5
1558,3.416,channel5
1559,3.336,channel5
1560,3.281,channel5
1561,3.246,channel5
1562,3.227,channel5
1563,3.328,channel5
1564,3.346,channel5
1565,3.348,channel5
1566,3.413,channel5
1567,3.536,channel5
1568,3.569,channel5
1569,3.585,channel5
1570,3.51,channel5
1571,3.431,channel5
1572,3.392,channel5
1573,3.362,channel5
1574,3.386,channel5
1575,3.371,channel5
1576,3.41,channel5
1577,3.385,channel5
1578,3.357,channel5
1579,3.298,channel5
1580,3.397,channel5
1581,3.396,channel5
1582,3.477,channel5
1583,3.644,channel5
1584,3.754,channel5
1585,3.711,channel5
1586,3.73,channel5
1587,3.664,channel5
1588,3.65,channel5
1589,3.606,channel5
1590,3.602,channel5
1591,3.528,channel5
1592,3.452,channel5
1593,3.397,channel5
1594,3.304,channel5
1595,3.237,channel5
1596,3.228,channel5
1597,3.134,channel5
1598,3.106,channel5
1599,3.045,channel5
1600,3.039,channel5
1601,3.159,channel5
1602,3.05,channel5
1603,2.982,channel5
1604,3.107,channel5
1605,3.074,channel5
1606,3.076,channel5
1607,3.04,channel5
1608,3.011,channel5
1609,3.099,channel5
1610,3.145,channel5
1611,3.181,channel5
1612,3.276,channel5
1613,3.243,channel5
1614,3.289,channel5
1615,3.338,channel5
1616,3.439,channel5
1617,3.454,channel5
1618,3.46,channel5
1619,3.443,channel5
1620,3.508,channel5
1621,3.521,channel5
1622,3.524,channel5
1,1.061,channel6
2,1.077,channel6
3,1.067,channel6
4,1.078,channel6
5,1.073,channel6
6,1.091,channel6
7,1.107,channel6
8,1.103,channel6
9,1.102,channel6
10,1.095,channel6
11,1.092,channel6
12,1.077,channel6
13,1.068,channel6
14,1.063,channel6
15,1.054,channel6
16,1.045,channel6
17,1.036,channel6
18,1.028,channel6
19,1.026,channel6
20,1.025,channel6
21,1.043,channel6
22,1.04,channel6
23,1.029,channel6
24,1.02,channel6
25,1.009,channel6
26,1.016,channel6
27,1.063,channel6
28,1.065,channel6
29,1.078,channel6
30,1.074,channel6
31,1.062,channel6
32,1.051,channel6
33,1.034,channel6
34,1.026,channel6
35,1.017,channel6
36,0.994,channel6
37,0.969,channel6
38,0.948,channel6
39,0.949,channel6
40,0.939,channel6
41,0.956,channel6
42,0.974,channel6
43,0.972,channel6
44,0.989,channel6
45,0.989,channel6
46,1.001,channel6
47,0.984,channel6
48,0.975,channel6
49,0.988,channel6
50,0.981,channel6
51,0.984,channel6
52,0.992,channel6
53,0.989,channel6
54,1.019,channel6
55,1.025,channel6
56,1.029,channel6
57,1.029,channel6
58,1.036,channel6
59,1.034,channel6
60,1.045,channel6
61,1.053,channel6
62,1.059,channel6
63,1.067,channel6
64,1.075,channel6
65,1.097,channel6
66,1.095,channel6
67,1.099,channel6
68,1.109,channel6
69,1.119,channel6
70,1.14,channel6
71,1.175,channel6
72,1.172,channel6
73,1.179,channel6
74,1.164,channel6
75,1.158,channel6
76,1.145,channel6
77,1.128,channel6
78,1.11,channel6
79,1.092,channel6
80,1.087,channel6
81,1.073,channel6
82,1.072,channel6
83,1.094,channel6
84,1.092,channel6
85,1.087,channel6
86,1.072,channel6
87,1.064,channel6
88,1.061,channel6
89,1.054,channel6
90,1.053,channel6
91,1.041,channel6
92,1.045,channel6
93,1.066,channel6
94,1.051,channel6
95,1.071,channel6
96,1.072,channel6
97,1.062,channel6
98,1.058,channel6
99,1.049,channel6
100,1.068,channel6
101,1.068,channel6
102,1.057,channel6
103,1.064,channel6
104,1.08,channel6
105,1.104,channel6
106,1.122,channel6
107,1.137,channel6
108,1.16,channel6
109,1.158,channel6
110,1.191,channel6
111,1.197,channel6
112,1.224,channel6
113,1.217,channel6
114,1.217,channel6
115,1.21,channel6
116,1.197,channel6
117,1.185,channel6
118,1.174,channel6
119,1.157,channel6
120,1.142,channel6
121,1.129,channel6
122,1.114,channel6
123,1.116,channel6
124,1.117,channel6
125,1.122,channel6
126,1.11,channel6
127,1.112,channel6
128,1.109,channel6
129,1.112,channel6
130,1.114,channel6
131,1.106,channel6
132,1.092,channel6
133,1.076,channel6
134,1.066,channel6
135,1.049,channel6
136,1.056,channel6
137,1.059,channel6
138,1.056,channel6
139,1.061,channel6
140,1.068,channel6
141,1.066,channel6
142,1.103,channel6
143,1.103,channel6
144,1.104,channel6
145,1.124,channel6
146,1.122,channel6
147,1.107,channel6
148,1.094,channel6
149,1.094,channel6
150,1.092,channel6
151,1.103,channel6
152,1.144,channel6
153,1.16,channel6
154,1.151,channel6
155,1.167,channel6
156,1.202,channel6
157,1.209,channel6
158,1.232,channel6
159,1.268,channel6
160,1.258,channel6
161,1.27,channel6
162,1.26,channel6
163,1.266,channel6
164,1.284,channel6
165,1.267,channel6
166,1.256,channel6
167,1.251,channel6
168,1.247,channel6
169,1.233,channel6
170,1.218,channel6
171,1.222,channel6
172,1.225,channel6
173,1.228,channel6
174,1.213,channel6
175,1.198,channel6
176,1.192,channel6
177,1.208,channel6
178,1.218,channel6
179,1.204,channel6
180,1.221,channel6
181,1.224,channel6
182,1.226,channel6
183,1.218,channel6
184,1.205,channel6
185,1.228,channel6
186,1.227,channel6
187,1.252,channel6
188,1.264,channel6
189,1.274,channel6
190,1.284,channel6
191,1.296,channel6
192,1.292,channel6
193,1.288,channel6
194,1.271,channel6
195,1.26,channel6
196,1.253,channel6
197,1.245,channel6
198,1.275,channel6
199,1.273,channel6
200,1.265,channel6
201,1.26,channel6
202,1.246,channel6
203,1.232,channel6
204,1.232,channel6
205,1.216,channel6
206,1.202,channel6
207,1.188,channel6
208,1.203,channel6
209,1.193,channel6
210,1.19,channel6
211,1.185,channel6
212,1.194,channel6
213,1.194,channel6
214,1.195,channel6
215,1.199,channel6
216,1.228,channel6
217,1.247,channel6
218,1.25,channel6
219,1.24,channel6
220,1.225,channel6
221,1.211,channel6
222,1.198,channel6
223,1.198,channel6
224,1.192,channel6
225,1.209,channel6
226,1.196,channel6
227,1.228,channel6
228,1.273,channel6
229,1.26,channel6
230,1.271,channel6
231,1.262,channel6
232,1.252,channel6
233,1.236,channel6
234,1.215,channel6
235,1.193,channel6
236,1.201,channel6
237,1.186,channel6
238,1.173,channel6
239,1.161,channel6
240,1.157,channel6
241,1.167,channel6
242,1.155,channel6
243,1.156,channel6
244,1.14,channel6
245,1.121,channel6
246,1.108,channel6
247,1.099,channel6
248,1.086,channel6
249,1.072,channel6
250,1.071,channel6
251,1.057,channel6
252,1.033,channel6
253,1.048,channel6
254,1.048,channel6
255,1.035,channel6
256,1.062,channel6
257,1.044,channel6
258,1.036,channel6
259,1.03,channel6
260,1.026,channel6
261,1.069,channel6
262,1.057,channel6
263,1.045,channel6
264,1.058,channel6
265,1.078,channel6
266,1.085,channel6
267,1.103,channel6
268,1.11,channel6
269,1.105,channel6
270,1.096,channel6
271,1.119,channel6
272,1.099,channel6
273,1.085,channel6
274,1.09,channel6
275,1.1,channel6
276,1.087,channel6
277,1.102,channel6
278,1.086,channel6
279,1.068,channel6
280,1.06,channel6
281,1.048,channel6
282,1.035,channel6
283,1.032,channel6
284,1.027,channel6
285,1.02,channel6
286,1.047,channel6
287,1.041,channel6
288,1.05,channel6
289,1.045,channel6
290,1.038,channel6
291,1.032,channel6
292,1.025,channel6
293,1.026,channel6
294,1,channel6
295,0.991,channel6
296,0.965,channel6
297,0.935,channel6
298,0.932,channel6
299,0.939,channel6
300,0.93,channel6
301,0.927,channel6
302,0.946,channel6
303,0.952,channel6
304,0.941,channel6
305,0.933,channel6
306,0.933,channel6
307,0.919,channel6
308,0.892,channel6
309,0.914,channel6
310,0.923,channel6
311,1.009,channel6
312,1.057,channel6
313,1.109,channel6
314,1.122,channel6
315,1.139,channel6
316,1.124,channel6
317,1.115,channel6
318,1.128,channel6
319,1.136,channel6
320,1.145,channel6
321,1.122,channel6
322,1.102,channel6
323,1.118,channel6
324,1.114,channel6
325,1.145,channel6
326,1.119,channel6
327,1.139,channel6
328,1.149,channel6
329,1.171,channel6
330,1.207,channel6
331,1.196,channel6
332,1.192,channel6
333,1.25,channel6
334,1.234,channel6
335,1.229,channel6
336,1.259,channel6
337,1.264,channel6
338,1.3,channel6
339,1.284,channel6
340,1.265,channel6
341,1.246,channel6
342,1.218,channel6
343,1.232,channel6
344,1.227,channel6
345,1.244,channel6
346,1.282,channel6
347,1.302,channel6
348,1.291,channel6
349,1.281,channel6
350,1.29,channel6
351,1.28,channel6
352,1.295,channel6
353,1.291,channel6
354,1.274,channel6
355,1.314,channel6
356,1.379,channel6
357,1.358,channel6
358,1.366,channel6
359,1.412,channel6
360,1.487,channel6
361,1.482,channel6
362,1.555,channel6
363,1.544,channel6
364,1.517,channel6
365,1.477,channel6
366,1.482,channel6
367,1.439,channel6
368,1.396,channel6
369,1.413,channel6
370,1.389,channel6
371,1.471,channel6
372,1.533,channel6
373,1.585,channel6
374,1.631,channel6
375,1.676,channel6
376,1.826,channel6
377,1.902,channel6
378,1.822,channel6
379,1.708,channel6
380,1.62,channel6
381,1.518,channel6
382,1.476,channel6
383,1.392,channel6
384,1.404,channel6
385,1.382,channel6
386,1.439,channel6
387,1.46,channel6
388,1.557,channel6
389,1.583,channel6
390,1.58,channel6
391,1.543,channel6
392,1.498,channel6
393,1.466,channel6
394,1.553,channel6
395,1.59,channel6
396,1.573,channel6
397,1.535,channel6
398,1.539,channel6
399,1.523,channel6
400,1.526,channel6
401,1.487,channel6
402,1.429,channel6
403,1.403,channel6
404,1.414,channel6
405,1.41,channel6
406,1.461,channel6
407,1.537,channel6
408,1.52,channel6
409,1.5,channel6
410,1.463,channel6
411,1.524,channel6
412,1.456,channel6
413,1.423,channel6
414,1.399,channel6
415,1.406,channel6
416,1.401,channel6
417,1.411,channel6
418,1.481,channel6
419,1.553,channel6
420,1.623,channel6
421,1.704,channel6
422,1.693,channel6
423,1.834,channel6
424,1.84,channel6
425,1.782,channel6
426,1.815,channel6
427,1.767,channel6
428,1.677,channel6
429,1.578,channel6
430,1.453,channel6
431,1.352,channel6
432,1.325,channel6
433,1.329,channel6
434,1.338,channel6
435,1.358,channel6
436,1.37,channel6
437,1.427,channel6
438,1.523,channel6
439,1.689,channel6
440,1.753,channel6
441,1.676,channel6
442,1.659,channel6
443,1.557,channel6
444,1.428,channel6
445,1.319,channel6
446,1.259,channel6
447,1.212,channel6
448,1.188,channel6
449,1.175,channel6
450,1.165,channel6
451,1.178,channel6
452,1.122,channel6
453,1.124,channel6
454,1.127,channel6
455,1.062,channel6
456,1.116,channel6
457,1.166,channel6
458,1.172,channel6
459,1.124,channel6
460,1.116,channel6
461,1.104,channel6
462,1.147,channel6
463,1.113,channel6
464,1.125,channel6
465,1.117,channel6
466,1.184,channel6
467,1.261,channel6
468,1.336,channel6
469,1.376,channel6
470,1.403,channel6
471,1.455,channel6
472,1.408,channel6
473,1.41,channel6
474,1.384,channel6
475,1.399,channel6
476,1.396,channel6
477,1.437,channel6
478,1.409,channel6
479,1.428,channel6
480,1.386,channel6
481,1.394,channel6
482,1.401,channel6
483,1.431,channel6
484,1.402,channel6
485,1.437,channel6
486,1.448,channel6
487,1.444,channel6
488,1.398,channel6
489,1.399,channel6
490,1.405,channel6
491,1.432,channel6
492,1.403,channel6
493,1.414,channel6
494,1.427,channel6
495,1.406,channel6
496,1.44,channel6
497,1.495,channel6
498,1.503,channel6
499,1.532,channel6
500,1.495,channel6
501,1.499,channel6
502,1.461,channel6
503,1.394,channel6
504,1.338,channel6
505,1.307,channel6
506,1.322,channel6
507,1.352,channel6
508,1.422,channel6
509,1.481,channel6
510,1.449,channel6
511,1.472,channel6
512,1.469,channel6
513,1.489,channel6
514,1.555,channel6
515,1.638,channel6
516,1.695,channel6
517,1.653,channel6
518,1.695,channel6
519,1.722,channel6
520,1.713,channel6
521,1.627,channel6
522,1.553,channel6
523,1.544,channel6
524,1.503,channel6
525,1.512,channel6
526,1.504,channel6
527,1.434,channel6
528,1.443,channel6
529,1.503,channel6
530,1.499,channel6
531,1.476,channel6
532,1.533,channel6
533,1.545,channel6
534,1.478,channel6
535,1.47,channel6
536,1.477,channel6
537,1.522,channel6
538,1.525,channel6
539,1.51,channel6
540,1.567,channel6
541,1.594,channel6
542,1.624,channel6
543,1.751,channel6
544,1.725,channel6
545,1.676,channel6
546,1.685,channel6
547,1.598,channel6
548,1.518,channel6
549,1.532,channel6
550,1.555,channel6
551,1.59,channel6
552,1.539,channel6
553,1.548,channel6
554,1.491,channel6
555,1.479,channel6
556,1.515,channel6
557,1.463,channel6
558,1.453,channel6
559,1.442,channel6
560,1.486,channel6
561,1.469,channel6
562,1.529,channel6
563,1.573,channel6
564,1.609,channel6
565,1.647,channel6
566,1.609,channel6
567,1.649,channel6
568,1.652,channel6
569,1.68,channel6
570,1.702,channel6
571,1.713,channel6
572,1.675,channel6
573,1.712,channel6
574,1.744,channel6
575,1.758,channel6
576,1.765,channel6
577,1.806,channel6
578,1.802,channel6
579,1.848,channel6
580,1.938,channel6
581,2.03,channel6
582,2.077,channel6
583,2.027,channel6
584,2.003,channel6
585,1.911,channel6
586,1.842,channel6
587,1.846,channel6
588,1.832,channel6
589,1.895,channel6
590,1.92,channel6
591,1.875,channel6
592,1.873,channel6
593,1.875,channel6
594,1.889,channel6
595,1.892,channel6
596,1.838,channel6
597,1.822,channel6
598,1.832,channel6
599,1.877,channel6
600,1.936,channel6
601,1.923,channel6
602,1.978,channel6
603,2.019,channel6
604,1.997,channel6
605,2.014,channel6
606,1.954,channel6
607,1.906,channel6
608,1.901,channel6
609,1.914,channel6
610,1.862,channel6
611,1.759,channel6
612,1.758,channel6
613,1.734,channel6
614,1.749,channel6
615,1.802,channel6
616,1.833,channel6
617,1.877,channel6
618,1.942,channel6
619,1.926,channel6
620,1.896,channel6
621,1.902,channel6
622,1.948,channel6
623,2.039,channel6
624,2.084,channel6
625,2.147,channel6
626,2.167,channel6
627,2.226,channel6
628,2.276,channel6
629,2.178,channel6
630,2.194,channel6
631,2.185,channel6
632,2.105,channel6
633,2.1,channel6
634,2.058,channel6
635,2.03,channel6
636,2.078,channel6
637,2.11,channel6
638,2.152,channel6
639,2.229,channel6
640,2.223,channel6
641,2.344,channel6
642,2.296,channel6
643,2.227,channel6
644,2.248,channel6
645,2.357,channel6
646,2.56,channel6
647,2.635,channel6
648,2.633,channel6
649,3.067,channel6
650,2.922,channel6
651,2.708,channel6
652,2.75,channel6
653,2.932,channel6
654,2.793,channel6
655,2.627,channel6
656,2.483,channel6
657,2.357,channel6
658,2.262,channel6
659,2.21,channel6
660,2.116,channel6
661,2.083,channel6
662,2.149,channel6
663,2.208,channel6
664,2.247,channel6
665,2.224,channel6
666,2.292,channel6
667,2.362,channel6
668,2.293,channel6
669,2.313,channel6
670,2.344,channel6
671,2.31,channel6
672,2.219,channel6
673,2.196,channel6
674,2.288,channel6
675,2.41,channel6
676,2.415,channel6
677,2.532,channel6
678,2.501,channel6
679,2.606,channel6
680,2.684,channel6
681,2.787,channel6
682,2.899,channel6
683,2.856,channel6
684,2.814,channel6
685,2.896,channel6
686,2.786,channel6
687,2.79,channel6
688,2.846,channel6
689,2.86,channel6
690,2.807,channel6
691,2.851,channel6
692,2.943,channel6
693,2.998,channel6
694,3.015,channel6
695,3.023,channel6
696,3.016,channel6
697,3.083,channel6
698,3,channel6
699,2.889,channel6
700,2.791,channel6
701,2.628,channel6
702,2.48,channel6
703,2.351,channel6
704,2.24,channel6
705,2.201,channel6
706,2.184,channel6
707,2.161,channel6
708,2.179,channel6
709,2.226,channel6
710,2.219,channel6
711,2.249,channel6
712,2.24,channel6
713,2.237,channel6
714,2.291,channel6
715,2.254,channel6
716,2.303,channel6
717,2.304,channel6
718,2.295,channel6
719,2.242,channel6
720,2.11,channel6
721,2.025,channel6
722,2.115,channel6
723,2.174,channel6
724,2.256,channel6
725,2.316,channel6
726,2.4,channel6
727,2.496,channel6
728,2.517,channel6
729,2.516,channel6
730,2.548,channel6
731,2.643,channel6
732,2.776,channel6
733,2.838,channel6
734,2.808,channel6
735,2.957,channel6
736,3.106,channel6
737,3.2,channel6
738,3.353,channel6
739,3.35,channel6
740,3.256,channel6
741,3.105,channel6
742,3.015,channel6
743,3,channel6
744,2.984,channel6
745,3.072,channel6
746,3.197,channel6
747,3.011,channel6
748,2.877,channel6
749,2.857,channel6
750,2.799,channel6
751,2.901,channel6
752,2.869,channel6
753,3.002,channel6
754,3.007,channel6
755,2.889,channel6
756,2.892,channel6
757,2.814,channel6
758,2.788,channel6
759,2.769,channel6
760,2.821,channel6
761,2.898,channel6
762,3.069,channel6
763,3.158,channel6
764,3.101,channel6
765,3.09,channel6
766,3.028,channel6
767,2.929,channel6
768,2.977,channel6
769,2.95,channel6
770,3.064,channel6
771,3.133,channel6
772,3.043,channel6
773,2.991,channel6
774,2.955,channel6
775,2.995,channel6
776,2.974,channel6
777,3.078,channel6
778,3.111,channel6
779,3.111,channel6
780,3.224,channel6
781,3.284,channel6
782,3.225,channel6
783,3.28,channel6
784,3.33,channel6
785,3.391,channel6
786,3.502,channel6
787,3.6,channel6
788,3.611,channel6
789,3.769,channel6
790,3.832,channel6
791,3.983,channel6
792,3.984,channel6
793,4.015,channel6
794,4.03,channel6
795,4.03,channel6
796,4.064,channel6
797,4.092,channel6
798,4.099,channel6
799,4.014,channel6
800,3.86,channel6
801,3.806,channel6
802,3.765,channel6
803,3.74,channel6
804,3.719,channel6
805,3.705,channel6
806,3.669,channel6
807,3.984,channel6
808,3.792,channel6
809,3.647,channel6
810,3.431,channel6
811,3.028,channel6
812,2.807,channel6
813,2.534,channel6
814,2.272,channel6
815,2.095,channel6
816,1.967,channel6
817,1.785,channel6
818,1.753,channel6
819,1.636,channel6
820,1.678,channel6
821,1.657,channel6
822,1.601,channel6
823,1.767,channel6
824,1.857,channel6
825,1.908,channel6
826,1.853,channel6
827,1.904,channel6
828,1.897,channel6
829,1.939,channel6
830,1.843,channel6
831,1.921,channel6
832,1.952,channel6
833,1.885,channel6
834,1.982,channel6
835,2.064,channel6
836,2.02,channel6
837,2.04,channel6
838,2.042,channel6
839,2.023,channel6
840,2.085,channel6
841,2.292,channel6
842,2.333,channel6
843,2.504,channel6
844,2.619,channel6
845,2.738,channel6
846,2.721,channel6
847,2.699,channel6
848,2.607,channel6
849,2.583,channel6
850,2.469,channel6
851,2.392,channel6
852,2.493,channel6
853,2.547,channel6
854,2.628,channel6
855,2.581,channel6
856,2.58,channel6
857,2.555,channel6
858,2.497,channel6
859,2.498,channel6
860,2.48,channel6
861,2.41,channel6
862,2.393,channel6
863,2.474,channel6
864,2.574,channel6
865,2.69,channel6
866,2.705,channel6
867,2.648,channel6
868,2.579,channel6
869,2.616,channel6
870,2.604,channel6
871,2.601,channel6
872,2.55,channel6
873,2.56,channel6
874,2.593,channel6
875,2.671,channel6
876,2.761,channel6
877,2.716,channel6
878,2.659,channel6
879,2.598,channel6
880,2.61,channel6
881,2.538,channel6
882,2.641,channel6
883,2.676,channel6
884,2.73,channel6
885,2.774,channel6
886,2.839,channel6
887,2.789,channel6
888,2.839,channel6
889,2.869,channel6
890,2.881,channel6
891,2.843,channel6
892,2.918,channel6
893,2.906,channel6
894,2.838,channel6
895,2.731,channel6
896,2.665,channel6
897,2.7,channel6
898,2.68,channel6
899,2.749,channel6
900,2.766,channel6
901,2.71,channel6
902,2.716,channel6
903,2.736,channel6
904,2.774,channel6
905,2.73,channel6
906,2.791,channel6
907,2.717,channel6
908,2.662,channel6
909,2.672,channel6
910,2.709,channel6
911,2.813,channel6
912,2.778,channel6
913,2.712,channel6
914,2.771,channel6
915,2.867,channel6
916,2.842,channel6
917,2.801,channel6
918,2.795,channel6
919,2.928,channel6
920,2.913,channel6
921,2.861,channel6
922,2.823,channel6
923,2.962,channel6
924,2.967,channel6
925,2.972,channel6
926,3.085,channel6
927,3.1,channel6
928,3.12,channel6
929,3.125,channel6
930,3.122,channel6
931,3.122,channel6
932,3.159,channel6
933,3.125,channel6
934,3.175,channel6
935,3.403,channel6
936,3.521,channel6
937,3.561,channel6
938,3.554,channel6
939,3.587,channel6
940,3.718,channel6
941,3.841,channel6
942,3.883,channel6
943,3.938,channel6
944,4.047,channel6
945,4.018,channel6
946,4.01,channel6
947,3.852,channel6
948,3.836,channel6
949,3.894,channel6
950,3.76,channel6
951,3.651,channel6
952,3.529,channel6
953,3.631,channel6
954,3.704,channel6
955,3.729,channel6
956,3.73,channel6
957,3.753,channel6
958,3.701,channel6
959,3.619,channel6
960,3.605,channel6
961,3.709,channel6
962,3.745,channel6
963,3.717,channel6
964,3.609,channel6
965,3.467,channel6
966,3.358,channel6
967,3.373,channel6
968,3.45,channel6
969,3.396,channel6
970,3.422,channel6
971,3.375,channel6
972,3.414,channel6
973,3.308,channel6
974,3.227,channel6
975,3.251,channel6
976,3.266,channel6
977,3.186,channel6
978,3.27,channel6
979,3.308,channel6
980,3.395,channel6
981,3.403,channel6
982,3.346,channel6
983,3.39,channel6
984,3.45,channel6
985,3.444,channel6
986,3.504,channel6
987,3.662,channel6
988,3.781,channel6
989,3.847,channel6
990,3.877,channel6
991,3.937,channel6
992,3.941,channel6
993,3.897,channel6
994,3.891,channel6
995,3.811,channel6
996,3.788,channel6
997,3.761,channel6
998,3.679,channel6
999,3.665,channel6
1000,3.631,channel6
1001,3.558,channel6
1002,3.578,channel6
1003,3.598,channel6
1004,3.466,channel6
1005,3.357,channel6
1006,3.48,channel6
1007,3.458,channel6
1008,3.52,channel6
1009,3.553,channel6
1010,3.813,channel6
1011,3.826,channel6
1012,3.801,channel6
1013,3.818,channel6
1014,3.914,channel6
1015,3.897,channel6
1016,3.932,channel6
1017,3.853,channel6
1018,3.823,channel6
1019,3.812,channel6
1020,3.726,channel6
1021,3.528,channel6
1022,3.435,channel6
1023,3.367,channel6
1024,3.377,channel6
1025,3.387,channel6
1026,3.432,channel6
1027,3.364,channel6
1028,3.328,channel6
1029,3.187,channel6
1030,3.217,channel6
1031,3.266,channel6
1032,3.19,channel6
1033,3.204,channel6
1034,3.269,channel6
1035,3.333,channel6
1036,3.556,channel6
1037,3.624,channel6
1038,3.806,channel6
1039,3.778,channel6
1040,3.752,channel6
1041,3.661,channel6
1042,3.689,channel6
1043,3.699,channel6
1044,3.641,channel6
1045,3.596,channel6
1046,3.497,channel6
1047,3.591,channel6
1048,3.596,channel6
1049,3.651,channel6
1050,3.715,channel6
1051,3.903,channel6
1052,3.818,channel6
1053,3.877,channel6
1054,3.91,channel6
1055,3.78,channel6
1056,3.59,channel6
1057,3.439,channel6
1058,3.456,channel6
1059,3.686,channel6
1060,3.708,channel6
1061,3.623,channel6
1062,3.637,channel6
1063,3.525,channel6
1064,3.548,channel6
1065,3.572,channel6
1066,3.679,channel6
1067,3.619,channel6
1068,3.535,channel6
1069,3.506,channel6
1070,3.399,channel6
1071,3.324,channel6
1072,3.349,channel6
1073,3.367,channel6
1074,3.255,channel6
1075,3.243,channel6
1076,3.133,channel6
1077,3.185,channel6
1078,3.249,channel6
1079,3.179,channel6
1080,3.19,channel6
1081,3.135,channel6
1082,3.216,channel6
1083,3.319,channel6
1084,3.278,channel6
1085,3.309,channel6
1086,3.255,channel6
1087,3.272,channel6
1088,3.289,channel6
1089,3.339,channel6
1090,3.413,channel6
1091,3.493,channel6
1092,3.55,channel6
1093,3.589,channel6
1094,3.627,channel6
1095,3.604,channel6
1096,3.641,channel6
1097,3.632,channel6
1098,3.687,channel6
1099,3.695,channel6
1100,3.717,channel6
1101,3.65,channel6
1102,3.653,channel6
1103,3.667,channel6
1104,3.708,channel6
1105,3.771,channel6
1106,3.747,channel6
1107,3.769,channel6
1108,3.748,channel6
1109,3.724,channel6
1110,3.669,channel6
1111,3.593,channel6
1112,3.552,channel6
1113,3.464,channel6
1114,3.473,channel6
1115,3.508,channel6
1116,3.451,channel6
1117,3.456,channel6
1118,3.493,channel6
1119,3.499,channel6
1120,3.416,channel6
1121,3.334,channel6
1122,3.359,channel6
1123,3.257,channel6
1124,3.144,channel6
1125,3.089,channel6
1126,3.075,channel6
1127,3.02,channel6
1128,2.966,channel6
1129,2.918,channel6
1130,2.825,channel6
1131,2.778,channel6
1132,2.65,channel6
1133,2.479,channel6
1134,2.288,channel6
1135,2.151,channel6
1136,2.038,channel6
1137,2.018,channel6
1138,1.984,channel6
1139,2.001,channel6
1140,2.093,channel6
1141,2.231,channel6
1142,2.302,channel6
1143,2.336,channel6
1144,2.44,channel6
1145,2.4,channel6
1146,2.344,channel6
1147,2.451,channel6
1148,2.44,channel6
1149,2.375,channel6
1150,2.367,channel6
1151,2.463,channel6
1152,2.506,channel6
1153,2.565,channel6
1154,2.573,channel6
1155,2.664,channel6
1156,2.721,channel6
1157,2.762,channel6
1158,2.745,channel6
1159,2.862,channel6
1160,2.811,channel6
1161,2.806,channel6
1162,2.805,channel6
1163,2.791,channel6
1164,2.738,channel6
1165,2.649,channel6
1166,2.584,channel6
1167,2.544,channel6
1168,2.866,channel6
1169,2.746,channel6
1170,2.545,channel6
1171,2.419,channel6
1172,2.359,channel6
1173,2.354,channel6
1174,2.407,channel6
1175,2.435,channel6
1176,2.486,channel6
1177,2.382,channel6
1178,2.308,channel6
1179,2.351,channel6
1180,2.299,channel6
1181,2.168,channel6
1182,2.015,channel6
1183,1.959,channel6
1184,1.974,channel6
1185,1.986,channel6
1186,1.929,channel6
1187,1.959,channel6
1188,1.945,channel6
1189,1.906,channel6
1190,1.796,channel6
1191,1.714,channel6
1192,1.708,channel6
1193,1.602,channel6
1194,1.606,channel6
1195,1.693,channel6
1196,1.803,channel6
1197,1.896,channel6
1198,2.012,channel6
1199,2.021,channel6
1200,2.038,channel6
1201,2.07,channel6
1202,2.048,channel6
1203,2.139,channel6
1204,2.181,channel6
1205,2.269,channel6
1206,2.202,channel6
1207,2.263,channel6
1208,2.365,channel6
1209,2.425,channel6
1210,2.495,channel6
1211,2.554,channel6
1212,2.458,channel6
1213,2.378,channel6
1214,2.297,channel6
1215,2.243,channel6
1216,2.242,channel6
1217,2.165,channel6
1218,2.164,channel6
1219,2.204,channel6
1220,2.208,channel6
1221,2.259,channel6
1222,2.313,channel6
1223,2.269,channel6
1224,2.222,channel6
1225,2.244,channel6
1226,2.236,channel6
1227,2.266,channel6
1228,2.313,channel6
1229,2.247,channel6
1230,2.198,channel6
1231,2.166,channel6
1232,2.174,channel6
1233,2.087,channel6
1234,2.108,channel6
1235,2.131,channel6
1236,2.201,channel6
1237,2.254,channel6
1238,2.284,channel6
1239,2.372,channel6
1240,2.435,channel6
1241,2.433,channel6
1242,2.37,channel6
1243,2.306,channel6
1244,2.255,channel6
1245,2.269,channel6
1246,2.302,channel6
1247,2.279,channel6
1248,2.301,channel6
1249,2.358,channel6
1250,2.306,channel6
1251,2.313,channel6
1252,2.276,channel6
1253,2.372,channel6
1254,2.454,channel6
1255,2.431,channel6
1256,2.451,channel6
1257,2.382,channel6
1258,2.323,channel6
1259,2.363,channel6
1260,2.409,channel6
1261,2.393,channel6
1262,2.414,channel6
1263,2.341,channel6
1264,2.277,channel6
1265,2.269,channel6
1266,2.235,channel6
1267,2.323,channel6
1268,2.277,channel6
1269,2.312,channel6
1270,2.377,channel6
1271,2.38,channel6
1272,2.396,channel6
1273,2.345,channel6
1274,2.406,channel6
1275,2.639,channel6
1276,2.64,channel6
1277,2.544,channel6
1278,2.466,channel6
1279,2.503,channel6
1280,2.432,channel6
1281,2.474,channel6
1282,2.49,channel6
1283,2.524,channel6
1284,2.645,channel6
1285,2.622,channel6
1286,2.595,channel6
1287,2.52,channel6
1288,2.455,channel6
1289,2.47,channel6
1290,2.422,channel6
1291,2.508,channel6
1292,2.553,channel6
1293,2.527,channel6
1294,2.605,channel6
1295,2.567,channel6
1296,2.608,channel6
1297,2.633,channel6
1298,2.56,channel6
1299,2.487,channel6
1300,2.502,channel6
1301,2.526,channel6
1302,2.537,channel6
1303,2.594,channel6
1304,2.612,channel6
1305,2.661,channel6
1306,2.651,channel6
1307,2.701,channel6
1308,2.757,channel6
1309,2.823,channel6
1310,2.796,channel6
1311,2.835,channel6
1312,2.904,channel6
1313,2.935,channel6
1314,2.902,channel6
1315,2.871,channel6
1316,2.844,channel6
1317,2.773,channel6
1318,2.818,channel6
1319,2.838,channel6
1320,2.851,channel6
1321,2.793,channel6
1322,2.821,channel6
1323,2.828,channel6
1324,2.803,channel6
1325,2.785,channel6
1326,2.814,channel6
1327,2.784,channel6
1328,2.794,channel6
1329,2.815,channel6
1330,2.843,channel6
1331,2.843,channel6
1332,2.876,channel6
1333,2.811,channel6
1334,2.742,channel6
1335,2.735,channel6
1336,2.659,channel6
1337,2.567,channel6
1338,2.472,channel6
1339,2.372,channel6
1340,2.256,channel6
1341,2.268,channel6
1342,2.192,channel6
1343,2.139,channel6
1344,2.06,channel6
1345,2.059,channel6
1346,2.102,channel6
1347,2.094,channel6
1348,2.104,channel6
1349,2.132,channel6
1350,2.203,channel6
1351,2.259,channel6
1352,2.357,channel6
1353,2.38,channel6
1354,2.45,channel6
1355,2.527,channel6
1356,2.614,channel6
1357,2.679,channel6
1358,2.724,channel6
1359,2.788,channel6
1360,2.775,channel6
1361,2.817,channel6
1362,2.821,channel6
1363,2.791,channel6
1364,2.796,channel6
1365,2.766,channel6
1366,2.801,channel6
1367,2.676,channel6
1368,2.597,channel6
1369,2.619,channel6
1370,2.684,channel6
1371,2.724,channel6
1372,2.82,channel6
1373,2.745,channel6
1374,2.716,channel6
1375,2.69,channel6
1376,2.579,channel6
1377,2.574,channel6
1378,2.552,channel6
1379,2.521,channel6
1380,2.494,channel6
1381,2.513,channel6
1382,2.641,channel6
1383,2.545,channel6
1384,2.556,channel6
1385,2.536,channel6
1386,2.532,channel6
1387,2.466,channel6
1388,2.471,channel6
1389,2.493,channel6
1390,2.493,channel6
1391,2.461,channel6
1392,2.48,channel6
1393,2.482,channel6
1394,2.448,channel6
1395,2.46,channel6
1396,2.507,channel6
1397,2.49,channel6
1398,2.498,channel6
1399,2.447,channel6
1400,2.43,channel6
1401,2.372,channel6
1402,2.319,channel6
1403,2.363,channel6
1404,2.412,channel6
1405,2.36,channel6
1406,2.294,channel6
1407,2.098,channel6
1408,1.935,channel6
1409,1.799,channel6
1410,1.691,channel6
1411,1.613,channel6
1412,1.572,channel6
1413,1.539,channel6
1414,1.633,channel6
1415,1.808,channel6
1416,1.841,channel6
1417,1.943,channel6
1418,1.951,channel6
1419,2.043,channel6
1420,2.081,channel6
1421,2.112,channel6
1422,2.166,channel6
1423,2.158,channel6
1424,2.182,channel6
1425,2.148,channel6
1426,2.134,channel6
1427,2.113,channel6
1428,2.117,channel6
1429,2.108,channel6
1430,2.13,channel6
1431,2.179,channel6
1432,2.124,channel6
1433,2.085,channel6
1434,2.091,channel6
1435,2.116,channel6
1436,2.106,channel6
1437,2.089,channel6
1438,2.057,channel6
1439,2.069,channel6
1440,2.026,channel6
1441,2.025,channel6
1442,2.021,channel6
1443,1.999,channel6
1444,2.005,channel6
1445,2.063,channel6
1446,2.065,channel6
1447,2.174,channel6
1448,2.227,channel6
1449,2.207,channel6
1450,2.272,channel6
1451,2.335,channel6
1452,2.335,channel6
1453,2.37,channel6
1454,2.418,channel6
1455,2.455,channel6
1456,2.618,channel6
1457,2.718,channel6
1458,2.763,channel6
1459,2.822,channel6
1460,2.801,channel6
1461,2.804,channel6
1462,2.84,channel6
1463,2.812,channel6
1464,2.83,channel6
1465,2.853,channel6
1466,2.864,channel6
1467,2.922,channel6
1468,2.973,channel6
1469,2.955,channel6
1470,2.989,channel6
1471,3.01,channel6
1472,3.046,channel6
1473,3.024,channel6
1474,3.049,channel6
1475,3.086,channel6
1476,3.082,channel6
1477,3.12,channel6
1478,3.089,channel6
1479,3.109,channel6
1480,3.124,channel6
1481,3.113,channel6
1482,3.059,channel6
1483,3.064,channel6
1484,3.106,channel6
1485,3.088,channel6
1486,3.124,channel6
1487,3.095,channel6
1488,3.13,channel6
1489,3.201,channel6
1490,3.261,channel6
1491,3.275,channel6
1492,3.271,channel6
1493,3.316,channel6
1494,3.277,channel6
1495,3.256,channel6
1496,3.229,channel6
1497,3.167,channel6
1498,3.144,channel6
1499,3.111,channel6
1500,3.092,channel6
1501,3.093,channel6
1502,3.168,channel6
1503,3.166,channel6
1504,3.183,channel6
1505,3.246,channel6
1506,3.346,channel6
1507,3.379,channel6
1508,3.411,channel6
1509,3.526,channel6
1510,3.975,channel6
1511,4.152,channel6
1512,4.097,channel6
1513,4.114,channel6
1514,4.034,channel6
1515,3.955,channel6
1516,3.938,channel6
1517,3.982,channel6
1518,4.051,channel6
1519,4.214,channel6
1520,4.363,channel6
1521,4.464,channel6
1522,4.523,channel6
1523,4.88,channel6
1524,5.039,channel6
1525,4.979,channel6
1526,4.894,channel6
1527,4.8,channel6
1528,4.67,channel6
1529,4.499,channel6
1530,4.299,channel6
1531,4.108,channel6
1532,3.923,channel6
1533,3.826,channel6
1534,3.801,channel6
1535,3.747,channel6
1536,3.71,channel6
1537,3.642,channel6
1538,3.588,channel6
1539,3.699,channel6
1540,3.789,channel6
1541,3.95,channel6
1542,3.859,channel6
1543,3.76,channel6
1544,3.713,channel6
1545,3.848,channel6
1546,3.751,channel6
1547,3.593,channel6
1548,3.448,channel6
1549,3.286,channel6
1550,3.109,channel6
1551,2.985,channel6
1552,2.972,channel6
1553,3.12,channel6
1554,3.214,channel6
1555,3.275,channel6
1556,3.374,channel6
1557,3.454,channel6
1558,3.369,channel6
1559,3.308,channel6
1560,3.292,channel6
1561,3.241,channel6
1562,3.335,channel6
1563,3.38,channel6
1564,3.333,channel6
1565,3.313,channel6
1566,3.46,channel6
1567,3.588,channel6
1568,3.662,channel6
1569,3.625,channel6
1570,3.558,channel6
1571,3.468,channel6
1572,3.513,channel6
1573,3.544,channel6
1574,3.557,channel6
1575,3.505,channel6
1576,3.588,channel6
1577,3.566,channel6
1578,3.53,channel6
1579,3.465,channel6
1580,3.438,channel6
1581,3.488,channel6
1582,3.48,channel6
1583,3.685,channel6
1584,3.75,channel6
1585,3.842,channel6
1586,3.795,channel6
1587,3.713,channel6
1588,3.705,channel6
1589,3.756,channel6
1590,3.783,channel6
1591,3.712,channel6
1592,3.613,channel6
1593,3.495,channel6
1594,3.401,channel6
1595,3.39,channel6
1596,3.328,channel6
1597,3.284,channel6
1598,3.261,channel6
1599,3.201,channel6
1600,3.108,channel6
1601,3.068,channel6
1602,2.978,channel6
1603,2.874,channel6
1604,2.934,channel6
1605,2.87,channel6
1606,2.844,channel6
1607,2.898,channel6
1608,2.966,channel6
1609,2.948,channel6
1610,2.985,channel6
1611,3.119,channel6
1612,3.198,channel6
1613,3.172,channel6
1614,3.346,channel6
1615,3.363,channel6
1616,3.384,channel6
1617,3.482,channel6
1618,3.442,channel6
1619,3.536,channel6
1620,3.543,channel6
1621,3.54,channel6
1622,3.533,channel6
1,1.064,channel7
2,1.071,channel7
3,1.081,channel7
4,1.081,channel7
5,1.084,channel7
6,1.088,channel7
7,1.097,channel7
8,1.096,channel7
9,1.096,channel7
10,1.095,channel7
11,1.094,channel7
12,1.09,channel7
13,1.087,channel7
14,1.089,channel7
15,1.083,channel7
16,1.08,channel7
17,1.075,channel7
18,1.07,channel7
19,1.067,channel7
20,1.064,channel7
21,1.067,channel7
22,1.062,channel7
23,1.06,channel7
24,1.054,channel7
25,1.05,channel7
26,1.042,channel7
27,1.086,channel7
28,1.081,channel7
29,1.078,channel7
30,1.073,channel7
31,1.069,channel7
32,1.062,channel7
33,1.052,channel7
34,1.044,channel7
35,1.04,channel7
36,1.03,channel7
37,1.014,channel7
38,1.001,channel7
39,0.993,channel7
40,0.989,channel7
41,0.984,channel7
42,0.982,channel7
43,0.981,channel7
44,0.983,channel7
45,0.986,channel7
46,0.992,channel7
47,0.985,channel7
48,0.981,channel7
49,0.978,channel7
50,0.976,channel7
51,0.981,channel7
52,0.995,channel7
53,0.999,channel7
54,1.01,channel7
55,1.015,channel7
56,1.021,channel7
57,1.024,channel7
58,1.024,channel7
59,1.025,channel7
60,1.023,channel7
61,1.028,channel7
62,1.037,channel7
63,1.049,channel7
64,1.051,channel7
65,1.067,channel7
66,1.072,channel7
67,1.072,channel7
68,1.079,channel7
69,1.081,channel7
70,1.096,channel7
71,1.126,channel7
72,1.132,channel7
73,1.134,channel7
74,1.134,channel7
75,1.131,channel7
76,1.129,channel7
77,1.123,channel7
78,1.114,channel7
79,1.109,channel7
80,1.103,channel7
81,1.096,channel7
82,1.093,channel7
83,1.105,channel7
84,1.111,channel7
85,1.105,channel7
86,1.1,channel7
87,1.116,channel7
88,1.135,channel7
89,1.147,channel7
90,1.159,channel7
91,1.146,channel7
92,1.146,channel7
93,1.146,channel7
94,1.143,channel7
95,1.138,channel7
96,1.142,channel7
97,1.139,channel7
98,1.133,channel7
99,1.129,channel7
100,1.132,channel7
101,1.133,channel7
102,1.129,channel7
103,1.12,channel7
104,1.121,channel7
105,1.132,channel7
106,1.149,channel7
107,1.168,channel7
108,1.192,channel7
109,1.208,channel7
110,1.221,channel7
111,1.231,channel7
112,1.247,channel7
113,1.254,channel7
114,1.253,channel7
115,1.249,channel7
116,1.246,channel7
117,1.243,channel7
118,1.235,channel7
119,1.227,channel7
120,1.214,channel7
121,1.202,channel7
122,1.19,channel7
123,1.179,channel7
124,1.174,channel7
125,1.168,channel7
126,1.162,channel7
127,1.154,channel7
128,1.149,channel7
129,1.145,channel7
130,1.143,channel7
131,1.132,channel7
132,1.131,channel7
133,1.124,channel7
134,1.117,channel7
135,1.108,channel7
136,1.099,channel7
137,1.096,channel7
138,1.092,channel7
139,1.092,channel7
140,1.093,channel7
141,1.099,channel7
142,1.1,channel7
143,1.109,channel7
144,1.11,channel7
145,1.116,channel7
146,1.134,channel7
147,1.132,channel7
148,1.129,channel7
149,1.122,channel7
150,1.12,channel7
151,1.12,channel7
152,1.132,channel7
153,1.155,channel7
154,1.162,channel7
155,1.173,channel7
156,1.198,channel7
157,1.214,channel7
158,1.241,channel7
159,1.282,channel7
160,1.302,channel7
161,1.306,channel7
162,1.308,channel7
163,1.308,channel7
164,1.306,channel7
165,1.297,channel7
166,1.296,channel7
167,1.291,channel7
168,1.284,channel7
169,1.267,channel7
170,1.258,channel7
171,1.253,channel7
172,1.247,channel7
173,1.243,channel7
174,1.242,channel7
175,1.235,channel7
176,1.229,channel7
177,1.225,channel7
178,1.22,channel7
179,1.217,channel7
180,1.22,channel7
181,1.224,channel7
182,1.228,channel7
183,1.226,channel7
184,1.22,channel7
185,1.224,channel7
186,1.233,channel7
187,1.231,channel7
188,1.244,channel7
189,1.252,channel7
190,1.262,channel7
191,1.27,channel7
192,1.268,channel7
193,1.27,channel7
194,1.268,channel7
195,1.267,channel7
196,1.265,channel7
197,1.264,channel7
198,1.263,channel7
199,1.264,channel7
200,1.259,channel7
201,1.26,channel7
202,1.264,channel7
203,1.266,channel7
204,1.256,channel7
205,1.248,channel7
206,1.242,channel7
207,1.236,channel7
208,1.236,channel7
209,1.235,channel7
210,1.234,channel7
211,1.228,channel7
212,1.223,channel7
213,1.218,channel7
214,1.215,channel7
215,1.208,channel7
216,1.208,channel7
217,1.221,channel7
218,1.22,channel7
219,1.219,channel7
220,1.215,channel7
221,1.204,channel7
222,1.201,channel7
223,1.198,channel7
224,1.191,channel7
225,1.192,channel7
226,1.193,channel7
227,1.202,channel7
228,1.232,channel7
229,1.233,channel7
230,1.241,channel7
231,1.241,channel7
232,1.238,channel7
233,1.237,channel7
234,1.233,channel7
235,1.223,channel7
236,1.218,channel7
237,1.213,channel7
238,1.209,channel7
239,1.197,channel7
240,1.189,channel7
241,1.184,channel7
242,1.181,channel7
243,1.174,channel7
244,1.172,channel7
245,1.164,channel7
246,1.155,channel7
247,1.143,channel7
248,1.14,channel7
249,1.135,channel7
250,1.128,channel7
251,1.118,channel7
252,1.112,channel7
253,1.094,channel7
254,1.092,channel7
255,1.08,channel7
256,1.069,channel7
257,1.064,channel7
258,1.061,channel7
259,1.049,channel7
260,1.038,channel7
261,1.056,channel7
262,1.061,channel7
263,1.058,channel7
264,1.052,channel7
265,1.058,channel7
266,1.057,channel7
267,1.065,channel7
268,1.045,channel7
269,1.042,channel7
270,1.043,channel7
271,1.042,channel7
272,1.046,channel7
273,1.041,channel7
274,1.036,channel7
275,1.035,channel7
276,1.033,channel7
277,1.036,channel7
278,1.03,channel7
279,1.022,channel7
280,1.017,channel7
281,1.012,channel7
282,1.01,channel7
283,0.999,channel7
284,0.989,channel7
285,0.989,channel7
286,0.989,channel7
287,0.995,channel7
288,1.003,channel7
289,1.015,channel7
290,1.014,channel7
291,1.007,channel7
292,1.002,channel7
293,0.998,channel7
294,0.991,channel7
295,0.981,channel7
296,0.971,channel7
297,0.96,channel7
298,0.948,channel7
299,0.944,channel7
300,0.94,channel7
301,0.939,channel7
302,0.94,channel7
303,0.945,channel7
304,0.939,channel7
305,0.934,channel7
306,0.935,channel7
307,0.932,channel7
308,0.926,channel7
309,0.921,channel7
310,0.92,channel7
311,0.956,channel7
312,0.992,channel7
313,1.039,channel7
314,1.068,channel7
315,1.081,channel7
316,1.087,channel7
317,1.094,channel7
318,1.094,channel7
319,1.098,channel7
320,1.1,channel7
321,1.101,channel7
322,1.102,channel7
323,1.098,channel7
324,1.096,channel7
325,1.097,channel7
326,1.09,channel7
327,1.101,channel7
328,1.118,channel7
329,1.14,channel7
330,1.156,channel7
331,1.162,channel7
332,1.177,channel7
333,1.194,channel7
334,1.202,channel7
335,1.21,channel7
336,1.212,channel7
337,1.224,channel7
338,1.241,channel7
339,1.252,channel7
340,1.253,channel7
341,1.25,channel7
342,1.247,channel7
343,1.24,channel7
344,1.235,channel7
345,1.231,channel7
346,1.241,channel7
347,1.254,channel7
348,1.274,channel7
349,1.276,channel7
350,1.273,channel7
351,1.271,channel7
352,1.271,channel7
353,1.271,channel7
354,1.265,channel7
355,1.265,channel7
356,1.296,channel7
357,1.305,channel7
358,1.318,channel7
359,1.348,channel7
360,1.383,channel7
361,1.4,channel7
362,1.49,channel7
363,1.514,channel7
364,1.523,channel7
365,1.511,channel7
366,1.499,channel7
367,1.479,channel7
368,1.454,channel7
369,1.434,channel7
370,1.425,channel7
371,1.443,channel7
372,1.485,channel7
373,1.5,channel7
374,1.493,channel7
375,1.509,channel7
376,1.519,channel7
377,1.561,channel7
378,1.569,channel7
379,1.577,channel7
380,1.575,channel7
381,1.556,channel7
382,1.537,channel7
383,1.507,channel7
384,1.474,channel7
385,1.463,channel7
386,1.462,channel7
387,1.465,channel7
388,1.474,channel7
389,1.503,channel7
390,1.508,channel7
391,1.51,channel7
392,1.489,channel7
393,1.465,channel7
394,1.487,channel7
395,1.481,channel7
396,1.482,channel7
397,1.471,channel7
398,1.466,channel7
399,1.457,channel7
400,1.458,channel7
401,1.443,channel7
402,1.417,channel7
403,1.38,channel7
404,1.371,channel7
405,1.363,channel7
406,1.376,channel7
407,1.438,channel7
408,1.457,channel7
409,1.451,channel7
410,1.436,channel7
411,1.448,channel7
412,1.442,channel7
413,1.418,channel7
414,1.405,channel7
415,1.388,channel7
416,1.381,channel7
417,1.372,channel7
418,1.4,channel7
419,1.459,channel7
420,1.57,channel7
421,1.589,channel7
422,1.592,channel7
423,1.623,channel7
424,1.629,channel7
425,1.616,channel7
426,1.62,channel7
427,1.601,channel7
428,1.566,channel7
429,1.541,channel7
430,1.495,channel7
431,1.434,channel7
432,1.368,channel7
433,1.335,channel7
434,1.315,channel7
435,1.308,channel7
436,1.308,channel7
437,1.321,channel7
438,1.352,channel7
439,1.371,channel7
440,1.421,channel7
441,1.425,channel7
442,1.438,channel7
443,1.413,channel7
444,1.361,channel7
445,1.314,channel7
446,1.28,channel7
447,1.223,channel7
448,1.195,channel7
449,1.161,channel7
450,1.132,channel7
451,1.121,channel7
452,1.088,channel7
453,1.073,channel7
454,1.062,channel7
455,1.05,channel7
456,1.047,channel7
457,1.079,channel7
458,1.098,channel7
459,1.103,channel7
460,1.091,channel7
461,1.088,channel7
462,1.087,channel7
463,1.088,channel7
464,1.1,channel7
465,1.101,channel7
466,1.113,channel7
467,1.208,channel7
468,1.262,channel7
469,1.318,channel7
470,1.338,channel7
471,1.382,channel7
472,1.389,channel7
473,1.386,channel7
474,1.378,channel7
475,1.374,channel7
476,1.367,channel7
477,1.367,channel7
478,1.363,channel7
479,1.359,channel7
480,1.349,channel7
481,1.34,channel7
482,1.335,channel7
483,1.337,channel7
484,1.333,channel7
485,1.343,channel7
486,1.36,channel7
487,1.354,channel7
488,1.356,channel7
489,1.347,channel7
490,1.353,channel7
491,1.354,channel7
492,1.354,channel7
493,1.353,channel7
494,1.362,channel7
495,1.367,channel7
496,1.389,channel7
497,1.411,channel7
498,1.42,channel7
499,1.447,channel7
500,1.443,channel7
501,1.432,channel7
502,1.42,channel7
503,1.397,channel7
504,1.376,channel7
505,1.367,channel7
506,1.357,channel7
507,1.348,channel7
508,1.384,channel7
509,1.432,channel7
510,1.445,channel7
511,1.443,channel7
512,1.45,channel7
513,1.457,channel7
514,1.514,channel7
515,1.6,channel7
516,1.624,channel7
517,1.625,channel7
518,1.622,channel7
519,1.635,channel7
520,1.655,channel7
521,1.632,channel7
522,1.604,channel7
523,1.572,channel7
524,1.533,channel7
525,1.504,channel7
526,1.481,channel7
527,1.448,channel7
528,1.418,channel7
529,1.414,channel7
530,1.414,channel7
531,1.407,channel7
532,1.42,channel7
533,1.445,channel7
534,1.438,channel7
535,1.425,channel7
536,1.43,channel7
537,1.476,channel7
538,1.489,channel7
539,1.483,channel7
540,1.488,channel7
541,1.527,channel7
542,1.561,channel7
543,1.642,channel7
544,1.634,channel7
545,1.611,channel7
546,1.58,channel7
547,1.541,channel7
548,1.496,channel7
549,1.468,channel7
550,1.47,channel7
551,1.47,channel7
552,1.455,channel7
553,1.447,channel7
554,1.431,channel7
555,1.432,channel7
556,1.445,channel7
557,1.439,channel7
558,1.428,channel7
559,1.424,channel7
560,1.446,channel7
561,1.449,channel7
562,1.477,channel7
563,1.53,channel7
564,1.571,channel7
565,1.584,channel7
566,1.588,channel7
567,1.591,channel7
568,1.594,channel7
569,1.611,channel7
570,1.623,channel7
571,1.654,channel7
572,1.651,channel7
573,1.67,channel7
574,1.682,channel7
575,1.712,channel7
576,1.705,channel7
577,1.742,channel7
578,1.736,channel7
579,1.769,channel7
580,1.858,channel7
581,1.924,channel7
582,1.972,channel7
583,1.965,channel7
584,1.95,channel7
585,1.923,channel7
586,1.878,channel7
587,1.85,channel7
588,1.825,channel7
589,1.845,channel7
590,1.858,channel7
591,1.846,channel7
592,1.831,channel7
593,1.823,channel7
594,1.824,channel7
595,1.843,channel7
596,1.821,channel7
597,1.795,channel7
598,1.786,channel7
599,1.798,channel7
600,1.864,channel7
601,1.879,channel7
602,1.925,channel7
603,1.954,channel7
604,1.957,channel7
605,1.959,channel7
606,1.94,channel7
607,1.912,channel7
608,1.886,channel7
609,1.882,channel7
610,1.853,channel7
611,1.803,channel7
612,1.76,channel7
613,1.743,channel7
614,1.713,channel7
615,1.741,channel7
616,1.788,channel7
617,1.83,channel7
618,1.883,channel7
619,1.875,channel7
620,1.854,channel7
621,1.848,channel7
622,1.865,channel7
623,1.942,channel7
624,2.009,channel7
625,2.064,channel7
626,2.121,channel7
627,2.182,channel7
628,2.226,channel7
629,2.202,channel7
630,2.183,channel7
631,2.175,channel7
632,2.136,channel7
633,2.105,channel7
634,2.064,channel7
635,2.038,channel7
636,2.069,channel7
637,2.086,channel7
638,2.12,channel7
639,2.156,channel7
640,2.158,channel7
641,2.276,channel7
642,2.267,channel7
643,2.248,channel7
644,2.224,channel7
645,2.323,channel7
646,2.529,channel7
647,2.595,channel7
648,2.571,channel7
649,2.957,channel7
650,2.851,channel7
651,2.699,channel7
652,2.766,channel7
653,2.952,channel7
654,2.896,channel7
655,2.771,channel7
656,2.643,channel7
657,2.5,channel7
658,2.378,channel7
659,2.292,channel7
660,2.199,channel7
661,2.143,channel7
662,2.121,channel7
663,2.188,channel7
664,2.209,channel7
665,2.189,channel7
666,2.231,channel7
667,2.315,channel7
668,2.31,channel7
669,2.324,channel7
670,2.319,channel7
671,2.307,channel7
672,2.255,channel7
673,2.211,channel7
674,2.196,channel7
675,2.288,channel7
676,2.335,channel7
677,2.519,channel7
678,2.5,channel7
679,2.614,channel7
680,2.737,channel7
681,2.826,channel7
682,2.923,channel7
683,2.9,channel7
684,2.857,channel7
685,2.874,channel7
686,2.825,channel7
687,2.78,channel7
688,2.807,channel7
689,2.848,channel7
690,2.819,channel7
691,2.802,channel7
692,2.868,channel7
693,2.893,channel7
694,2.905,channel7
695,2.937,channel7
696,2.948,channel7
697,2.982,channel7
698,2.929,channel7
699,2.865,channel7
700,2.781,channel7
701,2.669,channel7
702,2.553,channel7
703,2.431,channel7
704,2.315,channel7
705,2.231,channel7
706,2.187,channel7
707,2.157,channel7
708,2.135,channel7
709,2.147,channel7
710,2.125,channel7
711,2.153,channel7
712,2.158,channel7
713,2.165,channel7
714,2.227,channel7
715,2.243,channel7
716,2.241,channel7
717,2.258,channel7
718,2.245,channel7
719,2.217,channel7
720,2.158,channel7
721,2.099,channel7
722,2.062,channel7
723,2.09,channel7
724,2.135,channel7
725,2.175,channel7
726,2.279,channel7
727,2.412,channel7
728,2.447,channel7
729,2.453,channel7
730,2.487,channel7
731,2.612,channel7
732,2.721,channel7
733,2.809,channel7
734,2.803,channel7
735,2.901,channel7
736,2.917,channel7
737,2.961,channel7
738,3.141,channel7
739,3.116,channel7
740,3.068,channel7
741,3.01,channel7
742,2.95,channel7
743,2.927,channel7
744,2.899,channel7
745,2.905,channel7
746,2.969,channel7
747,2.914,channel7
748,2.841,channel7
749,2.797,channel7
750,2.731,channel7
751,2.73,channel7
752,2.702,channel7
753,2.707,channel7
754,2.743,channel7
755,2.729,channel7
756,2.755,channel7
757,2.752,channel7
758,2.719,channel7
759,2.695,channel7
760,2.753,channel7
761,2.785,channel7
762,2.944,channel7
763,3.032,channel7
764,3.021,channel7
765,3.018,channel7
766,2.987,channel7
767,2.927,channel7
768,2.901,channel7
769,2.889,channel7
770,2.971,channel7
771,3.029,channel7
772,3.009,channel7
773,2.957,channel7
774,2.928,channel7
775,2.924,channel7
776,2.904,channel7
777,2.993,channel7
778,3.108,channel7
779,3.139,channel7
780,3.181,channel7
781,3.228,channel7
782,3.218,channel7
783,3.258,channel7
784,3.304,channel7
785,3.336,channel7
786,3.462,channel7
787,3.558,channel7
788,3.56,channel7
789,3.669,channel7
790,3.742,channel7
791,3.881,channel7
792,3.9,channel7
793,3.963,channel7
794,3.99,channel7
795,3.973,channel7
796,3.983,channel7
797,4.013,channel7
798,4.025,channel7
799,3.996,channel7
800,3.912,channel7
801,3.819,channel7
802,3.739,channel7
803,3.653,channel7
804,3.575,channel7
805,3.631,channel7
806,3.605,channel7
807,3.812,channel7
808,3.733,channel7
809,3.654,channel7
810,3.491,channel7
811,3.047,channel7
812,2.791,channel7
813,2.515,channel7
814,2.284,channel7
815,2.153,channel7
816,2.014,channel7
817,1.86,channel7
818,1.788,channel7
819,1.697,channel7
820,1.615,channel7
821,1.607,channel7
822,1.555,channel7
823,1.604,channel7
824,1.701,channel7
825,1.784,channel7
826,1.783,channel7
827,1.858,channel7
828,1.893,channel7
829,1.894,channel7
830,1.842,channel7
831,1.886,channel7
832,1.875,channel7
833,1.865,channel7
834,1.932,channel7
835,2.024,channel7
836,2.01,channel7
837,2.018,channel7
838,2.024,channel7
839,2.003,channel7
840,2.012,channel7
841,2.189,channel7
842,2.269,channel7
843,2.374,channel7
844,2.44,channel7
845,2.529,channel7
846,2.587,channel7
847,2.616,channel7
848,2.572,channel7
849,2.517,channel7
850,2.441,channel7
851,2.378,channel7
852,2.423,channel7
853,2.488,channel7
854,2.58,channel7
855,2.57,channel7
856,2.545,channel7
857,2.517,channel7
858,2.462,channel7
859,2.437,channel7
860,2.413,channel7
861,2.366,channel7
862,2.344,channel7
863,2.373,channel7
864,2.494,channel7
865,2.603,channel7
866,2.619,channel7
867,2.586,channel7
868,2.557,channel7
869,2.566,channel7
870,2.555,channel7
871,2.575,channel7
872,2.532,channel7
873,2.502,channel7
874,2.523,channel7
875,2.582,channel7
876,2.673,channel7
877,2.674,channel7
878,2.646,channel7
879,2.598,channel7
880,2.573,channel7
881,2.54,channel7
882,2.59,channel7
883,2.654,channel7
884,2.704,channel7
885,2.743,channel7
886,2.752,channel7
887,2.74,channel7
888,2.773,channel7
889,2.81,channel7
890,2.805,channel7
891,2.787,channel7
892,2.836,channel7
893,2.845,channel7
894,2.82,channel7
895,2.756,channel7
896,2.701,channel7
897,2.668,channel7
898,2.635,channel7
899,2.654,channel7
900,2.668,channel7
901,2.637,channel7
902,2.621,channel7
903,2.612,channel7
904,2.65,channel7
905,2.64,channel7
906,2.698,channel7
907,2.671,channel7
908,2.621,channel7
909,2.584,channel7
910,2.574,channel7
911,2.594,channel7
912,2.642,channel7
913,2.619,channel7
914,2.645,channel7
915,2.732,channel7
916,2.736,channel7
917,2.718,channel7
918,2.699,channel7
919,2.741,channel7
920,2.78,channel7
921,2.752,channel7
922,2.727,channel7
923,2.86,channel7
924,2.884,channel7
925,2.887,channel7
926,2.955,channel7
927,2.98,channel7
928,2.992,channel7
929,3.017,channel7
930,3.022,channel7
931,2.996,channel7
932,3.033,channel7
933,3.058,channel7
934,3.087,channel7
935,3.305,channel7
936,3.461,channel7
937,3.495,channel7
938,3.48,channel7
939,3.521,channel7
940,3.605,channel7
941,3.724,channel7
942,3.781,channel7
943,3.781,channel7
944,3.866,channel7
945,3.872,channel7
946,3.881,channel7
947,3.771,channel7
948,3.683,channel7
949,3.64,channel7
950,3.618,channel7
951,3.57,channel7
952,3.504,channel7
953,3.469,channel7
954,3.563,channel7
955,3.627,channel7
956,3.659,channel7
957,3.662,channel7
958,3.617,channel7
959,3.55,channel7
960,3.523,channel7
961,3.533,channel7
962,3.554,channel7
963,3.532,channel7
964,3.473,channel7
965,3.371,channel7
966,3.299,channel7
967,3.283,channel7
968,3.361,channel7
969,3.362,channel7
970,3.322,channel7
971,3.286,channel7
972,3.294,channel7
973,3.225,channel7
974,3.176,channel7
975,3.153,channel7
976,3.149,channel7
977,3.103,channel7
978,3.119,channel7
979,3.158,channel7
980,3.263,channel7
981,3.273,channel7
982,3.29,channel7
983,3.354,channel7
984,3.411,channel7
985,3.493,channel7
986,3.541,channel7
987,3.619,channel7
988,3.667,channel7
989,3.707,channel7
990,3.759,channel7
991,3.82,channel7
992,3.864,channel7
993,3.881,channel7
994,3.864,channel7
995,3.81,channel7
996,3.747,channel7
997,3.685,channel7
998,3.62,channel7
999,3.551,channel7
1000,3.483,channel7
1001,3.433,channel7
1002,3.372,channel7
1003,3.329,channel7
1004,3.257,channel7
1005,3.187,channel7
1006,3.224,channel7
1007,3.263,channel7
1008,3.356,channel7
1009,3.374,channel7
1010,3.476,channel7
1011,3.552,channel7
1012,3.61,channel7
1013,3.646,channel7
1014,3.709,channel7
1015,3.706,channel7
1016,3.721,channel7
1017,3.666,channel7
1018,3.62,channel7
1019,3.603,channel7
1020,3.61,channel7
1021,3.514,channel7
1022,3.404,channel7
1023,3.337,channel7
1024,3.271,channel7
1025,3.233,channel7
1026,3.24,channel7
1027,3.227,channel7
1028,3.193,channel7
1029,3.112,channel7
1030,3.125,channel7
1031,3.177,channel7
1032,3.235,channel7
1033,3.232,channel7
1034,3.22,channel7
1035,3.232,channel7
1036,3.401,channel7
1037,3.451,channel7
1038,3.602,channel7
1039,3.694,channel7
1040,3.647,channel7
1041,3.611,channel7
1042,3.593,channel7
1043,3.575,channel7
1044,3.552,channel7
1045,3.504,channel7
1046,3.436,channel7
1047,3.397,channel7
1048,3.369,channel7
1049,3.371,channel7
1050,3.437,channel7
1051,3.462,channel7
1052,3.438,channel7
1053,3.413,channel7
1054,3.415,channel7
1055,3.453,channel7
1056,3.452,channel7
1057,3.385,channel7
1058,3.368,channel7
1059,3.518,channel7
1060,3.58,channel7
1061,3.552,channel7
1062,3.52,channel7
1063,3.464,channel7
1064,3.449,channel7
1065,3.459,channel7
1066,3.484,channel7
1067,3.454,channel7
1068,3.379,channel7
1069,3.308,channel7
1070,3.254,channel7
1071,3.206,channel7
1072,3.188,channel7
1073,3.208,channel7
1074,3.151,channel7
1075,3.112,channel7
1076,3.057,channel7
1077,3.084,channel7
1078,3.216,channel7
1079,3.203,channel7
1080,3.18,channel7
1081,3.124,channel7
1082,3.139,channel7
1083,3.197,channel7
1084,3.2,channel7
1085,3.185,channel7
1086,3.181,channel7
1087,3.171,channel7
1088,3.162,channel7
1089,3.163,channel7
1090,3.257,channel7
1091,3.287,channel7
1092,3.303,channel7
1093,3.328,channel7
1094,3.358,channel7
1095,3.395,channel7
1096,3.418,channel7
1097,3.469,channel7
1098,3.548,channel7
1099,3.568,channel7
1100,3.568,channel7
1101,3.543,channel7
1102,3.515,channel7
1103,3.517,channel7
1104,3.512,channel7
1105,3.517,channel7
1106,3.495,channel7
1107,3.505,channel7
1108,3.571,channel7
1109,3.56,channel7
1110,3.539,channel7
1111,3.517,channel7
1112,3.47,channel7
1113,3.429,channel7
1114,3.385,channel7
1115,3.351,channel7
1116,3.343,channel7
1117,3.319,channel7
1118,3.296,channel7
1119,3.302,channel7
1120,3.253,channel7
1121,3.209,channel7
1122,3.238,channel7
1123,3.193,channel7
1124,3.093,channel7
1125,2.999,channel7
1126,2.917,channel7
1127,2.857,channel7
1128,2.811,channel7
1129,2.761,channel7
1130,2.683,channel7
1131,2.621,channel7
1132,2.529,channel7
1133,2.418,channel7
1134,2.265,channel7
1135,2.163,channel7
1136,2.082,channel7
1137,2,channel7
1138,1.933,channel7
1139,1.939,channel7
1140,1.949,channel7
1141,2.07,channel7
1142,2.16,channel7
1143,2.195,channel7
1144,2.301,channel7
1145,2.313,channel7
1146,2.306,channel7
1147,2.275,channel7
1148,2.273,channel7
1149,2.271,channel7
1150,2.275,channel7
1151,2.328,channel7
1152,2.391,channel7
1153,2.468,channel7
1154,2.522,channel7
1155,2.552,channel7
1156,2.572,channel7
1157,2.567,channel7
1158,2.623,channel7
1159,2.678,channel7
1160,2.662,channel7
1161,2.631,channel7
1162,2.61,channel7
1163,2.617,channel7
1164,2.577,channel7
1165,2.53,channel7
1166,2.485,channel7
1167,2.43,channel7
1168,2.429,channel7
1169,2.379,channel7
1170,2.291,channel7
1171,2.231,channel7
1172,2.186,channel7
1173,2.12,channel7
1174,2.109,channel7
1175,2.132,channel7
1176,2.148,channel7
1177,2.1,channel7
1178,2.046,channel7
1179,2.018,channel7
1180,2.07,channel7
1181,2.027,channel7
1182,1.956,channel7
1183,1.929,channel7
1184,1.921,channel7
1185,1.892,channel7
1186,1.887,channel7
1187,1.865,channel7
1188,1.854,channel7
1189,1.831,channel7
1190,1.778,channel7
1191,1.734,channel7
1192,1.697,channel7
1193,1.667,channel7
1194,1.632,channel7
1195,1.631,channel7
1196,1.662,channel7
1197,1.706,channel7
1198,1.85,channel7
1199,1.91,channel7
1200,1.969,channel7
1201,1.973,channel7
1202,1.94,channel7
1203,2.013,channel7
1204,2.019,channel7
1205,2.099,channel7
1206,2.094,channel7
1207,2.093,channel7
1208,2.171,channel7
1209,2.198,channel7
1210,2.25,channel7
1211,2.243,channel7
1212,2.203,channel7
1213,2.204,channel7
1214,2.18,channel7
1215,2.152,channel7
1216,2.115,channel7
1217,2.088,channel7
1218,2.054,channel7
1219,2.038,channel7
1220,2.052,channel7
1221,2.076,channel7
1222,2.118,channel7
1223,2.113,channel7
1224,2.085,channel7
1225,2.079,channel7
1226,2.076,channel7
1227,2.12,channel7
1228,2.152,channel7
1229,2.153,channel7
1230,2.165,channel7
1231,2.153,channel7
1232,2.127,channel7
1233,2.087,channel7
1234,2.032,channel7
1235,2.021,channel7
1236,2.092,channel7
1237,2.118,channel7
1238,2.164,channel7
1239,2.191,channel7
1240,2.258,channel7
1241,2.277,channel7
1242,2.251,channel7
1243,2.233,channel7
1244,2.2,channel7
1245,2.183,channel7
1246,2.19,channel7
1247,2.181,channel7
1248,2.181,channel7
1249,2.205,channel7
1250,2.188,channel7
1251,2.186,channel7
1252,2.199,channel7
1253,2.236,channel7
1254,2.303,channel7
1255,2.352,channel7
1256,2.337,channel7
1257,2.309,channel7
1258,2.28,channel7
1259,2.242,channel7
1260,2.261,channel7
1261,2.268,channel7
1262,2.285,channel7
1263,2.255,channel7
1264,2.208,channel7
1265,2.169,channel7
1266,2.124,channel7
1267,2.149,channel7
1268,2.147,channel7
1269,2.186,channel7
1270,2.203,channel7
1271,2.273,channel7
1272,2.266,channel7
1273,2.238,channel7
1274,2.274,channel7
1275,2.621,channel7
1276,2.616,channel7
1277,2.582,channel7
1278,2.541,channel7
1279,2.501,channel7
1280,2.435,channel7
1281,2.382,channel7
1282,2.345,channel7
1283,2.338,channel7
1284,2.372,channel7
1285,2.422,channel7
1286,2.406,channel7
1287,2.381,channel7
1288,2.37,channel7
1289,2.338,channel7
1290,2.289,channel7
1291,2.294,channel7
1292,2.36,channel7
1293,2.364,channel7
1294,2.398,channel7
1295,2.431,channel7
1296,2.468,channel7
1297,2.49,channel7
1298,2.453,channel7
1299,2.4,channel7
1300,2.374,channel7
1301,2.402,channel7
1302,2.397,channel7
1303,2.427,channel7
1304,2.504,channel7
1305,2.551,channel7
1306,2.545,channel7
1307,2.616,channel7
1308,2.666,channel7
1309,2.705,channel7
1310,2.705,channel7
1311,2.675,channel7
1312,2.739,channel7
1313,2.783,channel7
1314,2.789,channel7
1315,2.76,channel7
1316,2.719,channel7
1317,2.68,channel7
1318,2.67,channel7
1319,2.684,channel7
1320,2.666,channel7
1321,2.638,channel7
1322,2.657,channel7
1323,2.654,channel7
1324,2.65,channel7
1325,2.632,channel7
1326,2.635,channel7
1327,2.616,channel7
1328,2.639,channel7
1329,2.628,channel7
1330,2.626,channel7
1331,2.66,channel7
1332,2.692,channel7
1333,2.692,channel7
1334,2.648,channel7
1335,2.591,channel7
1336,2.524,channel7
1337,2.455,channel7
1338,2.377,channel7
1339,2.286,channel7
1340,2.193,channel7
1341,2.145,channel7
1342,2.103,channel7
1343,2.051,channel7
1344,1.998,channel7
1345,1.958,channel7
1346,1.981,channel7
1347,1.986,channel7
1348,2.031,channel7
1349,2.003,channel7
1350,2.031,channel7
1351,2.118,channel7
1352,2.181,channel7
1353,2.248,channel7
1354,2.284,channel7
1355,2.368,channel7
1356,2.445,channel7
1357,2.513,channel7
1358,2.518,channel7
1359,2.601,channel7
1360,2.601,channel7
1361,2.649,channel7
1362,2.623,channel7
1363,2.584,channel7
1364,2.585,channel7
1365,2.54,channel7
1366,2.492,channel7
1367,2.429,channel7
1368,2.405,channel7
1369,2.367,channel7
1370,2.437,channel7
1371,2.486,channel7
1372,2.523,channel7
1373,2.532,channel7
1374,2.491,channel7
1375,2.455,channel7
1376,2.394,channel7
1377,2.338,channel7
1378,2.332,channel7
1379,2.296,channel7
1380,2.307,channel7
1381,2.304,channel7
1382,2.425,channel7
1383,2.396,channel7
1384,2.353,channel7
1385,2.328,channel7
1386,2.35,channel7
1387,2.315,channel7
1388,2.3,channel7
1389,2.334,channel7
1390,2.291,channel7
1391,2.31,channel7
1392,2.297,channel7
1393,2.274,channel7
1394,2.3,channel7
1395,2.287,channel7
1396,2.352,channel7
1397,2.347,channel7
1398,2.345,channel7
1399,2.301,channel7
1400,2.267,channel7
1401,2.207,channel7
1402,2.162,channel7
1403,2.158,channel7
1404,2.223,channel7
1405,2.185,channel7
1406,2.133,channel7
1407,2.042,channel7
1408,1.936,channel7
1409,1.838,channel7
1410,1.73,channel7
1411,1.649,channel7
1412,1.618,channel7
1413,1.582,channel7
1414,1.562,channel7
1415,1.574,channel7
1416,1.616,channel7
1417,1.669,channel7
1418,1.691,channel7
1419,1.751,channel7
1420,1.848,channel7
1421,1.888,channel7
1422,1.943,channel7
1423,1.931,channel7
1424,1.942,channel7
1425,1.947,channel7
1426,1.927,channel7
1427,1.919,channel7
1428,1.885,channel7
1429,1.923,channel7
1430,1.94,channel7
1431,1.962,channel7
1432,1.963,channel7
1433,1.931,channel7
1434,1.911,channel7
1435,1.91,channel7
1436,1.901,channel7
1437,1.914,channel7
1438,1.905,channel7
1439,1.908,channel7
1440,1.862,channel7
1441,1.823,channel7
1442,1.858,channel7
1443,1.847,channel7
1444,1.863,channel7
1445,1.911,channel7
1446,1.916,channel7
1447,2.006,channel7
1448,2.001,channel7
1449,1.999,channel7
1450,2.09,channel7
1451,2.184,channel7
1452,2.175,channel7
1453,2.18,channel7
1454,2.236,channel7
1455,2.286,channel7
1456,2.414,channel7
1457,2.481,channel7
1458,2.564,channel7
1459,2.675,channel7
1460,2.693,channel7
1461,2.674,channel7
1462,2.658,channel7
1463,2.649,channel7
1464,2.635,channel7
1465,2.656,channel7
1466,2.651,channel7
1467,2.735,channel7
1468,2.847,channel7
1469,2.819,channel7
1470,2.787,channel7
1471,2.775,channel7
1472,2.824,channel7
1473,2.797,channel7
1474,2.847,channel7
1475,2.867,channel7
1476,2.897,channel7
1477,2.904,channel7
1478,2.877,channel7
1479,2.906,channel7
1480,2.901,channel7
1481,2.918,channel7
1482,2.875,channel7
1483,2.846,channel7
1484,2.898,channel7
1485,2.885,channel7
1486,2.879,channel7
1487,2.912,channel7
1488,2.907,channel7
1489,3.006,channel7
1490,3.055,channel7
1491,3.133,channel7
1492,3.137,channel7
1493,3.173,channel7
1494,3.143,channel7
1495,3.103,channel7
1496,3.072,channel7
1497,3.061,channel7
1498,3.012,channel7
1499,3.011,channel7
1500,2.978,channel7
1501,3.015,channel7
1502,2.993,channel7
1503,3.028,channel7
1504,3.081,channel7
1505,3.1,channel7
1506,3.194,channel7
1507,3.255,channel7
1508,3.307,channel7
1509,3.377,channel7
1510,3.889,channel7
1511,4.099,channel7
1512,4.011,channel7
1513,3.956,channel7
1514,3.887,channel7
1515,3.805,channel7
1516,3.807,channel7
1517,3.865,channel7
1518,3.933,channel7
1519,4.082,channel7
1520,4.227,channel7
1521,4.329,channel7
1522,4.292,channel7
1523,4.627,channel7
1524,4.707,channel7
1525,4.688,channel7
1526,4.579,channel7
1527,4.43,channel7
1528,4.269,channel7
1529,4.08,channel7
1530,3.913,channel7
1531,3.775,channel7
1532,3.617,channel7
1533,3.511,channel7
1534,3.486,channel7
1535,3.439,channel7
1536,3.313,channel7
1537,3.209,channel7
1538,3.24,channel7
1539,3.201,channel7
1540,3.164,channel7
1541,3.374,channel7
1542,3.401,channel7
1543,3.3,channel7
1544,3.261,channel7
1545,3.269,channel7
1546,3.221,channel7
1547,3.105,channel7
1548,3,channel7
1549,2.893,channel7
1550,2.815,channel7
1551,2.727,channel7
1552,2.769,channel7
1553,2.972,channel7
1554,2.971,channel7
1555,3.053,channel7
1556,3.172,channel7
1557,3.214,channel7
1558,3.174,channel7
1559,3.099,channel7
1560,3.089,channel7
1561,2.995,channel7
1562,3.062,channel7
1563,3.169,channel7
1564,3.104,channel7
1565,3.164,channel7
1566,3.231,channel7
1567,3.335,channel7
1568,3.424,channel7
1569,3.34,channel7
1570,3.231,channel7
1571,3.128,channel7
1572,3.163,channel7
1573,3.123,channel7
1574,3.205,channel7
1575,3.148,channel7
1576,3.229,channel7
1577,3.193,channel7
1578,3.274,channel7
1579,3.193,channel7
1580,3.239,channel7
1581,3.223,channel7
1582,3.328,channel7
1583,3.499,channel7
1584,3.537,channel7
1585,3.5,channel7
1586,3.544,channel7
1587,3.464,channel7
1588,3.449,channel7
1589,3.453,channel7
1590,3.515,channel7
1591,3.437,channel7
1592,3.409,channel7
1593,3.272,channel7
1594,3.128,channel7
1595,3.129,channel7
1596,3.054,channel7
1597,2.961,channel7
1598,2.9,channel7
1599,2.878,channel7
1600,2.803,channel7
1601,2.83,channel7
1602,2.713,channel7
1603,2.638,channel7
1604,2.776,channel7
1605,2.743,channel7
1606,2.767,channel7
1607,2.761,channel7
1608,2.774,channel7
1609,2.844,channel7
1610,2.91,channel7
1611,2.897,channel7
1612,2.991,channel7
1613,2.935,channel7
1614,3.038,channel7
1615,3.034,channel7
1616,3.188,channel7
1617,3.266,channel7
1618,3.205,channel7
1619,3.305,channel7
1620,3.268,channel7
1621,3.324,channel7
1622,3.284,channel7
1,1.093,channel8
2,1.118,channel8
3,1.12,channel8
4,1.169,channel8
5,1.161,channel8
6,1.143,channel8
7,1.136,channel8
8,1.17,channel8
9,1.164,channel8
10,1.149,channel8
11,1.137,channel8
12,1.132,channel8
13,1.12,channel8
14,1.111,channel8
15,1.134,channel8
16,1.124,channel8
17,1.114,channel8
18,1.103,channel8
19,1.092,channel8
20,1.134,channel8
21,1.129,channel8
22,1.121,channel8
23,1.108,channel8
24,1.108,channel8
25,1.093,channel8
26,1.132,channel8
27,1.155,channel8
28,1.144,channel8
29,1.149,channel8
30,1.202,channel8
31,1.186,channel8
32,1.169,channel8
33,1.158,channel8
34,1.171,channel8
35,1.158,channel8
36,1.154,channel8
37,1.135,channel8
38,1.115,channel8
39,1.098,channel8
40,1.085,channel8
41,1.065,channel8
42,1.092,channel8
43,1.075,channel8
44,1.063,channel8
45,1.056,channel8
46,1.097,channel8
47,1.073,channel8
48,1.062,channel8
49,1.042,channel8
50,1.089,channel8
51,1.064,channel8
52,1.036,channel8
53,1.027,channel8
54,1.081,channel8
55,1.059,channel8
56,1.039,channel8
57,1.039,channel8
58,1.104,channel8
59,1.091,channel8
60,1.069,channel8
61,1.076,channel8
62,1.135,channel8
63,1.126,channel8
64,1.128,channel8
65,1.156,channel8
66,1.142,channel8
67,1.194,channel8
68,1.179,channel8
69,1.163,channel8
70,1.215,channel8
71,1.235,channel8
72,1.234,channel8
73,1.23,channel8
74,1.293,channel8
75,1.282,channel8
76,1.266,channel8
77,1.249,channel8
78,1.23,channel8
79,1.205,channel8
80,1.178,channel8
81,1.16,channel8
82,1.213,channel8
83,1.189,channel8
84,1.174,channel8
85,1.209,channel8
86,1.186,channel8
87,1.163,channel8
88,1.184,channel8
89,1.191,channel8
90,1.175,channel8
91,1.153,channel8
92,1.176,channel8
93,1.159,channel8
94,1.136,channel8
95,1.167,channel8
96,1.145,channel8
97,1.126,channel8
98,1.152,channel8
99,1.133,channel8
100,1.117,channel8
101,1.156,channel8
102,1.136,channel8
103,1.12,channel8
104,1.166,channel8
105,1.152,channel8
106,1.186,channel8
107,1.179,channel8
108,1.161,channel8
109,1.203,channel8
110,1.183,channel8
111,1.227,channel8
112,1.214,channel8
113,1.218,channel8
114,1.208,channel8
115,1.226,channel8
116,1.213,channel8
117,1.207,channel8
118,1.219,channel8
119,1.198,channel8
120,1.186,channel8
121,1.207,channel8
122,1.19,channel8
123,1.171,channel8
124,1.2,channel8
125,1.191,channel8
126,1.174,channel8
127,1.168,channel8
128,1.205,channel8
129,1.201,channel8
130,1.192,channel8
131,1.218,channel8
132,1.197,channel8
133,1.169,channel8
134,1.155,channel8
135,1.193,channel8
136,1.173,channel8
137,1.156,channel8
138,1.2,channel8
139,1.186,channel8
140,1.165,channel8
141,1.184,channel8
142,1.165,channel8
143,1.164,channel8
144,1.15,channel8
145,1.169,channel8
146,1.159,channel8
147,1.132,channel8
148,1.169,channel8
149,1.153,channel8
150,1.123,channel8
151,1.181,channel8
152,1.159,channel8
153,1.203,channel8
154,1.185,channel8
155,1.162,channel8
156,1.22,channel8
157,1.214,channel8
158,1.268,channel8
159,1.274,channel8
160,1.279,channel8
161,1.354,channel8
162,1.359,channel8
163,1.341,channel8
164,1.376,channel8
165,1.362,channel8
166,1.333,channel8
167,1.309,channel8
168,1.347,channel8
169,1.319,channel8
170,1.323,channel8
171,1.309,channel8
172,1.28,channel8
173,1.315,channel8
174,1.295,channel8
175,1.284,channel8
176,1.323,channel8
177,1.298,channel8
178,1.324,channel8
179,1.309,channel8
180,1.293,channel8
181,1.328,channel8
182,1.308,channel8
183,1.293,channel8
184,1.321,channel8
185,1.304,channel8
186,1.293,channel8
187,1.321,channel8
188,1.31,channel8
189,1.305,channel8
190,1.338,channel8
191,1.32,channel8
192,1.305,channel8
193,1.287,channel8
194,1.324,channel8
195,1.305,channel8
196,1.286,channel8
197,1.277,channel8
198,1.304,channel8
199,1.292,channel8
200,1.304,channel8
201,1.284,channel8
202,1.304,channel8
203,1.291,channel8
204,1.283,channel8
205,1.304,channel8
206,1.286,channel8
207,1.302,channel8
208,1.276,channel8
209,1.258,channel8
210,1.309,channel8
211,1.299,channel8
212,1.318,channel8
213,1.29,channel8
214,1.266,channel8
215,1.317,channel8
216,1.298,channel8
217,1.276,channel8
218,1.324,channel8
219,1.299,channel8
220,1.273,channel8
221,1.251,channel8
222,1.307,channel8
223,1.295,channel8
224,1.319,channel8
225,1.296,channel8
226,1.273,channel8
227,1.297,channel8
228,1.3,channel8
229,1.327,channel8
230,1.326,channel8
231,1.31,channel8
232,1.35,channel8
233,1.327,channel8
234,1.304,channel8
235,1.29,channel8
236,1.287,channel8
237,1.335,channel8
238,1.317,channel8
239,1.303,channel8
240,1.286,channel8
241,1.331,channel8
242,1.316,channel8
243,1.285,channel8
244,1.265,channel8
245,1.309,channel8
246,1.312,channel8
247,1.29,channel8
248,1.267,channel8
249,1.245,channel8
250,1.223,channel8
251,1.248,channel8
252,1.222,channel8
253,1.191,channel8
254,1.143,channel8
255,1.096,channel8
256,1.14,channel8
257,1.096,channel8
258,1.075,channel8
259,1.058,channel8
260,1.034,channel8
261,1.087,channel8
262,1.077,channel8
263,1.098,channel8
264,1.105,channel8
265,1.101,channel8
266,1.111,channel8
267,1.147,channel8
268,1.172,channel8
269,1.167,channel8
270,1.16,channel8
271,1.213,channel8
272,1.2,channel8
273,1.194,channel8
274,1.172,channel8
275,1.163,channel8
276,1.164,channel8
277,1.166,channel8
278,1.163,channel8
279,1.152,channel8
280,1.146,channel8
281,1.166,channel8
282,1.161,channel8
283,1.151,channel8
284,1.136,channel8
285,1.152,channel8
286,1.149,channel8
287,1.135,channel8
288,1.13,channel8
289,1.148,channel8
290,1.138,channel8
291,1.136,channel8
292,1.128,channel8
293,1.12,channel8
294,1.141,channel8
295,1.125,channel8
296,1.107,channel8
297,1.079,channel8
298,1.042,channel8
299,1.012,channel8
300,0.999,channel8
301,0.994,channel8
302,0.993,channel8
303,1.004,channel8
304,0.998,channel8
305,1.002,channel8
306,0.995,channel8
307,0.999,channel8
308,1.001,channel8
309,1.001,channel8
310,1.006,channel8
311,1.049,channel8
312,1.077,channel8
313,1.159,channel8
314,1.206,channel8
315,1.23,channel8
316,1.237,channel8
317,1.237,channel8
318,1.242,channel8
319,1.264,channel8
320,1.261,channel8
321,1.258,channel8
322,1.246,channel8
323,1.239,channel8
324,1.235,channel8
325,1.238,channel8
326,1.246,channel8
327,1.248,channel8
328,1.246,channel8
329,1.274,channel8
330,1.313,channel8
331,1.324,channel8
332,1.354,channel8
333,1.377,channel8
334,1.399,channel8
335,1.401,channel8
336,1.404,channel8
337,1.406,channel8
338,1.407,channel8
339,1.402,channel8
340,1.398,channel8
341,1.392,channel8
342,1.391,channel8
343,1.38,channel8
344,1.369,channel8
345,1.36,channel8
346,1.359,channel8
347,1.351,channel8
348,1.349,channel8
349,1.361,channel8
350,1.363,channel8
351,1.354,channel8
352,1.347,channel8
353,1.343,channel8
354,1.332,channel8
355,1.324,channel8
356,1.324,channel8
357,1.358,channel8
358,1.358,channel8
359,1.374,channel8
360,1.402,channel8
361,1.425,channel8
362,1.495,channel8
363,1.549,channel8
364,1.584,channel8
365,1.589,channel8
366,1.586,channel8
367,1.576,channel8
368,1.558,channel8
369,1.54,channel8
370,1.519,channel8
371,1.506,channel8
372,1.526,channel8
373,1.545,channel8
374,1.548,channel8
375,1.561,channel8
376,1.584,channel8
377,1.625,channel8
378,1.644,channel8
379,1.642,channel8
380,1.661,channel8
381,1.65,channel8
382,1.631,channel8
383,1.617,channel8
384,1.601,channel8
385,1.587,channel8
386,1.582,channel8
387,1.591,channel8
388,1.592,channel8
389,1.626,channel8
390,1.658,channel8
391,1.66,channel8
392,1.65,channel8
393,1.639,channel8
394,1.64,channel8
395,1.653,channel8
396,1.671,channel8
397,1.659,channel8
398,1.643,channel8
399,1.629,channel8
400,1.611,channel8
401,1.593,channel8
402,1.553,channel8
403,1.517,channel8
404,1.493,channel8
405,1.473,channel8
406,1.47,channel8
407,1.464,channel8
408,1.462,channel8
409,1.462,channel8
410,1.48,channel8
411,1.48,channel8
412,1.474,channel8
413,1.469,channel8
414,1.461,channel8
415,1.476,channel8
416,1.468,channel8
417,1.474,channel8
418,1.497,channel8
419,1.525,channel8
420,1.546,channel8
421,1.589,channel8
422,1.633,channel8
423,1.684,channel8
424,1.697,channel8
425,1.701,channel8
426,1.714,channel8
427,1.716,channel8
428,1.707,channel8
429,1.692,channel8
430,1.657,channel8
431,1.621,channel8
432,1.584,channel8
433,1.543,channel8
434,1.504,channel8
435,1.47,channel8
436,1.44,channel8
437,1.437,channel8
438,1.472,channel8
439,1.533,channel8
440,1.607,channel8
441,1.615,channel8
442,1.615,channel8
443,1.598,channel8
444,1.568,channel8
445,1.538,channel8
446,1.508,channel8
447,1.461,channel8
448,1.415,channel8
449,1.366,channel8
450,1.317,channel8
451,1.277,channel8
452,1.238,channel8
453,1.198,channel8
454,1.168,channel8
455,1.14,channel8
456,1.129,channel8
457,1.129,channel8
458,1.135,channel8
459,1.162,channel8
460,1.168,channel8
461,1.159,channel8
462,1.15,channel8
463,1.145,channel8
464,1.142,channel8
465,1.157,channel8
466,1.159,channel8
467,1.211,channel8
468,1.287,channel8
469,1.356,channel8
470,1.407,channel8
471,1.423,channel8
472,1.432,channel8
473,1.429,channel8
474,1.438,channel8
475,1.432,channel8
476,1.423,channel8
477,1.42,channel8
478,1.431,channel8
479,1.426,channel8
480,1.418,channel8
481,1.409,channel8
482,1.431,channel8
483,1.444,channel8
484,1.446,channel8
485,1.442,channel8
486,1.499,channel8
487,1.507,channel8
488,1.506,channel8
489,1.499,channel8
490,1.492,channel8
491,1.494,channel8
492,1.488,channel8
493,1.486,channel8
494,1.481,channel8
495,1.477,channel8
496,1.482,channel8
497,1.501,channel8
498,1.508,channel8
499,1.507,channel8
500,1.507,channel8
501,1.503,channel8
502,1.496,channel8
503,1.483,channel8
504,1.464,channel8
505,1.451,channel8
506,1.432,channel8
507,1.413,channel8
508,1.421,channel8
509,1.429,channel8
510,1.451,channel8
511,1.453,channel8
512,1.454,channel8
513,1.482,channel8
514,1.526,channel8
515,1.6,channel8
516,1.661,channel8
517,1.668,channel8
518,1.688,channel8
519,1.709,channel8
520,1.721,channel8
521,1.713,channel8
522,1.689,channel8
523,1.67,channel8
524,1.638,channel8
525,1.614,channel8
526,1.596,channel8
527,1.574,channel8
528,1.553,channel8
529,1.549,channel8
530,1.537,channel8
531,1.524,channel8
532,1.52,channel8
533,1.556,channel8
534,1.561,channel8
535,1.56,channel8
536,1.562,channel8
537,1.564,channel8
538,1.585,channel8
539,1.615,channel8
540,1.625,channel8
541,1.666,channel8
542,1.693,channel8
543,1.754,channel8
544,1.792,channel8
545,1.784,channel8
546,1.764,channel8
547,1.723,channel8
548,1.678,channel8
549,1.645,channel8
550,1.618,channel8
551,1.615,channel8
552,1.631,channel8
553,1.618,channel8
554,1.599,channel8
555,1.586,channel8
556,1.577,channel8
557,1.558,channel8
558,1.54,channel8
559,1.526,channel8
560,1.55,channel8
561,1.542,channel8
562,1.536,channel8
563,1.567,channel8
564,1.584,channel8
565,1.612,channel8
566,1.61,channel8
567,1.616,channel8
568,1.632,channel8
569,1.647,channel8
570,1.684,channel8
571,1.752,channel8
572,1.77,channel8
573,1.79,channel8
574,1.82,channel8
575,1.832,channel8
576,1.848,channel8
577,1.901,channel8
578,1.916,channel8
579,1.935,channel8
580,2.009,channel8
581,2.03,channel8
582,2.059,channel8
583,2.057,channel8
584,2.048,channel8
585,2.023,channel8
586,1.988,channel8
587,1.966,channel8
588,1.944,channel8
589,1.947,channel8
590,1.967,channel8
591,1.96,channel8
592,1.948,channel8
593,1.941,channel8
594,1.93,channel8
595,1.94,channel8
596,1.937,channel8
597,1.927,channel8
598,1.917,channel8
599,1.917,channel8
600,1.934,channel8
601,1.96,channel8
602,1.99,channel8
603,2.034,channel8
604,2.048,channel8
605,2.046,channel8
606,2.035,channel8
607,2.011,channel8
608,1.99,channel8
609,1.98,channel8
610,1.96,channel8
611,1.92,channel8
612,1.893,channel8
613,1.863,channel8
614,1.843,channel8
615,1.819,channel8
616,1.819,channel8
617,1.833,channel8
618,1.867,channel8
619,1.891,channel8
620,1.894,channel8
621,1.926,channel8
622,1.949,channel8
623,2.022,channel8
624,2.082,channel8
625,2.114,channel8
626,2.173,channel8
627,2.203,channel8
628,2.3,channel8
629,2.3,channel8
630,2.296,channel8
631,2.308,channel8
632,2.29,channel8
633,2.269,channel8
634,2.242,channel8
635,2.208,channel8
636,2.198,channel8
637,2.201,channel8
638,2.2,channel8
639,2.226,channel8
640,2.256,channel8
641,2.317,channel8
642,2.338,channel8
643,2.328,channel8
644,2.322,channel8
645,2.359,channel8
646,2.481,channel8
647,2.585,channel8
648,2.622,channel8
649,3.016,channel8
650,2.988,channel8
651,2.915,channel8
652,2.897,channel8
653,2.93,channel8
654,2.886,channel8
655,2.826,channel8
656,2.746,channel8
657,2.629,channel8
658,2.506,channel8
659,2.387,channel8
660,2.291,channel8
661,2.221,channel8
662,2.153,channel8
663,2.144,channel8
664,2.158,channel8
665,2.153,channel8
666,2.163,channel8
667,2.24,channel8
668,2.24,channel8
669,2.261,channel8
670,2.279,channel8
671,2.287,channel8
672,2.278,channel8
673,2.261,channel8
674,2.278,channel8
675,2.317,channel8
676,2.344,channel8
677,2.435,channel8
678,2.435,channel8
679,2.46,channel8
680,2.522,channel8
681,2.602,channel8
682,2.749,channel8
683,2.834,channel8
684,2.867,channel8
685,2.883,channel8
686,2.878,channel8
687,2.875,channel8
688,2.87,channel8
689,2.894,channel8
690,2.888,channel8
691,2.875,channel8
692,2.92,channel8
693,2.929,channel8
694,2.934,channel8
695,2.948,channel8
696,2.98,channel8
697,3.038,channel8
698,3.063,channel8
699,3.053,channel8
700,3.031,channel8
701,2.987,channel8
702,2.928,channel8
703,2.839,channel8
704,2.74,channel8
705,2.633,channel8
706,2.538,channel8
707,2.461,channel8
708,2.398,channel8
709,2.354,channel8
710,2.318,channel8
711,2.298,channel8
712,2.284,channel8
713,2.278,channel8
714,2.29,channel8
715,2.29,channel8
716,2.285,channel8
717,2.291,channel8
718,2.289,channel8
719,2.277,channel8
720,2.243,channel8
721,2.203,channel8
722,2.166,channel8
723,2.167,channel8
724,2.184,channel8
725,2.229,channel8
726,2.289,channel8
727,2.396,channel8
728,2.457,channel8
729,2.533,channel8
730,2.58,channel8
731,2.66,channel8
732,2.761,channel8
733,2.845,channel8
734,2.889,channel8
735,3.003,channel8
736,3.138,channel8
737,3.239,channel8
738,3.312,channel8
739,3.324,channel8
740,3.308,channel8
741,3.273,channel8
742,3.229,channel8
743,3.186,channel8
744,3.144,channel8
745,3.111,channel8
746,3.137,channel8
747,3.082,channel8
748,3.028,channel8
749,2.989,channel8
750,2.924,channel8
751,2.885,channel8
752,2.85,channel8
753,2.865,channel8
754,2.88,channel8
755,2.87,channel8
756,2.86,channel8
757,2.854,channel8
758,2.845,channel8
759,2.84,channel8
760,2.891,channel8
761,2.92,channel8
762,3.018,channel8
763,3.108,channel8
764,3.113,channel8
765,3.108,channel8
766,3.1,channel8
767,3.056,channel8
768,3.015,channel8
769,2.976,channel8
770,2.97,channel8
771,2.999,channel8
772,2.997,channel8
773,2.976,channel8
774,2.964,channel8
775,2.989,channel8
776,2.983,channel8
777,3.005,channel8
778,3.096,channel8
779,3.133,channel8
780,3.154,channel8
781,3.225,channel8
782,3.245,channel8
783,3.278,channel8
784,3.312,channel8
785,3.369,channel8
786,3.461,channel8
787,3.523,channel8
788,3.54,channel8
789,3.655,channel8
790,3.733,channel8
791,3.899,channel8
792,3.939,channel8
793,3.988,channel8
794,4.043,channel8
795,4.051,channel8
796,4.082,channel8
797,4.114,channel8
798,4.147,channel8
799,4.155,channel8
800,4.111,channel8
801,4.059,channel8
802,4.005,channel8
803,3.939,channel8
804,3.884,channel8
805,3.861,channel8
806,3.815,channel8
807,3.802,channel8
808,3.699,channel8
809,3.647,channel8
810,3.545,channel8
811,3.32,channel8
812,3.091,channel8
813,2.813,channel8
814,2.532,channel8
815,2.305,channel8
816,2.08,channel8
817,1.893,channel8
818,1.784,channel8
819,1.668,channel8
820,1.603,channel8
821,1.568,channel8
822,1.55,channel8
823,1.54,channel8
824,1.61,channel8
825,1.653,channel8
826,1.689,channel8
827,1.756,channel8
828,1.822,channel8
829,1.862,channel8
830,1.843,channel8
831,1.834,channel8
832,1.856,channel8
833,1.861,channel8
834,1.908,channel8
835,1.979,channel8
836,2.008,channel8
837,2.052,channel8
838,2.094,channel8
839,2.118,channel8
840,2.14,channel8
841,2.226,channel8
842,2.285,channel8
843,2.408,channel8
844,2.466,channel8
845,2.561,channel8
846,2.619,channel8
847,2.65,channel8
848,2.649,channel8
849,2.639,channel8
850,2.613,channel8
851,2.572,channel8
852,2.549,channel8
853,2.554,channel8
854,2.622,channel8
855,2.66,channel8
856,2.665,channel8
857,2.663,channel8
858,2.645,channel8
859,2.636,channel8
860,2.62,channel8
861,2.598,channel8
862,2.553,channel8
863,2.532,channel8
864,2.565,channel8
865,2.626,channel8
866,2.653,channel8
867,2.651,channel8
868,2.649,channel8
869,2.632,channel8
870,2.619,channel8
871,2.606,channel8
872,2.586,channel8
873,2.553,channel8
874,2.547,channel8
875,2.556,channel8
876,2.623,channel8
877,2.664,channel8
878,2.671,channel8
879,2.666,channel8
880,2.671,channel8
881,2.654,channel8
882,2.667,channel8
883,2.681,channel8
884,2.733,channel8
885,2.782,channel8
886,2.819,channel8
887,2.842,channel8
888,2.877,channel8
889,2.915,channel8
890,2.936,channel8
891,2.941,channel8
892,2.948,channel8
893,2.962,channel8
894,2.95,channel8
895,2.908,channel8
896,2.871,channel8
897,2.841,channel8
898,2.819,channel8
899,2.82,channel8
900,2.814,channel8
901,2.802,channel8
902,2.791,channel8
903,2.797,channel8
904,2.797,channel8
905,2.802,channel8
906,2.837,channel8
907,2.85,channel8
908,2.854,channel8
909,2.868,channel8
910,2.87,channel8
911,2.875,channel8
912,2.872,channel8
913,2.853,channel8
914,2.841,channel8
915,2.845,channel8
916,2.849,channel8
917,2.841,channel8
918,2.831,channel8
919,2.831,channel8
920,2.842,channel8
921,2.83,channel8
922,2.812,channel8
923,2.817,channel8
924,2.842,channel8
925,2.846,channel8
926,2.868,channel8
927,2.891,channel8
928,2.903,channel8
929,2.934,channel8
930,2.96,channel8
931,2.974,channel8
932,3.034,channel8
933,3.062,channel8
934,3.12,channel8
935,3.23,channel8
936,3.346,channel8
937,3.407,channel8
938,3.435,channel8
939,3.487,channel8
940,3.547,channel8
941,3.616,channel8
942,3.655,channel8
943,3.683,channel8
944,3.744,channel8
945,3.77,channel8
946,3.802,channel8
947,3.778,channel8
948,3.752,channel8
949,3.732,channel8
950,3.704,channel8
951,3.668,channel8
952,3.613,channel8
953,3.563,channel8
954,3.553,channel8
955,3.563,channel8
956,3.574,channel8
957,3.595,channel8
958,3.606,channel8
959,3.578,channel8
960,3.57,channel8
961,3.58,channel8
962,3.619,channel8
963,3.641,channel8
964,3.648,channel8
965,3.623,channel8
966,3.592,channel8
967,3.567,channel8
968,3.579,channel8
969,3.567,channel8
970,3.538,channel8
971,3.513,channel8
972,3.489,channel8
973,3.445,channel8
974,3.389,channel8
975,3.341,channel8
976,3.282,channel8
977,3.186,channel8
978,3.119,channel8
979,3.08,channel8
980,3.056,channel8
981,3.047,channel8
982,3.058,channel8
983,3.077,channel8
984,3.116,channel8
985,3.119,channel8
986,3.145,channel8
987,3.242,channel8
988,3.38,channel8
989,3.529,channel8
990,3.671,channel8
991,3.734,channel8
992,3.793,channel8
993,3.833,channel8
994,3.845,channel8
995,3.842,channel8
996,3.831,channel8
997,3.809,channel8
998,3.808,channel8
999,3.801,channel8
1000,3.788,channel8
1001,3.776,channel8
1002,3.756,channel8
1003,3.737,channel8
1004,3.681,channel8
1005,3.63,channel8
1006,3.595,channel8
1007,3.556,channel8
1008,3.537,channel8
1009,3.512,channel8
1010,3.509,channel8
1011,3.545,channel8
1012,3.582,channel8
1013,3.624,channel8
1014,3.689,channel8
1015,3.749,channel8
1016,3.821,channel8
1017,3.821,channel8
1018,3.815,channel8
1019,3.797,channel8
1020,3.781,channel8
1021,3.755,channel8
1022,3.702,channel8
1023,3.663,channel8
1024,3.612,channel8
1025,3.562,channel8
1026,3.524,channel8
1027,3.456,channel8
1028,3.379,channel8
1029,3.263,channel8
1030,3.147,channel8
1031,3.066,channel8
1032,2.982,channel8
1033,2.914,channel8
1034,2.927,channel8
1035,3.029,channel8
1036,3.192,channel8
1037,3.323,channel8
1038,3.459,channel8
1039,3.521,channel8
1040,3.526,channel8
1041,3.518,channel8
1042,3.518,channel8
1043,3.518,channel8
1044,3.547,channel8
1045,3.576,channel8
1046,3.559,channel8
1047,3.541,channel8
1048,3.535,channel8
1049,3.543,channel8
1050,3.609,channel8
1051,3.72,channel8
1052,3.773,channel8
1053,3.779,channel8
1054,3.771,channel8
1055,3.74,channel8
1056,3.726,channel8
1057,3.696,channel8
1058,3.666,channel8
1059,3.665,channel8
1060,3.669,channel8
1061,3.695,channel8
1062,3.692,channel8
1063,3.699,channel8
1064,3.693,channel8
1065,3.675,channel8
1066,3.678,channel8
1067,3.684,channel8
1068,3.664,channel8
1069,3.639,channel8
1070,3.602,channel8
1071,3.56,channel8
1072,3.512,channel8
1073,3.48,channel8
1074,3.422,channel8
1075,3.361,channel8
1076,3.282,channel8
1077,3.238,channel8
1078,3.202,channel8
1079,3.17,channel8
1080,3.133,channel8
1081,3.111,channel8
1082,3.112,channel8
1083,3.155,channel8
1084,3.175,channel8
1085,3.203,channel8
1086,3.2,channel8
1087,3.189,channel8
1088,3.179,channel8
1089,3.192,channel8
1090,3.294,channel8
1091,3.378,channel8
1092,3.445,channel8
1093,3.491,channel8
1094,3.51,channel8
1095,3.512,channel8
1096,3.505,channel8
1097,3.5,channel8
1098,3.49,channel8
1099,3.499,channel8
1100,3.538,channel8
1101,3.559,channel8
1102,3.57,channel8
1103,3.566,channel8
1104,3.563,channel8
1105,3.563,channel8
1106,3.568,channel8
1107,3.59,channel8
1108,3.665,channel8
1109,3.689,channel8
1110,3.702,channel8
1111,3.704,channel8
1112,3.699,channel8
1113,3.704,channel8
1114,3.701,channel8
1115,3.711,channel8
1116,3.716,channel8
1117,3.708,channel8
1118,3.696,channel8
1119,3.682,channel8
1120,3.65,channel8
1121,3.6,channel8
1122,3.552,channel8
1123,3.491,channel8
1124,3.403,channel8
1125,3.314,channel8
1126,3.26,channel8
1127,3.205,channel8
1128,3.138,channel8
1129,3.073,channel8
1130,2.996,channel8
1131,2.922,channel8
1132,2.804,channel8
1133,2.652,channel8
1134,2.453,channel8
1135,2.296,channel8
1136,2.182,channel8
1137,2.051,channel8
1138,1.972,channel8
1139,1.934,channel8
1140,1.929,channel8
1141,2.008,channel8
1142,2.055,channel8
1143,2.101,channel8
1144,2.184,channel8
1145,2.296,channel8
1146,2.355,channel8
1147,2.372,channel8
1148,2.383,channel8
1149,2.389,channel8
1150,2.421,channel8
1151,2.498,channel8
1152,2.55,channel8
1153,2.639,channel8
1154,2.71,channel8
1155,2.764,channel8
1156,2.805,channel8
1157,2.814,channel8
1158,2.832,channel8
1159,2.86,channel8
1160,2.864,channel8
1161,2.867,channel8
1162,2.882,channel8
1163,2.889,channel8
1164,2.911,channel8
1165,2.925,channel8
1166,2.897,channel8
1167,2.867,channel8
1168,2.905,channel8
1169,2.892,channel8
1170,2.843,channel8
1171,2.809,channel8
1172,2.762,channel8
1173,2.688,channel8
1174,2.621,channel8
1175,2.56,channel8
1176,2.509,channel8
1177,2.441,channel8
1178,2.385,channel8
1179,2.322,channel8
1180,2.264,channel8
1181,2.216,channel8
1182,2.172,channel8
1183,2.132,channel8
1184,2.093,channel8
1185,2.074,channel8
1186,2.075,channel8
1187,2.052,channel8
1188,2.045,channel8
1189,2.028,channel8
1190,1.988,channel8
1191,1.943,channel8
1192,1.886,channel8
1193,1.835,channel8
1194,1.773,channel8
1195,1.754,channel8
1196,1.78,channel8
1197,1.863,channel8
1198,1.946,channel8
1199,1.982,channel8
1200,2.029,channel8
1201,2.049,channel8
1202,2.086,channel8
1203,2.165,channel8
1204,2.204,channel8
1205,2.257,channel8
1206,2.302,channel8
1207,2.33,channel8
1208,2.39,channel8
1209,2.403,channel8
1210,2.401,channel8
1211,2.408,channel8
1212,2.415,channel8
1213,2.403,channel8
1214,2.389,channel8
1215,2.372,channel8
1216,2.361,channel8
1217,2.349,channel8
1218,2.34,channel8
1219,2.314,channel8
1220,2.301,channel8
1221,2.314,channel8
1222,2.347,channel8
1223,2.352,channel8
1224,2.361,channel8
1225,2.353,channel8
1226,2.333,channel8
1227,2.328,channel8
1228,2.328,channel8
1229,2.356,channel8
1230,2.374,channel8
1231,2.383,channel8
1232,2.358,channel8
1233,2.324,channel8
1234,2.276,channel8
1235,2.237,channel8
1236,2.211,channel8
1237,2.21,channel8
1238,2.223,channel8
1239,2.26,channel8
1240,2.32,channel8
1241,2.345,channel8
1242,2.351,channel8
1243,2.344,channel8
1244,2.345,channel8
1245,2.323,channel8
1246,2.32,channel8
1247,2.342,channel8
1248,2.365,channel8
1249,2.378,channel8
1250,2.399,channel8
1251,2.399,channel8
1252,2.397,channel8
1253,2.389,channel8
1254,2.423,channel8
1255,2.464,channel8
1256,2.503,channel8
1257,2.493,channel8
1258,2.482,channel8
1259,2.474,channel8
1260,2.471,channel8
1261,2.512,channel8
1262,2.523,channel8
1263,2.513,channel8
1264,2.508,channel8
1265,2.482,channel8
1266,2.442,channel8
1267,2.437,channel8
1268,2.425,channel8
1269,2.436,channel8
1270,2.437,channel8
1271,2.482,channel8
1272,2.518,channel8
1273,2.546,channel8
1274,2.561,channel8
1275,2.694,channel8
1276,2.704,channel8
1277,2.691,channel8
1278,2.673,channel8
1279,2.659,channel8
1280,2.635,channel8
1281,2.618,channel8
1282,2.62,channel8
1283,2.605,channel8
1284,2.627,channel8
1285,2.631,channel8
1286,2.632,channel8
1287,2.629,channel8
1288,2.627,channel8
1289,2.608,channel8
1290,2.567,channel8
1291,2.542,channel8
1292,2.529,channel8
1293,2.534,channel8
1294,2.549,channel8
1295,2.568,channel8
1296,2.577,channel8
1297,2.589,channel8
1298,2.605,channel8
1299,2.582,channel8
1300,2.549,channel8
1301,2.531,channel8
1302,2.516,channel8
1303,2.536,channel8
1304,2.625,channel8
1305,2.698,channel8
1306,2.741,channel8
1307,2.835,channel8
1308,2.875,channel8
1309,2.909,channel8
1310,2.926,channel8
1311,3.002,channel8
1312,3.052,channel8
1313,3.078,channel8
1314,3.084,channel8
1315,3.079,channel8
1316,3.066,channel8
1317,3.049,channel8
1318,3.054,channel8
1319,3.059,channel8
1320,3.049,channel8
1321,3.027,channel8
1322,3.005,channel8
1323,3.015,channel8
1324,3.031,channel8
1325,3.052,channel8
1326,3.084,channel8
1327,3.098,channel8
1328,3.097,channel8
1329,3.101,channel8
1330,3.101,channel8
1331,3.089,channel8
1332,3.089,channel8
1333,3.072,channel8
1334,3.053,channel8
1335,3.048,channel8
1336,3.023,channel8
1337,2.98,channel8
1338,2.918,channel8
1339,2.886,channel8
1340,2.809,channel8
1341,2.745,channel8
1342,2.667,channel8
1343,2.575,channel8
1344,2.521,channel8
1345,2.466,channel8
1346,2.398,channel8
1347,2.364,channel8
1348,2.323,channel8
1349,2.268,channel8
1350,2.258,channel8
1351,2.274,channel8
1352,2.284,channel8
1353,2.302,channel8
1354,2.343,channel8
1355,2.411,channel8
1356,2.487,channel8
1357,2.558,channel8
1358,2.628,channel8
1359,2.729,channel8
1360,2.847,channel8
1361,2.93,channel8
1362,3.007,channel8
1363,3.052,channel8
1364,3.07,channel8
1365,3.068,channel8
1366,3.07,channel8
1367,3.037,channel8
1368,2.999,channel8
1369,2.957,channel8
1370,2.913,channel8
1371,2.886,channel8
1372,2.86,channel8
1373,2.823,channel8
1374,2.796,channel8
1375,2.787,channel8
1376,2.776,channel8
1377,2.758,channel8
1378,2.738,channel8
1379,2.717,channel8
1380,2.721,channel8
1381,2.743,channel8
1382,2.788,channel8
1383,2.8,channel8
1384,2.803,channel8
1385,2.798,channel8
1386,2.819,channel8
1387,2.828,channel8
1388,2.883,channel8
1389,2.912,channel8
1390,2.926,channel8
1391,2.917,channel8
1392,2.908,channel8
1393,2.885,channel8
1394,2.826,channel8
1395,2.787,channel8
1396,2.759,channel8
1397,2.737,channel8
1398,2.704,channel8
1399,2.67,channel8
1400,2.647,channel8
1401,2.624,channel8
1402,2.605,channel8
1403,2.57,channel8
1404,2.538,channel8
1405,2.516,channel8
1406,2.477,channel8
1407,2.418,channel8
1408,2.334,channel8
1409,2.204,channel8
1410,2.108,channel8
1411,2.021,channel8
1412,1.967,channel8
1413,1.91,channel8
1414,1.873,channel8
1415,1.861,channel8
1416,1.918,channel8
1417,2.09,channel8
1418,2.192,channel8
1419,2.273,channel8
1420,2.33,channel8
1421,2.368,channel8
1422,2.409,channel8
1423,2.423,channel8
1424,2.427,channel8
1425,2.419,channel8
1426,2.426,channel8
1427,2.472,channel8
1428,2.471,channel8
1429,2.446,channel8
1430,2.449,channel8
1431,2.447,channel8
1432,2.447,channel8
1433,2.43,channel8
1434,2.416,channel8
1435,2.398,channel8
1436,2.376,channel8
1437,2.367,channel8
1438,2.359,channel8
1439,2.34,channel8
1440,2.32,channel8
1441,2.304,channel8
1442,2.3,channel8
1443,2.28,channel8
1444,2.282,channel8
1445,2.275,channel8
1446,2.271,channel8
1447,2.292,channel8
1448,2.295,channel8
1449,2.292,channel8
1450,2.315,channel8
1451,2.345,channel8
1452,2.367,channel8
1453,2.387,channel8
1454,2.434,channel8
1455,2.497,channel8
1456,2.544,channel8
1457,2.672,channel8
1458,2.812,channel8
1459,2.945,channel8
1460,3.046,channel8
1461,3.056,channel8
1462,3.057,channel8
1463,3.059,channel8
1464,3.079,channel8
1465,3.099,channel8
1466,3.124,channel8
1467,3.166,channel8
1468,3.234,channel8
1469,3.25,channel8
1470,3.261,channel8
1471,3.297,channel8
1472,3.321,channel8
1473,3.375,channel8
1474,3.462,channel8
1475,3.54,channel8
1476,3.594,channel8
1477,3.666,channel8
1478,3.708,channel8
1479,3.747,channel8
1480,3.784,channel8
1481,3.786,channel8
1482,3.776,channel8
1483,3.762,channel8
1484,3.758,channel8
1485,3.738,channel8
1486,3.71,channel8
1487,3.69,channel8
1488,3.682,channel8
1489,3.674,channel8
1490,3.676,channel8
1491,3.67,channel8
1492,3.669,channel8
1493,3.661,channel8
1494,3.653,channel8
1495,3.636,channel8
1496,3.612,channel8
1497,3.579,channel8
1498,3.543,channel8
1499,3.52,channel8
1500,3.499,channel8
1501,3.476,channel8
1502,3.457,channel8
1503,3.443,channel8
1504,3.44,channel8
1505,3.438,channel8
1506,3.441,channel8
1507,3.437,channel8
1508,3.452,channel8
1509,3.479,channel8
1510,3.933,channel8
1511,4.251,channel8
1512,4.221,channel8
1513,4.277,channel8
1514,4.248,channel8
1515,4.255,channel8
1516,4.259,channel8
1517,4.298,channel8
1518,4.299,channel8
1519,4.339,channel8
1520,4.392,channel8
1521,4.44,channel8
1522,4.555,channel8
1523,4.821,channel8
1524,5.031,channel8
1525,5.103,channel8
1526,5.095,channel8
1527,5.115,channel8
1528,5.062,channel8
1529,4.965,channel8
1530,4.771,channel8
1531,4.624,channel8
1532,4.465,channel8
1533,4.322,channel8
1534,4.262,channel8
1535,4.131,channel8
1536,4.052,channel8
1537,4.001,channel8
1538,3.99,channel8
1539,4.031,channel8
1540,3.985,channel8
1541,4.058,channel8
1542,4.028,channel8
1543,3.957,channel8
1544,3.9,channel8
1545,3.872,channel8
1546,3.823,channel8
1547,3.748,channel8
1548,3.654,channel8
1549,3.519,channel8
1550,3.344,channel8
1551,3.205,channel8
1552,3.122,channel8
1553,3.157,channel8
1554,3.236,channel8
1555,3.413,channel8
1556,3.556,channel8
1557,3.662,channel8
1558,3.812,channel8
1559,3.885,channel8
1560,3.947,channel8
1561,3.904,channel8
1562,3.863,channel8
1563,3.852,channel8
1564,3.752,channel8
1565,3.655,channel8
1566,3.583,channel8
1567,3.555,channel8
1568,3.644,channel8
1569,3.664,channel8
1570,3.649,channel8
1571,3.656,channel8
1572,3.637,channel8
1573,3.699,channel8
1574,3.743,channel8
1575,3.773,channel8
1576,3.824,channel8
1577,3.839,channel8
1578,3.855,channel8
1579,3.913,channel8
1580,3.872,channel8
1581,3.887,channel8
1582,3.875,channel8
1583,3.994,channel8
1584,4.061,channel8
1585,4.072,channel8
1586,4.157,channel8
1587,4.092,channel8
1588,4.117,channel8
1589,4.13,channel8
1590,4.191,channel8
1591,4.112,channel8
1592,4.037,channel8
1593,3.941,channel8
1594,3.823,channel8
1595,3.808,channel8
1596,3.697,channel8
1597,3.573,channel8
1598,3.453,channel8
1599,3.314,channel8
1600,3.223,channel8
1601,3.13,channel8
1602,3.014,channel8
1603,2.923,channel8
1604,2.976,channel8
1605,2.903,channel8
1606,2.881,channel8
1607,2.85,channel8
1608,2.786,channel8
1609,2.848,channel8
1610,2.864,channel8
1611,2.907,channel8
1612,3.048,channel8
1613,3.099,channel8
1614,3.13,channel8
1615,3.192,channel8
1616,3.28,channel8
1617,3.405,channel8
1618,3.466,channel8
1619,3.494,channel8
1620,3.545,channel8
1621,3.571,channel8
1622,3.54,channel8
1,1.152,channel9
2,1.154,channel9
3,1.155,channel9
4,1.157,channel9
5,1.161,channel9
6,1.171,channel9
7,1.177,channel9
8,1.178,channel9
9,1.186,channel9
10,1.188,channel9
11,1.188,channel9
12,1.186,channel9
13,1.182,channel9
14,1.181,channel9
15,1.177,channel9
16,1.172,channel9
17,1.168,channel9
18,1.158,channel9
19,1.159,channel9
20,1.154,channel9
21,1.155,channel9
22,1.155,channel9
23,1.154,channel9
24,1.154,channel9
25,1.165,channel9
26,1.171,channel9
27,1.22,channel9
28,1.215,channel9
29,1.209,channel9
30,1.202,channel9
31,1.198,channel9
32,1.186,channel9
33,1.176,channel9
34,1.167,channel9
35,1.158,channel9
36,1.147,channel9
37,1.134,channel9
38,1.122,channel9
39,1.12,channel9
40,1.117,channel9
41,1.111,channel9
42,1.105,channel9
43,1.104,channel9
44,1.104,channel9
45,1.105,channel9
46,1.106,channel9
47,1.11,channel9
48,1.112,channel9
49,1.108,channel9
50,1.109,channel9
51,1.115,channel9
52,1.114,channel9
53,1.115,channel9
54,1.117,channel9
55,1.128,channel9
56,1.133,channel9
57,1.14,channel9
58,1.142,channel9
59,1.146,channel9
60,1.15,channel9
61,1.152,channel9
62,1.163,channel9
63,1.166,channel9
64,1.17,channel9
65,1.179,channel9
66,1.184,channel9
67,1.195,channel9
68,1.199,channel9
69,1.205,channel9
70,1.215,channel9
71,1.223,channel9
72,1.225,channel9
73,1.227,channel9
74,1.227,channel9
75,1.227,channel9
76,1.226,channel9
77,1.225,channel9
78,1.222,channel9
79,1.231,channel9
80,1.231,channel9
81,1.229,channel9
82,1.227,channel9
83,1.228,channel9
84,1.228,channel9
85,1.233,channel9
86,1.229,channel9
87,1.238,channel9
88,1.249,channel9
89,1.257,channel9
90,1.26,channel9
91,1.261,channel9
92,1.268,channel9
93,1.268,channel9
94,1.264,channel9
95,1.258,channel9
96,1.253,channel9
97,1.248,channel9
98,1.245,channel9
99,1.243,channel9
100,1.24,channel9
101,1.237,channel9
102,1.23,channel9
103,1.229,channel9
104,1.223,channel9
105,1.226,channel9
106,1.241,channel9
107,1.245,channel9
108,1.258,channel9
109,1.269,channel9
110,1.28,channel9
111,1.287,channel9
112,1.292,channel9
113,1.295,channel9
114,1.295,channel9
115,1.292,channel9
116,1.291,channel9
117,1.286,channel9
118,1.285,channel9
119,1.281,channel9
120,1.273,channel9
121,1.268,channel9
122,1.259,channel9
123,1.253,channel9
124,1.248,channel9
125,1.245,channel9
126,1.244,channel9
127,1.243,channel9
128,1.236,channel9
129,1.235,channel9
130,1.233,channel9
131,1.241,channel9
132,1.242,channel9
133,1.243,channel9
134,1.242,channel9
135,1.237,channel9
136,1.232,channel9
137,1.23,channel9
138,1.224,channel9
139,1.22,channel9
140,1.217,channel9
141,1.217,channel9
142,1.219,channel9
143,1.223,channel9
144,1.222,channel9
145,1.222,channel9
146,1.227,channel9
147,1.229,channel9
148,1.224,channel9
149,1.221,channel9
150,1.224,channel9
151,1.229,channel9
152,1.237,channel9
153,1.246,channel9
154,1.267,channel9
155,1.282,channel9
156,1.297,channel9
157,1.319,channel9
158,1.351,channel9
159,1.394,channel9
160,1.476,channel9
161,1.525,channel9
162,1.541,channel9
163,1.544,channel9
164,1.54,channel9
165,1.535,channel9
166,1.53,channel9
167,1.521,channel9
168,1.51,channel9
169,1.5,channel9
170,1.488,channel9
171,1.481,channel9
172,1.473,channel9
173,1.463,channel9
174,1.451,channel9
175,1.437,channel9
176,1.424,channel9
177,1.409,channel9
178,1.414,channel9
179,1.383,channel9
180,1.372,channel9
181,1.372,channel9
182,1.369,channel9
183,1.359,channel9
184,1.35,channel9
185,1.34,channel9
186,1.329,channel9
187,1.313,channel9
188,1.3,channel9
189,1.281,channel9
190,1.274,channel9
191,1.268,channel9
192,1.265,channel9
193,1.261,channel9
194,1.262,channel9
195,1.265,channel9
196,1.27,channel9
197,1.282,channel9
198,1.302,channel9
199,1.316,channel9
200,1.321,channel9
201,1.333,channel9
202,1.345,channel9
203,1.347,channel9
204,1.353,channel9
205,1.352,channel9
206,1.362,channel9
207,1.367,channel9
208,1.373,channel9
209,1.391,channel9
210,1.407,channel9
211,1.413,channel9
212,1.412,channel9
213,1.407,channel9
214,1.4,channel9
215,1.396,channel9
216,1.386,channel9
217,1.378,channel9
218,1.372,channel9
219,1.362,channel9
220,1.355,channel9
221,1.344,channel9
222,1.328,channel9
223,1.321,channel9
224,1.315,channel9
225,1.307,channel9
226,1.298,channel9
227,1.313,channel9
228,1.35,channel9
229,1.377,channel9
230,1.407,channel9
231,1.426,channel9
232,1.444,channel9
233,1.458,channel9
234,1.458,channel9
235,1.454,channel9
236,1.453,channel9
237,1.443,channel9
238,1.438,channel9
239,1.431,channel9
240,1.421,channel9
241,1.411,channel9
242,1.401,channel9
243,1.39,channel9
244,1.381,channel9
245,1.367,channel9
246,1.357,channel9
247,1.347,channel9
248,1.34,channel9
249,1.333,channel9
250,1.318,channel9
251,1.296,channel9
252,1.28,channel9
253,1.26,channel9
254,1.236,channel9
255,1.214,channel9
256,1.19,channel9
257,1.157,channel9
258,1.131,channel9
259,1.126,channel9
260,1.12,channel9
261,1.141,channel9
262,1.146,channel9
263,1.165,channel9
264,1.164,channel9
265,1.179,channel9
266,1.228,channel9
267,1.244,channel9
268,1.248,channel9
269,1.251,channel9
270,1.244,channel9
271,1.235,channel9
272,1.233,channel9
273,1.227,channel9
274,1.223,channel9
275,1.219,channel9
276,1.216,channel9
277,1.214,channel9
278,1.211,channel9
279,1.203,channel9
280,1.199,channel9
281,1.196,channel9
282,1.192,channel9
283,1.184,channel9
284,1.179,channel9
285,1.171,channel9
286,1.189,channel9
287,1.187,channel9
288,1.182,channel9
289,1.178,channel9
290,1.174,channel9
291,1.175,channel9
292,1.172,channel9
293,1.169,channel9
294,1.169,channel9
295,1.179,channel9
296,1.175,channel9
297,1.166,channel9
298,1.159,channel9
299,1.157,channel9
300,1.154,channel9
301,1.151,channel9
302,1.146,channel9
303,1.141,channel9
304,1.136,channel9
305,1.127,channel9
306,1.12,channel9
307,1.116,channel9
308,1.12,channel9
309,1.124,channel9
310,1.162,channel9
311,1.193,channel9
312,1.231,channel9
313,1.411,channel9
314,1.531,channel9
315,1.575,channel9
316,1.557,channel9
317,1.537,channel9
318,1.515,channel9
319,1.491,channel9
320,1.469,channel9
321,1.426,channel9
322,1.387,channel9
323,1.365,channel9
324,1.359,channel9
325,1.373,channel9
326,1.372,channel9
327,1.366,channel9
328,1.402,channel9
329,1.461,channel9
330,1.48,channel9
331,1.495,channel9
332,1.52,channel9
333,1.522,channel9
334,1.514,channel9
335,1.502,channel9
336,1.478,channel9
337,1.467,channel9
338,1.447,channel9
339,1.424,channel9
340,1.415,channel9
341,1.421,channel9
342,1.415,channel9
343,1.402,channel9
344,1.387,channel9
345,1.378,channel9
346,1.386,channel9
347,1.4,channel9
348,1.407,channel9
349,1.418,channel9
350,1.413,channel9
351,1.404,channel9
352,1.401,channel9
353,1.399,channel9
354,1.395,channel9
355,1.389,channel9
356,1.393,channel9
357,1.421,channel9
358,1.424,channel9
359,1.435,channel9
360,1.472,channel9
361,1.537,channel9
362,1.629,channel9
363,1.715,channel9
364,1.776,channel9
365,1.779,channel9
366,1.769,channel9
367,1.752,channel9
368,1.731,channel9
369,1.706,channel9
370,1.685,channel9
371,1.67,channel9
372,1.65,channel9
373,1.652,channel9
374,1.645,channel9
375,1.631,channel9
376,1.631,channel9
377,1.632,channel9
378,1.653,channel9
379,1.707,channel9
380,1.726,channel9
381,1.722,channel9
382,1.716,channel9
383,1.696,channel9
384,1.685,channel9
385,1.687,channel9
386,1.689,channel9
387,1.718,channel9
388,1.781,channel9
389,1.825,channel9
390,1.818,channel9
391,1.818,channel9
392,1.82,channel9
393,1.816,channel9
394,1.805,channel9
395,1.796,channel9
396,1.795,channel9
397,1.789,channel9
398,1.776,channel9
399,1.758,channel9
400,1.749,channel9
401,1.732,channel9
402,1.706,channel9
403,1.679,channel9
404,1.664,channel9
405,1.644,channel9
406,1.635,channel9
407,1.613,channel9
408,1.597,channel9
409,1.582,channel9
410,1.598,channel9
411,1.632,channel9
412,1.651,channel9
413,1.654,channel9
414,1.675,channel9
415,1.678,channel9
416,1.675,channel9
417,1.666,channel9
418,1.685,channel9
419,1.709,channel9
420,1.737,channel9
421,1.756,channel9
422,1.784,channel9
423,1.831,channel9
424,1.846,channel9
425,1.849,channel9
426,1.855,channel9
427,1.846,channel9
428,1.876,channel9
429,1.862,channel9
430,1.84,channel9
431,1.806,channel9
432,1.776,channel9
433,1.736,channel9
434,1.692,channel9
435,1.649,channel9
436,1.608,channel9
437,1.572,channel9
438,1.548,channel9
439,1.565,channel9
440,1.665,channel9
441,1.699,channel9
442,1.706,channel9
443,1.693,channel9
444,1.658,channel9
445,1.622,channel9
446,1.588,channel9
447,1.549,channel9
448,1.516,channel9
449,1.476,channel9
450,1.435,channel9
451,1.391,channel9
452,1.349,channel9
453,1.3,channel9
454,1.255,channel9
455,1.207,channel9
456,1.18,channel9
457,1.174,channel9
458,1.194,channel9
459,1.228,channel9
460,1.242,channel9
461,1.255,channel9
462,1.271,channel9
463,1.272,channel9
464,1.29,channel9
465,1.301,channel9
466,1.323,channel9
467,1.417,channel9
468,1.465,channel9
469,1.523,channel9
470,1.558,channel9
471,1.587,channel9
472,1.59,channel9
473,1.588,channel9
474,1.584,channel9
475,1.574,channel9
476,1.562,channel9
477,1.552,channel9
478,1.552,channel9
479,1.559,channel9
480,1.558,channel9
481,1.59,channel9
482,1.607,channel9
483,1.606,channel9
484,1.603,channel9
485,1.596,channel9
486,1.588,channel9
487,1.579,channel9
488,1.589,channel9
489,1.584,channel9
490,1.578,channel9
491,1.584,channel9
492,1.587,channel9
493,1.579,channel9
494,1.572,channel9
495,1.562,channel9
496,1.554,channel9
497,1.542,channel9
498,1.53,channel9
499,1.522,channel9
500,1.518,channel9
501,1.547,channel9
502,1.569,channel9
503,1.565,channel9
504,1.551,channel9
505,1.545,channel9
506,1.528,channel9
507,1.513,channel9
508,1.508,channel9
509,1.519,channel9
510,1.55,channel9
511,1.567,channel9
512,1.598,channel9
513,1.618,channel9
514,1.658,channel9
515,1.728,channel9
516,1.833,channel9
517,1.894,channel9
518,1.979,channel9
519,2.04,channel9
520,2.089,channel9
521,2.087,channel9
522,2.071,channel9
523,2.053,channel9
524,2.018,channel9
525,1.962,channel9
526,1.931,channel9
527,1.887,channel9
528,1.834,channel9
529,1.785,channel9
530,1.747,channel9
531,1.725,channel9
532,1.703,channel9
533,1.784,channel9
534,1.797,channel9
535,1.791,channel9
536,1.782,channel9
537,1.759,channel9
538,1.733,channel9
539,1.717,channel9
540,1.717,channel9
541,1.758,channel9
542,1.93,channel9
543,2.096,channel9
544,2.092,channel9
545,2.074,channel9
546,2.025,channel9
547,1.965,channel9
548,1.907,channel9
549,1.855,channel9
550,1.811,channel9
551,1.777,channel9
552,1.748,channel9
553,1.729,channel9
554,1.709,channel9
555,1.707,channel9
556,1.714,channel9
557,1.702,channel9
558,1.676,channel9
559,1.651,channel9
560,1.64,channel9
561,1.626,channel9
562,1.645,channel9
563,1.691,channel9
564,1.718,channel9
565,1.749,channel9
566,1.771,channel9
567,1.823,channel9
568,1.859,channel9
569,1.996,channel9
570,2.07,channel9
571,2.076,channel9
572,2.064,channel9
573,2.053,channel9
574,2.051,channel9
575,2.097,channel9
576,2.127,channel9
577,2.134,channel9
578,2.124,channel9
579,2.129,channel9
580,2.245,channel9
581,2.288,channel9
582,2.334,channel9
583,2.336,channel9
584,2.322,channel9
585,2.289,channel9
586,2.247,channel9
587,2.221,channel9
588,2.183,channel9
589,2.172,channel9
590,2.162,channel9
591,2.139,channel9
592,2.109,channel9
593,2.083,channel9
594,2.056,channel9
595,2.066,channel9
596,2.106,channel9
597,2.086,channel9
598,2.07,channel9
599,2.079,channel9
600,2.111,channel9
601,2.192,channel9
602,2.288,channel9
603,2.344,channel9
604,2.34,channel9
605,2.323,channel9
606,2.297,channel9
607,2.27,channel9
608,2.231,channel9
609,2.205,channel9
610,2.169,channel9
611,2.114,channel9
612,2.041,channel9
613,2.004,channel9
614,1.978,channel9
615,1.938,channel9
616,1.94,channel9
617,1.966,channel9
618,2.033,channel9
619,2.053,channel9
620,2.087,channel9
621,2.143,channel9
622,2.169,channel9
623,2.22,channel9
624,2.274,channel9
625,2.304,channel9
626,2.364,channel9
627,2.444,channel9
628,2.574,channel9
629,2.576,channel9
630,2.564,channel9
631,2.558,channel9
632,2.522,channel9
633,2.482,channel9
634,2.444,channel9
635,2.402,channel9
636,2.372,channel9
637,2.35,channel9
638,2.365,channel9
639,2.419,channel9
640,2.456,channel9
641,2.524,channel9
642,2.54,channel9
643,2.542,channel9
644,2.555,channel9
645,2.611,channel9
646,2.713,channel9
647,2.754,channel9
648,2.784,channel9
649,3.067,channel9
650,3.04,channel9
651,2.99,channel9
652,2.97,channel9
653,2.989,channel9
654,2.978,channel9
655,2.917,channel9
656,2.841,channel9
657,2.756,channel9
658,2.667,channel9
659,2.59,channel9
660,2.477,channel9
661,2.432,channel9
662,2.362,channel9
663,2.301,channel9
664,2.276,channel9
665,2.261,channel9
666,2.249,channel9
667,2.349,channel9
668,2.418,channel9
669,2.432,channel9
670,2.503,channel9
671,2.526,channel9
672,2.504,channel9
673,2.458,channel9
674,2.43,channel9
675,2.468,channel9
676,2.524,channel9
677,2.618,channel9
678,2.656,channel9
679,2.719,channel9
680,2.797,channel9
681,2.887,channel9
682,3.055,channel9
683,3.178,channel9
684,3.29,channel9
685,3.299,channel9
686,3.297,channel9
687,3.253,channel9
688,3.249,channel9
689,3.21,channel9
690,3.179,channel9
691,3.143,channel9
692,3.156,channel9
693,3.184,channel9
694,3.198,channel9
695,3.186,channel9
696,3.169,channel9
697,3.167,channel9
698,3.186,channel9
699,3.145,channel9
700,3.087,channel9
701,3.012,channel9
702,2.952,channel9
703,2.852,channel9
704,2.764,channel9
705,2.689,channel9
706,2.612,channel9
707,2.554,channel9
708,2.504,channel9
709,2.459,channel9
710,2.427,channel9
711,2.484,channel9
712,2.519,channel9
713,2.52,channel9
714,2.529,channel9
715,2.541,channel9
716,2.586,channel9
717,2.623,channel9
718,2.627,channel9
719,2.64,channel9
720,2.6,channel9
721,2.556,channel9
722,2.506,channel9
723,2.524,channel9
724,2.586,channel9
725,2.646,channel9
726,2.715,channel9
727,2.814,channel9
728,2.971,channel9
729,3.028,channel9
730,3.067,channel9
731,3.147,channel9
732,3.188,channel9
733,3.244,channel9
734,3.267,channel9
735,3.327,channel9
736,3.422,channel9
737,3.426,channel9
738,3.42,channel9
739,3.396,channel9
740,3.366,channel9
741,3.314,channel9
742,3.237,channel9
743,3.194,channel9
744,3.155,channel9
745,3.128,channel9
746,3.138,channel9
747,3.1,channel9
748,3.046,channel9
749,3.005,channel9
750,2.926,channel9
751,2.871,channel9
752,2.816,channel9
753,2.82,channel9
754,2.865,channel9
755,2.908,channel9
756,2.957,channel9
757,2.97,channel9
758,2.983,channel9
759,3.028,channel9
760,3.114,channel9
761,3.139,channel9
762,3.212,channel9
763,3.328,channel9
764,3.353,channel9
765,3.355,channel9
766,3.325,channel9
767,3.292,channel9
768,3.255,channel9
769,3.232,channel9
770,3.268,channel9
771,3.297,channel9
772,3.264,channel9
773,3.205,channel9
774,3.136,channel9
775,3.106,channel9
776,3.11,channel9
777,3.185,channel9
778,3.314,channel9
779,3.434,channel9
780,3.506,channel9
781,3.572,channel9
782,3.567,channel9
783,3.573,channel9
784,3.628,channel9
785,3.713,channel9
786,3.784,channel9
787,3.836,channel9
788,3.85,channel9
789,3.883,channel9
790,3.932,channel9
791,4.076,channel9
792,4.215,channel9
793,4.375,channel9
794,4.504,channel9
795,4.512,channel9
796,4.507,channel9
797,4.492,channel9
798,4.466,channel9
799,4.416,channel9
800,4.296,channel9
801,4.191,channel9
802,4.107,channel9
803,4.03,channel9
804,3.957,channel9
805,3.91,channel9
806,3.863,channel9
807,3.82,channel9
808,3.743,channel9
809,3.693,channel9
810,3.618,channel9
811,3.472,channel9
812,3.329,channel9
813,3.105,channel9
814,2.793,channel9
815,2.584,channel9
816,2.408,channel9
817,2.167,channel9
818,2.02,channel9
819,1.877,channel9
820,1.8,channel9
821,1.839,channel9
822,1.839,channel9
823,1.895,channel9
824,2.002,channel9
825,2.076,channel9
826,2.103,channel9
827,2.128,channel9
828,2.222,channel9
829,2.29,channel9
830,2.268,channel9
831,2.222,channel9
832,2.215,channel9
833,2.182,channel9
834,2.178,channel9
835,2.255,channel9
836,2.298,channel9
837,2.321,channel9
838,2.325,channel9
839,2.325,channel9
840,2.341,channel9
841,2.416,channel9
842,2.506,channel9
843,2.624,channel9
844,2.73,channel9
845,2.853,channel9
846,2.946,channel9
847,2.983,channel9
848,2.959,channel9
849,2.936,channel9
850,2.87,channel9
851,2.819,channel9
852,2.819,channel9
853,2.879,channel9
854,3.004,channel9
855,3.012,channel9
856,3,channel9
857,3.008,channel9
858,3.054,channel9
859,3.094,channel9
860,3.082,channel9
861,3.036,channel9
862,2.997,channel9
863,2.947,channel9
864,2.924,channel9
865,2.94,channel9
866,2.96,channel9
867,2.957,channel9
868,2.944,channel9
869,2.932,channel9
870,2.916,channel9
871,2.911,channel9
872,2.9,channel9
873,2.898,channel9
874,2.911,channel9
875,2.952,channel9
876,3.017,channel9
877,3.004,channel9
878,2.991,channel9
879,2.962,channel9
880,2.946,channel9
881,2.915,channel9
882,2.917,channel9
883,2.987,channel9
884,3.034,channel9
885,3.054,channel9
886,3.083,channel9
887,3.086,channel9
888,3.09,channel9
889,3.109,channel9
890,3.107,channel9
891,3.105,channel9
892,3.127,channel9
893,3.145,channel9
894,3.12,channel9
895,3.058,channel9
896,3.026,channel9
897,3.057,channel9
898,3.043,channel9
899,3.084,channel9
900,3.105,channel9
901,3.1,channel9
902,3.094,channel9
903,3.112,channel9
904,3.123,channel9
905,3.123,channel9
906,3.159,channel9
907,3.151,channel9
908,3.129,channel9
909,3.087,channel9
910,3.044,channel9
911,3.028,channel9
912,3.013,channel9
913,3.001,channel9
914,3.013,channel9
915,3.08,channel9
916,3.131,channel9
917,3.13,channel9
918,3.129,channel9
919,3.13,channel9
920,3.161,channel9
921,3.162,channel9
922,3.145,channel9
923,3.203,channel9
924,3.236,channel9
925,3.236,channel9
926,3.268,channel9
927,3.287,channel9
928,3.312,channel9
929,3.336,channel9
930,3.342,channel9
931,3.348,channel9
932,3.381,channel9
933,3.43,channel9
934,3.53,channel9
935,3.674,channel9
936,3.818,channel9
937,3.892,channel9
938,3.909,channel9
939,3.968,channel9
940,4.003,channel9
941,4.089,channel9
942,4.134,channel9
943,4.151,channel9
944,4.193,channel9
945,4.202,channel9
946,4.169,channel9
947,4.087,channel9
948,4.031,channel9
949,3.981,channel9
950,3.935,channel9
951,3.898,channel9
952,3.842,channel9
953,3.793,channel9
954,3.779,channel9
955,3.794,channel9
956,3.805,channel9
957,3.803,channel9
958,3.794,channel9
959,3.743,channel9
960,3.74,channel9
961,3.798,channel9
962,3.913,channel9
963,3.918,channel9
964,3.906,channel9
965,3.877,channel9
966,3.827,channel9
967,3.805,channel9
968,3.842,channel9
969,3.843,channel9
970,3.828,channel9
971,3.824,channel9
972,3.813,channel9
973,3.76,channel9
974,3.701,channel9
975,3.644,channel9
976,3.6,channel9
977,3.541,channel9
978,3.556,channel9
979,3.599,channel9
980,3.657,channel9
981,3.66,channel9
982,3.675,channel9
983,3.702,channel9
984,3.722,channel9
985,3.781,channel9
986,3.95,channel9
987,4.178,channel9
988,4.25,channel9
989,4.273,channel9
990,4.288,channel9
991,4.294,channel9
992,4.282,channel9
993,4.254,channel9
994,4.222,channel9
995,4.193,channel9
996,4.171,channel9
997,4.186,channel9
998,4.308,channel9
999,4.293,channel9
1000,4.277,channel9
1001,4.236,channel9
1002,4.144,channel9
1003,4.014,channel9
1004,3.875,channel9
1005,3.765,channel9
1006,3.723,channel9
1007,3.726,channel9
1008,3.769,channel9
1009,3.76,channel9
1010,3.811,channel9
1011,4.002,channel9
1012,4.055,channel9
1013,4.093,channel9
1014,4.124,channel9
1015,4.133,channel9
1016,4.125,channel9
1017,4.116,channel9
1018,4.132,channel9
1019,4.468,channel9
1020,4.449,channel9
1021,4.301,channel9
1022,4.099,channel9
1023,3.951,channel9
1024,3.834,channel9
1025,3.759,channel9
1026,3.719,channel9
1027,3.668,channel9
1028,3.597,channel9
1029,3.51,channel9
1030,3.48,channel9
1031,3.51,channel9
1032,3.542,channel9
1033,3.545,channel9
1034,3.558,channel9
1035,3.6,channel9
1036,3.795,channel9
1037,3.924,channel9
1038,4.031,channel9
1039,4.109,channel9
1040,4.125,channel9
1041,4.104,channel9
1042,4.062,channel9
1043,4.016,channel9
1044,3.998,channel9
1045,3.981,channel9
1046,3.941,channel9
1047,3.889,channel9
1048,3.853,channel9
1049,3.863,channel9
1050,3.989,channel9
1051,4.004,channel9
1052,3.984,channel9
1053,3.942,channel9
1054,3.93,channel9
1055,3.941,channel9
1056,4.003,channel9
1057,3.947,channel9
1058,3.929,channel9
1059,3.98,channel9
1060,4.007,channel9
1061,3.983,channel9
1062,3.939,channel9
1063,3.892,channel9
1064,3.829,channel9
1065,3.797,channel9
1066,3.803,channel9
1067,3.851,channel9
1068,3.955,channel9
1069,3.921,channel9
1070,3.858,channel9
1071,3.791,channel9
1072,3.739,channel9
1073,3.709,channel9
1074,3.663,channel9
1075,3.617,channel9
1076,3.561,channel9
1077,3.52,channel9
1078,3.511,channel9
1079,3.529,channel9
1080,3.531,channel9
1081,3.526,channel9
1082,3.538,channel9
1083,3.581,channel9
1084,3.602,channel9
1085,3.581,channel9
1086,3.547,channel9
1087,3.541,channel9
1088,3.548,channel9
1089,3.573,channel9
1090,3.629,channel9
1091,3.709,channel9
1092,3.766,channel9
1093,3.811,channel9
1094,3.868,channel9
1095,3.88,channel9
1096,3.909,channel9
1097,3.938,channel9
1098,4.037,channel9
1099,4.086,channel9
1100,4.131,channel9
1101,4.112,channel9
1102,4.079,channel9
1103,4.072,channel9
1104,4.061,channel9
1105,4.062,channel9
1106,4.05,channel9
1107,4.054,channel9
1108,4.066,channel9
1109,4.09,channel9
1110,4.091,channel9
1111,4.054,channel9
1112,4.01,channel9
1113,3.976,channel9
1114,3.945,channel9
1115,3.922,channel9
1116,3.897,channel9
1117,3.877,channel9
1118,3.848,channel9
1119,3.825,channel9
1120,3.792,channel9
1121,3.735,channel9
1122,3.697,channel9
1123,3.663,channel9
1124,3.59,channel9
1125,3.478,channel9
1126,3.379,channel9
1127,3.291,channel9
1128,3.222,channel9
1129,3.167,channel9
1130,3.101,channel9
1131,3.07,channel9
1132,2.993,channel9
1133,2.887,channel9
1134,2.753,channel9
1135,2.671,channel9
1136,2.638,channel9
1137,2.547,channel9
1138,2.438,channel9
1139,2.387,channel9
1140,2.386,channel9
1141,2.533,channel9
1142,2.681,channel9
1143,2.819,channel9
1144,3.194,channel9
1145,3.245,channel9
1146,3.181,channel9
1147,3.108,channel9
1148,3.061,channel9
1149,3.017,channel9
1150,2.983,channel9
1151,3.028,channel9
1152,3.244,channel9
1153,3.483,channel9
1154,3.508,channel9
1155,3.578,channel9
1156,3.553,channel9
1157,3.506,channel9
1158,3.441,channel9
1159,3.396,channel9
1160,3.389,channel9
1161,3.368,channel9
1162,3.357,channel9
1163,3.66,channel9
1164,3.674,channel9
1165,3.615,channel9
1166,3.549,channel9
1167,3.426,channel9
1168,3.429,channel9
1169,3.349,channel9
1170,3.229,channel9
1171,3.156,channel9
1172,3.056,channel9
1173,2.975,channel9
1174,2.899,channel9
1175,2.85,channel9
1176,2.812,channel9
1177,2.763,channel9
1178,2.742,channel9
1179,2.714,channel9
1180,2.732,channel9
1181,2.7,channel9
1182,2.642,channel9
1183,2.614,channel9
1184,2.599,channel9
1185,2.577,channel9
1186,2.635,channel9
1187,2.698,channel9
1188,2.731,channel9
1189,2.698,channel9
1190,2.591,channel9
1191,2.526,channel9
1192,2.443,channel9
1193,2.379,channel9
1194,2.283,channel9
1195,2.206,channel9
1196,2.277,channel9
1197,2.313,channel9
1198,2.463,channel9
1199,2.547,channel9
1200,2.639,channel9
1201,2.647,channel9
1202,2.63,channel9
1203,2.658,channel9
1204,2.663,channel9
1205,2.702,channel9
1206,2.701,channel9
1207,2.71,channel9
1208,2.724,channel9
1209,2.738,channel9
1210,2.763,channel9
1211,2.786,channel9
1212,2.785,channel9
1213,2.832,channel9
1214,2.826,channel9
1215,2.797,channel9
1216,2.787,channel9
1217,2.734,channel9
1218,2.677,channel9
1219,2.635,channel9
1220,2.596,channel9
1221,2.637,channel9
1222,2.656,channel9
1223,2.66,channel9
1224,2.699,channel9
1225,2.717,channel9
1226,2.716,channel9
1227,2.743,channel9
1228,2.74,channel9
1229,2.744,channel9
1230,2.745,channel9
1231,2.763,channel9
1232,2.753,channel9
1233,2.712,channel9
1234,2.657,channel9
1235,2.638,channel9
1236,2.637,channel9
1237,2.623,channel9
1238,2.629,channel9
1239,2.659,channel9
1240,2.72,channel9
1241,2.748,channel9
1242,2.748,channel9
1243,2.743,channel9
1244,2.746,channel9
1245,2.766,channel9
1246,2.801,channel9
1247,2.819,channel9
1248,2.867,channel9
1249,2.903,channel9
1250,2.92,channel9
1251,2.918,channel9
1252,2.917,channel9
1253,2.921,channel9
1254,2.941,channel9
1255,2.951,channel9
1256,2.959,channel9
1257,2.948,channel9
1258,2.932,channel9
1259,2.94,channel9
1260,3.002,channel9
1261,3.027,channel9
1262,3.011,channel9
1263,2.96,channel9
1264,2.929,channel9
1265,2.893,channel9
1266,2.884,channel9
1267,2.885,channel9
1268,2.872,channel9
1269,2.873,channel9
1270,2.901,channel9
1271,2.911,channel9
1272,2.933,channel9
1273,2.953,channel9
1274,2.969,channel9
1275,3.084,channel9
1276,3.106,channel9
1277,3.09,channel9
1278,3.071,channel9
1279,3.042,channel9
1280,3.014,channel9
1281,3.005,channel9
1282,2.993,channel9
1283,2.997,channel9
1284,3.12,channel9
1285,3.156,channel9
1286,3.123,channel9
1287,3.105,channel9
1288,3.075,channel9
1289,3.043,channel9
1290,3.029,channel9
1291,3.037,channel9
1292,3.046,channel9
1293,3.083,channel9
1294,3.084,channel9
1295,3.096,channel9
1296,3.161,channel9
1297,3.218,channel9
1298,3.214,channel9
1299,3.204,channel9
1300,3.21,channel9
1301,3.215,channel9
1302,3.244,channel9
1303,3.29,channel9
1304,3.347,channel9
1305,3.4,channel9
1306,3.401,channel9
1307,3.438,channel9
1308,3.462,channel9
1309,3.503,channel9
1310,3.534,channel9
1311,3.486,channel9
1312,3.514,channel9
1313,3.542,channel9
1314,3.539,channel9
1315,3.53,channel9
1316,3.512,channel9
1317,3.487,channel9
1318,3.474,channel9
1319,3.475,channel9
1320,3.459,channel9
1321,3.438,channel9
1322,3.429,channel9
1323,3.422,channel9
1324,3.409,channel9
1325,3.388,channel9
1326,3.391,channel9
1327,3.41,channel9
1328,3.417,channel9
1329,3.426,channel9
1330,3.432,channel9
1331,3.498,channel9
1332,3.561,channel9
1333,3.58,channel9
1334,3.584,channel9
1335,3.565,channel9
1336,3.533,channel9
1337,3.483,channel9
1338,3.43,channel9
1339,3.392,channel9
1340,3.322,channel9
1341,3.252,channel9
1342,3.196,channel9
1343,3.169,channel9
1344,3.137,channel9
1345,3.097,channel9
1346,3.065,channel9
1347,3.043,channel9
1348,3.014,channel9
1349,3.001,channel9
1350,3.013,channel9
1351,3.014,channel9
1352,3.024,channel9
1353,3.035,channel9
1354,3.066,channel9
1355,3.114,channel9
1356,3.232,channel9
1357,3.353,channel9
1358,3.508,channel9
1359,3.672,channel9
1360,3.72,channel9
1361,3.764,channel9
1362,3.796,channel9
1363,3.778,channel9
1364,3.754,channel9
1365,3.717,channel9
1366,3.678,channel9
1367,3.605,channel9
1368,3.537,channel9
1369,3.475,channel9
1370,3.474,channel9
1371,3.467,channel9
1372,3.445,channel9
1373,3.416,channel9
1374,3.395,channel9
1375,3.383,channel9
1376,3.347,channel9
1377,3.329,channel9
1378,3.314,channel9
1379,3.341,channel9
1380,3.344,channel9
1381,3.343,channel9
1382,3.429,channel9
1383,3.651,channel9
1384,3.748,channel9
1385,3.768,channel9
1386,3.748,channel9
1387,3.696,channel9
1388,3.703,channel9
1389,3.688,channel9
1390,3.632,channel9
1391,3.561,channel9
1392,3.499,channel9
1393,3.429,channel9
1394,3.366,channel9
1395,3.32,channel9
1396,3.31,channel9
1397,3.297,channel9
1398,3.289,channel9
1399,3.275,channel9
1400,3.26,channel9
1401,3.248,channel9
1402,3.237,channel9
1403,3.228,channel9
1404,3.235,channel9
1405,3.226,channel9
1406,3.201,channel9
1407,3.113,channel9
1408,2.969,channel9
1409,2.852,channel9
1410,2.774,channel9
1411,2.672,channel9
1412,2.611,channel9
1413,2.549,channel9
1414,2.536,channel9
1415,2.548,channel9
1416,2.575,channel9
1417,2.647,channel9
1418,2.674,channel9
1419,2.725,channel9
1420,2.773,channel9
1421,2.813,channel9
1422,2.845,channel9
1423,2.86,channel9
1424,2.89,channel9
1425,2.906,channel9
1426,2.917,channel9
1427,2.923,channel9
1428,2.917,channel9
1429,2.926,channel9
1430,2.948,channel9
1431,2.952,channel9
1432,2.953,channel9
1433,2.95,channel9
1434,2.931,channel9
1435,2.914,channel9
1436,2.903,channel9
1437,2.895,channel9
1438,2.887,channel9
1439,2.882,channel9
1440,2.869,channel9
1441,2.863,channel9
1442,2.864,channel9
1443,2.864,channel9
1444,2.868,channel9
1445,2.871,channel9
1446,2.866,channel9
1447,2.878,channel9
1448,2.893,channel9
1449,2.907,channel9
1450,2.951,channel9
1451,3.009,channel9
1452,3.033,channel9
1453,3.058,channel9
1454,3.102,channel9
1455,3.141,channel9
1456,3.249,channel9
1457,3.373,channel9
1458,3.44,channel9
1459,3.53,channel9
1460,3.567,channel9
1461,3.572,channel9
1462,3.587,channel9
1463,3.608,channel9
1464,3.628,channel9
1465,3.653,channel9
1466,3.699,channel9
1467,3.748,channel9
1468,3.775,channel9
1469,3.799,channel9
1470,3.826,channel9
1471,3.849,channel9
1472,3.859,channel9
1473,3.867,channel9
1474,3.917,channel9
1475,3.946,channel9
1476,3.97,channel9
1477,3.984,channel9
1478,3.987,channel9
1479,4.02,channel9
1480,4.041,channel9
1481,4.062,channel9
1482,4.047,channel9
1483,4.039,channel9
1484,4.038,channel9
1485,4.039,channel9
1486,4.032,channel9
1487,4.025,channel9
1488,4.044,channel9
1489,4.071,channel9
1490,4.118,channel9
1491,4.174,channel9
1492,4.209,channel9
1493,4.232,channel9
1494,4.274,channel9
1495,4.297,channel9
1496,4.302,channel9
1497,4.285,channel9
1498,4.265,channel9
1499,4.251,channel9
1500,4.235,channel9
1501,4.249,channel9
1502,4.262,channel9
1503,4.266,channel9
1504,4.26,channel9
1505,4.26,channel9
1506,4.285,channel9
1507,4.299,channel9
1508,4.34,channel9
1509,4.419,channel9
1510,4.893,channel9
1511,5.267,channel9
1512,5.339,channel9
1513,5.383,channel9
1514,5.333,channel9
1515,5.256,channel9
1516,5.211,channel9
1517,5.198,channel9
1518,5.219,channel9
1519,5.336,channel9
1520,5.48,channel9
1521,5.604,channel9
1522,5.673,channel9
1523,5.867,channel9
1524,5.979,channel9
1525,5.962,channel9
1526,5.893,channel9
1527,5.806,channel9
1528,5.677,channel9
1529,5.498,channel9
1530,5.371,channel9
1531,5.265,channel9
1532,5.107,channel9
1533,5.026,channel9
1534,4.961,channel9
1535,4.894,channel9
1536,4.858,channel9
1537,4.945,channel9
1538,4.968,channel9
1539,5.3,channel9
1540,5.817,channel9
1541,5.795,channel9
1542,5.558,channel9
1543,5.297,channel9
1544,5.143,channel9
1545,5.061,channel9
1546,5.039,channel9
1547,4.893,channel9
1548,4.699,channel9
1549,4.475,channel9
1550,4.257,channel9
1551,4.094,channel9
1552,4.03,channel9
1553,4.06,channel9
1554,4.078,channel9
1555,4.082,channel9
1556,4.123,channel9
1557,4.201,channel9
1558,4.224,channel9
1559,4.229,channel9
1560,4.313,channel9
1561,4.37,channel9
1562,4.463,channel9
1563,4.517,channel9
1564,4.482,channel9
1565,4.487,channel9
1566,4.504,channel9
1567,4.564,channel9
1568,4.631,channel9
1569,4.654,channel9
1570,4.65,channel9
1571,4.628,channel9
1572,4.616,channel9
1573,4.613,channel9
1574,4.641,channel9
1575,4.63,channel9
1576,4.692,channel9
1577,4.676,channel9
1578,4.66,channel9
1579,4.64,channel9
1580,4.648,channel9
1581,4.663,channel9
1582,4.651,channel9
1583,4.733,channel9
1584,4.801,channel9
1585,4.875,channel9
1586,4.981,channel9
1587,4.996,channel9
1588,5.025,channel9
1589,5.086,channel9
1590,5.29,channel9
1591,5.386,channel9
1592,5.524,channel9
1593,5.292,channel9
1594,5.124,channel9
1595,4.985,channel9
1596,4.851,channel9
1597,4.725,channel9
1598,4.648,channel9
1599,4.547,channel9
1600,4.487,channel9
1601,4.382,channel9
1602,4.269,channel9
1603,4.181,channel9
1604,4.183,channel9
1605,4.248,channel9
1606,4.205,channel9
1607,4.107,channel9
1608,4.057,channel9
1609,4.07,channel9
1610,4.115,channel9
1611,4.146,channel9
1612,4.19,channel9
1613,4.211,channel9
1614,4.363,channel9
1615,4.425,channel9
1616,4.507,channel9
1617,4.586,channel9
1618,4.683,channel9
1619,4.878,channel9
1620,4.981,channel9
1621,4.959,channel9
1622,4.923,channel9
1,0,label
2,0,label
3,0,label
4,0,label
5,0,label
6,0,label
7,0,label
8,0,label
9,0,label
10,0,label
11,0,label
12,0,label
13,0,label
14,0,label
15,0,label
16,0,label
17,0,label
18,0,label
19,0,label
20,0,label
21,0,label
22,0,label
23,0,label
24,0,label
25,0,label
26,0,label
27,0,label
28,0,label
29,0,label
30,0,label
31,0,label
32,0,label
33,0,label
34,0,label
35,0,label
36,0,label
37,0,label
38,0,label
39,0,label
40,0,label
41,0,label
42,0,label
43,0,label
44,0,label
45,0,label
46,0,label
47,0,label
48,0,label
49,0,label
50,0,label
51,0,label
52,0,label
53,0,label
54,0,label
55,0,label
56,0,label
57,0,label
58,0,label
59,0,label
60,0,label
61,0,label
62,0,label
63,0,label
64,0,label
65,0,label
66,0,label
67,0,label
68,0,label
69,0,label
70,0,label
71,0,label
72,0,label
73,0,label
74,0,label
75,0,label
76,0,label
77,0,label
78,0,label
79,0,label
80,0,label
81,0,label
82,0,label
83,0,label
84,0,label
85,0,label
86,0,label
87,0,label
88,0,label
89,0,label
90,0,label
91,0,label
92,0,label
93,0,label
94,0,label
95,0,label
96,0,label
97,0,label
98,0,label
99,0,label
100,0,label
101,0,label
102,0,label
103,0,label
104,0,label
105,0,label
106,0,label
107,0,label
108,0,label
109,0,label
110,0,label
111,0,label
112,0,label
113,0,label
114,0,label
115,0,label
116,0,label
117,0,label
118,0,label
119,0,label
120,0,label
121,0,label
122,0,label
123,0,label
124,0,label
125,0,label
126,0,label
127,0,label
128,0,label
129,0,label
130,0,label
131,0,label
132,0,label
133,0,label
134,0,label
135,0,label
136,0,label
137,0,label
138,0,label
139,0,label
140,0,label
141,0,label
142,0,label
143,0,label
144,0,label
145,0,label
146,0,label
147,0,label
148,0,label
149,0,label
150,0,label
151,0,label
152,0,label
153,0,label
154,0,label
155,0,label
156,0,label
157,0,label
158,0,label
159,0,label
160,0,label
161,0,label
162,0,label
163,0,label
164,0,label
165,0,label
166,0,label
167,0,label
168,0,label
169,0,label
170,0,label
171,0,label
172,0,label
173,0,label
174,0,label
175,0,label
176,0,label
177,0,label
178,0,label
179,0,label
180,0,label
181,0,label
182,0,label
183,0,label
184,0,label
185,0,label
186,0,label
187,0,label
188,0,label
189,0,label
190,0,label
191,0,label
192,0,label
193,0,label
194,0,label
195,0,label
196,0,label
197,0,label
198,0,label
199,0,label
200,0,label
201,0,label
202,0,label
203,0,label
204,0,label
205,0,label
206,0,label
207,0,label
208,0,label
209,0,label
210,0,label
211,0,label
212,0,label
213,0,label
214,0,label
215,0,label
216,0,label
217,0,label
218,0,label
219,0,label
220,0,label
221,0,label
222,0,label
223,0,label
224,0,label
225,0,label
226,0,label
227,0,label
228,0,label
229,0,label
230,0,label
231,0,label
232,0,label
233,0,label
234,0,label
235,0,label
236,0,label
237,0,label
238,0,label
239,0,label
240,0,label
241,0,label
242,0,label
243,0,label
244,0,label
245,0,label
246,0,label
247,0,label
248,0,label
249,0,label
250,0,label
251,0,label
252,0,label
253,0,label
254,0,label
255,0,label
256,0,label
257,0,label
258,0,label
259,0,label
260,0,label
261,0,label
262,0,label
263,0,label
264,0,label
265,0,label
266,0,label
267,0,label
268,0,label
269,0,label
270,0,label
271,0,label
272,0,label
273,0,label
274,0,label
275,0,label
276,0,label
277,0,label
278,0,label
279,0,label
280,0,label
281,0,label
282,0,label
283,0,label
284,0,label
285,0,label
286,0,label
287,0,label
288,0,label
289,0,label
290,0,label
291,0,label
292,0,label
293,0,label
294,0,label
295,0,label
296,0,label
297,0,label
298,0,label
299,0,label
300,0,label
301,0,label
302,0,label
303,0,label
304,0,label
305,0,label
306,0,label
307,0,label
308,0,label
309,0,label
310,0,label
311,0,label
312,0,label
313,0,label
314,0,label
315,0,label
316,0,label
317,0,label
318,0,label
319,0,label
320,0,label
321,0,label
322,0,label
323,0,label
324,0,label
325,0,label
326,0,label
327,0,label
328,0,label
329,0,label
330,0,label
331,0,label
332,0,label
333,0,label
334,0,label
335,0,label
336,0,label
337,0,label
338,0,label
339,0,label
340,0,label
341,0,label
342,0,label
343,0,label
344,0,label
345,0,label
346,0,label
347,0,label
348,0,label
349,0,label
350,0,label
351,0,label
352,0,label
353,0,label
354,0,label
355,0,label
356,0,label
357,0,label
358,0,label
359,0,label
360,0,label
361,0,label
362,0,label
363,0,label
364,0,label
365,0,label
366,0,label
367,0,label
368,0,label
369,0,label
370,0,label
371,0,label
372,0,label
373,0,label
374,0,label
375,0,label
376,0,label
377,0,label
378,0,label
379,0,label
380,0,label
381,0,label
382,0,label
383,0,label
384,0,label
385,0,label
386,0,label
387,0,label
388,0,label
389,0,label
390,0,label
391,0,label
392,0,label
393,0,label
394,0,label
395,0,label
396,0,label
397,0,label
398,0,label
399,0,label
400,0,label
401,0,label
402,0,label
403,0,label
404,0,label
405,0,label
406,0,label
407,0,label
408,0,label
409,0,label
410,0,label
411,0,label
412,0,label
413,0,label
414,0,label
415,0,label
416,0,label
417,0,label
418,0,label
419,0,label
420,0,label
421,0,label
422,0,label
423,0,label
424,0,label
425,0,label
426,0,label
427,0,label
428,0,label
429,0,label
430,0,label
431,0,label
432,0,label
433,0,label
434,0,label
435,0,label
436,0,label
437,0,label
438,0,label
439,0,label
440,0,label
441,0,label
442,0,label
443,0,label
444,0,label
445,0,label
446,0,label
447,0,label
448,0,label
449,0,label
450,0,label
451,0,label
452,0,label
453,0,label
454,0,label
455,0,label
456,0,label
457,0,label
458,0,label
459,0,label
460,0,label
461,0,label
462,0,label
463,0,label
464,0,label
465,0,label
466,0,label
467,0,label
468,0,label
469,0,label
470,0,label
471,0,label
472,0,label
473,0,label
474,0,label
475,0,label
476,0,label
477,0,label
478,0,label
479,0,label
480,0,label
481,0,label
482,0,label
483,0,label
484,0,label
485,0,label
486,0,label
487,0,label
488,0,label
489,0,label
490,0,label
491,0,label
492,0,label
493,0,label
494,0,label
495,0,label
496,0,label
497,0,label
498,0,label
499,0,label
500,0,label
501,0,label
502,0,label
503,0,label
504,0,label
505,0,label
506,0,label
507,0,label
508,0,label
509,0,label
510,0,label
511,0,label
512,0,label
513,0,label
514,0,label
515,0,label
516,0,label
517,0,label
518,0,label
519,0,label
520,0,label
521,0,label
522,0,label
523,0,label
524,0,label
525,0,label
526,0,label
527,0,label
528,0,label
529,0,label
530,0,label
531,0,label
532,0,label
533,0,label
534,0,label
535,0,label
536,0,label
537,0,label
538,0,label
539,0,label
540,0,label
541,0,label
542,0,label
543,0,label
544,0,label
545,0,label
546,0,label
547,0,label
548,0,label
549,0,label
550,0,label
551,0,label
552,0,label
553,0,label
554,0,label
555,0,label
556,0,label
557,0,label
558,0,label
559,0,label
560,0,label
561,0,label
562,0,label
563,0,label
564,0,label
565,0,label
566,0,label
567,0,label
568,0,label
569,0,label
570,0,label
571,0,label
572,0,label
573,0,label
574,0,label
575,0,label
576,0,label
577,0,label
578,0,label
579,0,label
580,0,label
581,0,label
582,0,label
583,0,label
584,0,label
585,0,label
586,0,label
587,0,label
588,0,label
589,0,label
590,0,label
591,0,label
592,0,label
593,0,label
594,0,label
595,0,label
596,0,label
597,0,label
598,0,label
599,0,label
600,0,label
601,0,label
602,0,label
603,0,label
604,0,label
605,0,label
606,0,label
607,0,label
608,0,label
609,0,label
610,0,label
611,0,label
612,0,label
613,0,label
614,0,label
615,0,label
616,0,label
617,0,label
618,0,label
619,0,label
620,0,label
621,0,label
622,0,label
623,0,label
624,0,label
625,0,label
626,0,label
627,0,label
628,0,label
629,0,label
630,0,label
631,0,label
632,0,label
633,0,label
634,0,label
635,0,label
636,0,label
637,0,label
638,0,label
639,0,label
640,0,label
641,0,label
642,0,label
643,0,label
644,0,label
645,0,label
646,0,label
647,0,label
648,0,label
649,0,label
650,0,label
651,0,label
652,0,label
653,0,label
654,0,label
655,0,label
656,0,label
657,0,label
658,0,label
659,0,label
660,0,label
661,0,label
662,0,label
663,0,label
664,0,label
665,0,label
666,0,label
667,0,label
668,0,label
669,0,label
670,0,label
671,0,label
672,0,label
673,0,label
674,0,label
675,0,label
676,0,label
677,0,label
678,0,label
679,0,label
680,0,label
681,0,label
682,0,label
683,0,label
684,0,label
685,0,label
686,0,label
687,0,label
688,0,label
689,0,label
690,0,label
691,0,label
692,0,label
693,0,label
694,0,label
695,0,label
696,0,label
697,0,label
698,0,label
699,0,label
700,0,label
701,0,label
702,0,label
703,0,label
704,0,label
705,0,label
706,0,label
707,0,label
708,0,label
709,0,label
710,0,label
711,0,label
712,0,label
713,0,label
714,0,label
715,0,label
716,0,label
717,0,label
718,0,label
719,0,label
720,0,label
721,0,label
722,0,label
723,0,label
724,0,label
725,0,label
726,0,label
727,0,label
728,0,label
729,0,label
730,0,label
731,0,label
732,0,label
733,0,label
734,0,label
735,0,label
736,0,label
737,0,label
738,0,label
739,0,label
740,0,label
741,0,label
742,0,label
743,0,label
744,0,label
745,0,label
746,0,label
747,0,label
748,0,label
749,0,label
750,0,label
751,0,label
752,0,label
753,0,label
754,0,label
755,0,label
756,0,label
757,0,label
758,0,label
759,0,label
760,0,label
761,0,label
762,0,label
763,0,label
764,0,label
765,0,label
766,0,label
767,0,label
768,0,label
769,0,label
770,0,label
771,0,label
772,0,label
773,0,label
774,0,label
775,0,label
776,0,label
777,0,label
778,0,label
779,0,label
780,0,label
781,0,label
782,0,label
783,0,label
784,0,label
785,0,label
786,0,label
787,0,label
788,0,label
789,0,label
790,0,label
791,0,label
792,0,label
793,0,label
794,0,label
795,0,label
796,0,label
797,0,label
798,0,label
799,0,label
800,0,label
801,0,label
802,0,label
803,0,label
804,0,label
805,0,label
806,0,label
807,0,label
808,0,label
809,0,label
810,0,label
811,0,label
812,0,label
813,0,label
814,0,label
815,0,label
816,0,label
817,0,label
818,0,label
819,0,label
820,0,label
821,0,label
822,0,label
823,0,label
824,0,label
825,0,label
826,0,label
827,0,label
828,0,label
829,0,label
830,0,label
831,0,label
832,0,label
833,0,label
834,0,label
835,0,label
836,0,label
837,0,label
838,0,label
839,0,label
840,0,label
841,0,label
842,0,label
843,0,label
844,0,label
845,0,label
846,0,label
847,0,label
848,0,label
849,0,label
850,0,label
851,0,label
852,0,label
853,0,label
854,0,label
855,0,label
856,0,label
857,0,label
858,0,label
859,0,label
860,0,label
861,0,label
862,0,label
863,0,label
864,0,label
865,0,label
866,0,label
867,0,label
868,0,label
869,0,label
870,0,label
871,0,label
872,0,label
873,0,label
874,0,label
875,0,label
876,0,label
877,0,label
878,0,label
879,0,label
880,0,label
881,0,label
882,0,label
883,0,label
884,0,label
885,0,label
886,0,label
887,0,label
888,0,label
889,0,label
890,0,label
891,0,label
892,0,label
893,0,label
894,0,label
895,0,label
896,0,label
897,0,label
898,0,label
899,0,label
900,0,label
901,0,label
902,0,label
903,0,label
904,0,label
905,0,label
906,0,label
907,0,label
908,0,label
909,0,label
910,0,label
911,0,label
912,0,label
913,0,label
914,0,label
915,0,label
916,0,label
917,0,label
918,0,label
919,0,label
920,0,label
921,0,label
922,0,label
923,0,label
924,0,label
925,0,label
926,0,label
927,0,label
928,0,label
929,0,label
930,0,label
931,0,label
932,0,label
933,0,label
934,0,label
935,0,label
936,0,label
937,0,label
938,0,label
939,0,label
940,0,label
941,0,label
942,0,label
943,0,label
944,0,label
945,0,label
946,0,label
947,0,label
948,0,label
949,0,label
950,0,label
951,0,label
952,0,label
953,0,label
954,0,label
955,0,label
956,0,label
957,0,label
958,0,label
959,0,label
960,0,label
961,0,label
962,0,label
963,0,label
964,0,label
965,0,label
966,0,label
967,0,label
968,0,label
969,0,label
970,0,label
971,0,label
972,0,label
973,0,label
974,0,label
975,0,label
976,0,label
977,0,label
978,0,label
979,0,label
980,0,label
981,0,label
982,0,label
983,0,label
984,0,label
985,0,label
986,0,label
987,0,label
988,0,label
989,0,label
990,0,label
991,0,label
992,0,label
993,0,label
994,0,label
995,0,label
996,0,label
997,0,label
998,0,label
999,0,label
1000,0,label
1001,0,label
1002,0,label
1003,0,label
1004,0,label
1005,0,label
1006,0,label
1007,0,label
1008,0,label
1009,0,label
1010,0,label
1011,0,label
1012,0,label
1013,0,label
1014,0,label
1015,0,label
1016,0,label
1017,0,label
1018,0,label
1019,0,label
1020,0,label
1021,0,label
1022,0,label
1023,0,label
1024,0,label
1025,0,label
1026,0,label
1027,0,label
1028,0,label
1029,0,label
1030,0,label
1031,0,label
1032,0,label
1033,0,label
1034,0,label
1035,0,label
1036,0,label
1037,0,label
1038,0,label
1039,0,label
1040,0,label
1041,0,label
1042,0,label
1043,0,label
1044,0,label
1045,0,label
1046,0,label
1047,0,label
1048,0,label
1049,0,label
1050,0,label
1051,0,label
1052,0,label
1053,0,label
1054,0,label
1055,0,label
1056,0,label
1057,0,label
1058,0,label
1059,0,label
1060,0,label
1061,0,label
1062,0,label
1063,0,label
1064,0,label
1065,0,label
1066,0,label
1067,0,label
1068,0,label
1069,0,label
1070,0,label
1071,0,label
1072,0,label
1073,0,label
1074,0,label
1075,0,label
1076,0,label
1077,0,label
1078,0,label
1079,0,label
1080,0,label
1081,0,label
1082,0,label
1083,0,label
1084,0,label
1085,0,label
1086,0,label
1087,0,label
1088,0,label
1089,0,label
1090,0,label
1091,0,label
1092,0,label
1093,0,label
1094,0,label
1095,0,label
1096,0,label
1097,0,label
1098,0,label
1099,0,label
1100,0,label
1101,0,label
1102,0,label
1103,0,label
1104,0,label
1105,0,label
1106,0,label
1107,0,label
1108,0,label
1109,0,label
1110,0,label
1111,0,label
1112,0,label
1113,0,label
1114,0,label
1115,0,label
1116,0,label
1117,0,label
1118,0,label
1119,0,label
1120,0,label
1121,0,label
1122,0,label
1123,0,label
1124,0,label
1125,0,label
1126,0,label
1127,0,label
1128,0,label
1129,0,label
1130,0,label
1131,0,label
1132,0,label
1133,0,label
1134,0,label
1135,0,label
1136,0,label
1137,0,label
1138,0,label
1139,0,label
1140,0,label
1141,0,label
1142,0,label
1143,0,label
1144,0,label
1145,0,label
1146,0,label
1147,0,label
1148,0,label
1149,0,label
1150,0,label
1151,0,label
1152,0,label
1153,0,label
1154,0,label
1155,0,label
1156,0,label
1157,0,label
1158,0,label
1159,0,label
1160,0,label
1161,0,label
1162,0,label
1163,0,label
1164,0,label
1165,0,label
1166,0,label
1167,0,label
1168,0,label
1169,0,label
1170,0,label
1171,0,label
1172,0,label
1173,0,label
1174,0,label
1175,0,label
1176,0,label
1177,0,label
1178,0,label
1179,0,label
1180,0,label
1181,0,label
1182,0,label
1183,0,label
1184,0,label
1185,0,label
1186,0,label
1187,0,label
1188,0,label
1189,0,label
1190,0,label
1191,0,label
1192,0,label
1193,0,label
1194,0,label
1195,0,label
1196,0,label
1197,0,label
1198,0,label
1199,0,label
1200,0,label
1201,0,label
1202,0,label
1203,0,label
1204,0,label
1205,0,label
1206,0,label
1207,0,label
1208,0,label
1209,0,label
1210,0,label
1211,0,label
1212,0,label
1213,0,label
1214,0,label
1215,0,label
1216,0,label
1217,0,label
1218,0,label
1219,0,label
1220,0,label
1221,0,label
1222,0,label
1223,0,label
1224,0,label
1225,0,label
1226,0,label
1227,0,label
1228,0,label
1229,0,label
1230,0,label
1231,0,label
1232,0,label
1233,0,label
1234,0,label
1235,0,label
1236,0,label
1237,0,label
1238,0,label
1239,0,label
1240,0,label
1241,0,label
1242,0,label
1243,0,label
1244,0,label
1245,0,label
1246,0,label
1247,0,label
1248,0,label
1249,0,label
1250,0,label
1251,0,label
1252,0,label
1253,0,label
1254,0,label
1255,0,label
1256,0,label
1257,0,label
1258,0,label
1259,0,label
1260,0,label
1261,0,label
1262,0,label
1263,0,label
1264,0,label
1265,0,label
1266,0,label
1267,0,label
1268,0,label
1269,0,label
1270,0,label
1271,0,label
1272,0,label
1273,0,label
1274,0,label
1275,0,label
1276,0,label
1277,0,label
1278,0,label
1279,0,label
1280,0,label
1281,0,label
1282,0,label
1283,0,label
1284,0,label
1285,0,label
1286,0,label
1287,0,label
1288,0,label
1289,0,label
1290,0,label
1291,0,label
1292,0,label
1293,0,label
1294,0,label
1295,0,label
1296,0,label
1297,0,label
1298,0,label
1299,0,label
1300,0,label
1301,0,label
1302,0,label
1303,0,label
1304,0,label
1305,0,label
1306,0,label
1307,0,label
1308,0,label
1309,0,label
1310,0,label
1311,0,label
1312,0,label
1313,0,label
1314,0,label
1315,0,label
1316,0,label
1317,0,label
1318,0,label
1319,0,label
1320,0,label
1321,0,label
1322,0,label
1323,0,label
1324,0,label
1325,0,label
1326,0,label
1327,0,label
1328,0,label
1329,0,label
1330,0,label
1331,0,label
1332,1,label
1333,1,label
1334,0,label
1335,0,label
1336,0,label
1337,0,label
1338,0,label
1339,0,label
1340,0,label
1341,0,label
1342,0,label
1343,0,label
1344,1,label
1345,1,label
1346,1,label
1347,1,label
1348,0,label
1349,0,label
1350,0,label
1351,0,label
1352,0,label
1353,0,label
1354,0,label
1355,0,label
1356,0,label
1357,0,label
1358,0,label
1359,0,label
1360,0,label
1361,0,label
1362,0,label
1363,0,label
1364,0,label
1365,0,label
1366,0,label
1367,0,label
1368,0,label
1369,1,label
1370,0,label
1371,0,label
1372,1,label
1373,0,label
1374,0,label
1375,0,label
1376,0,label
1377,0,label
1378,0,label
1379,0,label
1380,0,label
1381,0,label
1382,1,label
1383,0,label
1384,0,label
1385,0,label
1386,0,label
1387,1,label
1388,0,label
1389,0,label
1390,1,label
1391,1,label
1392,0,label
1393,0,label
1394,0,label
1395,0,label
1396,0,label
1397,0,label
1398,0,label
1399,0,label
1400,0,label
1401,0,label
1402,0,label
1403,0,label
1404,0,label
1405,0,label
1406,1,label
1407,0,label
1408,0,label
1409,0,label
1410,0,label
1411,1,label
1412,1,label
1413,1,label
1414,1,label
1415,1,label
1416,0,label
1417,0,label
1418,0,label
1419,0,label
1420,0,label
1421,0,label
1422,0,label
1423,0,label
1424,0,label
1425,0,label
1426,0,label
1427,0,label
1428,0,label
1429,0,label
1430,0,label
1431,0,label
1432,0,label
1433,0,label
1434,0,label
1435,0,label
1436,0,label
1437,0,label
1438,0,label
1439,0,label
1440,0,label
1441,0,label
1442,1,label
1443,0,label
1444,0,label
1445,0,label
1446,0,label
1447,0,label
1448,0,label
1449,0,label
1450,0,label
1451,0,label
1452,0,label
1453,0,label
1454,0,label
1455,0,label
1456,0,label
1457,0,label
1458,0,label
1459,1,label
1460,0,label
1461,0,label
1462,0,label
1463,0,label
1464,0,label
1465,0,label
1466,1,label
1467,0,label
1468,0,label
1469,0,label
1470,0,label
1471,0,label
1472,0,label
1473,0,label
1474,0,label
1475,0,label
1476,0,label
1477,0,label
1478,0,label
1479,1,label
1480,1,label
1481,1,label
1482,0,label
1483,0,label
1484,0,label
1485,0,label
1486,0,label
1487,0,label
1488,0,label
1489,0,label
1490,1,label
1491,0,label
1492,0,label
1493,0,label
1494,0,label
1495,1,label
1496,1,label
1497,0,label
1498,0,label
1499,0,label
1500,0,label
1501,0,label
1502,0,label
1503,0,label
1504,0,label
1505,0,label
1506,0,label
1507,0,label
1508,0,label
1509,1,label
1510,1,label
1511,1,label
1512,0,label
1513,0,label
1514,0,label
1515,1,label
1516,1,label
1517,0,label
1518,0,label
1519,0,label
1520,0,label
1521,1,label
1522,0,label
1523,1,label
1524,1,label
1525,1,label
1526,1,label
1527,1,label
1528,0,label
1529,0,label
1530,0,label
1531,0,label
1532,0,label
1533,0,label
1534,0,label
1535,1,label
1536,1,label
1537,0,label
1538,0,label
1539,0,label
1540,1,label
1541,1,label
1542,0,label
1543,0,label
1544,0,label
1545,0,label
1546,0,label
1547,0,label
1548,0,label
1549,0,label
1550,1,label
1551,1,label
1552,1,label
1553,0,label
1554,0,label
1555,0,label
1556,0,label
1557,0,label
1558,0,label
1559,0,label
1560,1,label
1561,1,label
1562,0,label
1563,0,label
1564,0,label
1565,0,label
1566,0,label
1567,0,label
1568,1,label
1569,1,label
1570,0,label
1571,0,label
1572,0,label
1573,0,label
1574,0,label
1575,0,label
1576,0,label
1577,0,label
1578,0,label
1579,0,label
1580,0,label
1581,0,label
1582,0,label
1583,0,label
1584,0,label
1585,1,label
1586,1,label
1587,0,label
1588,0,label
1589,0,label
1590,0,label
1591,1,label
1592,1,label
1593,0,label
1594,0,label
1595,0,label
1596,0,label
1597,0,label
1598,0,label
1599,0,label
1600,0,label
1601,0,label
1602,0,label
1603,1,label
1604,0,label
1605,1,label
1606,1,label
1607,0,label
1608,0,label
1609,0,label
1610,0,label
1611,0,label
1612,0,label
1613,0,label
1614,0,label
1615,0,label
1616,0,label
1617,0,label
1618,0,label
1619,0,label
1620,0,label
1621,0,label
1622,0,label
