date,data,cols
1,"The global oil market is experiencing changes due to shale gas production in the United States and rising oil production in Iraq, which may lead to lower oil prices.",channel1
2,The United States suffered an oil embargo and the quadrupling of oil prices in 1973 due to its support for Israel.,channel1
3,"Objective facts about the Economy and Energy situation:
Since the reform, market forces have generally set prices after years of comprehensive price control regulations in the Cook Islands. 
Latest US inflation report may provide clues to future path of prices and interest rates.",channel1
4,"The country of origin for the KIA MPV (RV) is the United States, and it runs on Gasoline Fuel.",channel1
5,"The price of gasoline and fuel oil was a concern in 1993, with a scheme to evade state taxes on their sale being uncovered in the United States.",channel1
6,"The US oil and gas industry has interests in western US states, and the Wyoming Oil and Gas Commission has information on potential oil and gas drilling sites.",channel1
7,The cost of practice varies among fuel and motor oil dealers and auctioneers in the United States.,channel1
8,"The Ploesti oil refinery is mentioned in the Joint Force Quarterly - Summer 1993 article, indicating that oil production and energy security were concerns in 1993.",channel1
9,"The price of gasoline was a significant factor in the United States and India in 1993, with the introduction of clear premium gasoline and the consideration of fuel costs in India.",channel1
10,"Objective facts about the Economy and Energy situation:
The price of petroleum products declined by between 20 cents and 40 cents a barrel in May 1993. 
Crude oil prices declined in May 1993. 
The prices of coconut oil, copra, and palm oil are expected to increase.",channel1
11,"The real price of Gulf oil is underestimated, leading to an overestimation of the real price of alternative fuels.",channel1
12,"In 1993, the International Monetary Fund reported that price pressures eased in world oil markets.",channel1
13,"The United States Supreme Court based its decision in Phillips Petroleum Co. on the cost per unit of oil and gas produced, which affects the economy of oil and gas extraction.",channel1
14,The price of oil was at rock bottom in 1993 until the Gulf War.,channel1
15,"In 1993, about 83% of recycled used oil in the United States was reprocessed for use as fuel.",channel1
16,"The state energy conglomerate ENI was involved in a scandal in 1993, which led to the suicide of its former chairman Gabriele Cagliari.",channel1
17,The presumptive NOx RACT emissions rates for gas/oil are 0.20 to 0.30.,channel1
18,"The Clinton administration passed a budget bill in August 1993, which included a gasoline tax increase from 14.1 cents to 18.4 cents per gallon.",channel1
19,"The proposed tax rates in Alaska in 1993 would have resulted in people using fuel oil for heating paying the most, about $88 per household.",channel1
20,"Objective facts about the Economy and Energy situation: 
NA",channel1
21,"Objective facts about the Economy and Energy situation: 
The price of oil was around $28 a barrel in August 1993. 
The copper price changes export earnings by one US cent.",channel1
22,"The United States experienced rapid growth in 1993, which contributed to an external surplus.",channel1
23,"Objective facts about the Economy and Energy situation: 
The cost of fuel is a significant factor in the total cost of rulemaking for ultralight vehicles in the United States .",channel1
24,"The United States had various economic and energy-related activities in 1993, including discussions on tuition prices, NOx emissions from process heaters, Pigouvian tax on gasoline, and the national information infrastructure.",channel1
25,"The United States was involved in various economy and energy-related activities in September 1993, including investment in fuel expansion, oil price fluctuations, and natural gas development.",channel1
26,"Sunflower oil has been researched as a potential diesel fuel substitute, since sunflower oil has an energy content equivalent to 93 percent of number 2 U.S. diesel fuel.",channel1
27,The United States consumes 20% of the world's oil produced.,channel1
28,The price of gasoline increased due to U.N. sanctions in Haiti in 1993.,channel1
29,"The United States government has taken executive actions related to energy and economy, such as Executive Order 12873, which aims to reduce energy consumption and promote energy efficiency.",channel1
30,The rate of inflation in 1993 was 2.9% as measured by the consumer price index. The fiscal deficit rose to US$ 290 billion in 1993.,channel1
31,"The agreement to fix, raise or maintain retail gasoline prices is a crime, even if it was never carried out.",channel1
32,"In 1993, the price of a gallon of gasoline in the United States was high, with gas prices rising nearly 5 percent for the second time.",channel1
33,"The cost of gasoline and oil in 1990 was estimated to be $0.054/mile, and maintenance and tire costs were estimated to be $0.03/mile.",channel1
34,"The United States was experiencing a gasoline shortage in 1979, which led to the development of oil stations as a way to deal with the shortage.",channel1
35,"The U.S. economy is affected by the cost of inputs such as crude oil, gasoline, heating oil, diesel, and propane.",channel1
36,"The United States experienced two oil price crises in the 1970s, which led to economic troubles and debt.",channel1
37,The price of gasoline in the United States is affected by the cost of crude oil.,channel1
38,The price of crude oil imports to the United States and wellhead natural gas prices are compared to the drilling cost index.,channel1
39,"The Omnibus Budget Reconciliation Act of 1993 was enacted by the US Congress on August 10, 1993, which included price support between the purchase prices of oil shale claims.",channel1
40,The United States Department of the Interior's Office assessed whether oil pollution regulations are applicable to certain situations.,channel1
41,"The cost of operating a machine, including fuel, oil, grease, and operator labor, is normally included in a custom hire operation.",channel1
42,"The Northridge earthquake on January 17, 1994, caused significant damage to natural-gas connections, resulting in a high cost to repair and replace them.",channel1
43,"The oil price was a significant factor in the economy in 1994, with rising international interest rates and oil price changes affecting the market.",channel1
44,"Average residential prices for utility (piped) gas, electricity, and fuel oil in the US were tracked in 1994.",channel1
45,The International Monetary Fund (IMF) reported on oil commodity prices and long-term developments in 1994.,channel1
46,The oil-price shock was matched by a bigger increase in gold prices.,channel1
47,The United States had a goal of reducing dependence on foreign petroleum imports in the 1990s .,channel1
48,The average price of crude corn oil from 1981 to 1994 is provided in a report by the EPA.,channel1
49,"The oil prices in 1994 were at a low level, with crude oil prices reaching their lowest level in five years in December 1993 and gasoline hitting a seven-year low.",channel1
50,"The fuel sources for power generation in the US in 1993 were 26.5% gas, 6.4% oil, 50.3% nuclear, 16.4% coal, and 0.4% hydro.",channel1
51,"The Federal Open Market Committee meeting on March 22, 1994, discussed the increase in producer prices, mainly due to higher prices of gasoline and heating oil, which offset the decline in food prices.",channel1
52,"The economy and financial markets in the March quarter of 1994 showed a good result, helped by lower world oil prices, which pushed down both retail fuel prices and production costs.",channel1
53,"The price of oil and gas was a concern in 1994, with people stockpiling oil, canned food, and non-perishable milk in anticipation of emergencies.",channel1
54,The hydrocracking process can be used to produce middle distillate and low-sulfur fuel oil from vacuum gas oil feedstock.,channel1
55,The oil embargo of 1973 had an impact on the economy and energy prices.,channel1
56,"The economic value of incremental smallwood production is based on the energy equivalent, with a border price for oil at US$11.23 per cubic meter in 1994.",channel1
57,.,channel1
58,The state of California is concerned about the environment and economic disruptions caused by instability in the petroleum market.,channel1
59,"The United States Army Medical Materiel Agency, Pacific, is involved in the redistribution of assets, including fuel oils, as of May 19, 1994.",channel1
60,Plummeting world oil prices reduced government revenues by 60 percent in the early 1980s and have remained depressed.,channel1
61,The price of natural gas from old fields is represented by the price of oil in the World Bank model.,channel1
62,"Objective facts about the Economy and Energy situation:
The cost of delivered No. 2 fuel oil is mentioned in the Energy Engineering Analysis Program. 
The overall cost of insurance is not regarded as a part of the production cost structure when pricing is decided. 
Oil prices are mentioned as a factor in the North Sea experience.",channel1
63,"The nominal price of a barrel of oil is affected by various factors, including the availability of alternative fuels and government policies.",channel1
64,"The rates of pay for certain positions in the United States Code are being adjusted, with consideration for the cost of gasoline and oil.",channel1
65,"The largest chemical company in the U.S. produces oil, natural gas, and gasoline.",channel1
66,"The United States had fewer than 2 million farmers in 1994, and they were considered price-takers, not price-makers.",channel1
67,"From 1979 to 1982, the real gasoline price grew by 170%.",channel1
68,The United States has experienced sudden and steep oil price increases in the early 1970s.,channel1
69,"The United States government has regulations in place for environmental protection, including those related to oil and gas.",channel1
70,The practice of excluding petrol from inflation measures arose during the OPEC oil price shocks of the 1970s.,channel1
71,"Between 1977 and 1984, the Point Lisas complex cost US$2,500 million to establish, with the government borrowing up to 75 per cent of its investments.",channel1
72,"The price of oil was $20/barrel in 1994, which translates to a gasoline price of $0.73/gallon.",channel1
73,"Natural gas prices plunged to a two-year low on August 25, 1994.",channel1
74,"Energy Secretary Hazel O'Leary, who regulated oil and gas prices in the late 1970s, is now heading the Economic Regulatory Administration.",channel1
75,"The following facts are related to Economy and Energy:
Fuel prices were a concern in 1994, with widespread strikes in some countries. 
There were discussions about fair compensation and prices in contracts for construction of buildings and facilities. 
Petrol and diesel prices were being tracked in India in 1994.",channel1
76,The price of oil in 1994 averaged $31 a barrel.,channel1
77,"Objective facts about the Economy and Energy situation:
Crude oil and coal prices are determined by international markets. 
Sugar prices tumbled following the second oil shock in 1979.",channel1
78,"Objective facts about the Economy and Energy situation: 
Delta Air Lines' fuel consumption in 1994 was sensitive to changes in jet fuel prices, with a one-cent change affecting costs by approximately $25 million.",channel1
79,The price of oil was low in the early 1980s,channel1
80,"The gas guzzler tax rates were expected to raise revenue, but a direct tax on gasoline, oil would have more significant effects on the economy.",channel1
81,"Objective facts about the Economy and Energy situation:
The price of gasoline reached nearly $20 a gallon in the United States on October 19, 1994. 
Economic analysts suggested that a political or military crisis increased U.S. retail gasoline prices by five cents per gallon.",channel1
82,"The economy of certain states, such as those in the Federal Reserve district, remained strong in October 1994 despite soft crude oil and natural gas prices.",channel1
83,"The United States had various energy-related developments in 1994, including the development of damage-cost estimates for different regions by the Energy Commission, and the operation of central heating plants using fuel oil, gas, or other energy sources.",channel1
84,The Crystal Oil company's shares rose due to its plan to sell its United States oil and gas fields to the Apache Corporation for about $101 million.,channel1
85,The fuel oil price was liberalized in Honduras in 1994.,channel1
86,.,channel1
87,"The Philippines has substantial hydro power resources, which can help achieve a fuel mix that insulates the sector from drastic changes in oil supplies and prices.",channel1
88,There is no objective fact about United States gasoline price or oil price in the provided search results.,channel1
89,The price of normal butane relative to unleaded gasoline on the U.S. Gulf Coast fell about 5 cents per gallon between 1987 and 1988.,channel1
90,There are no objective facts about the current United States gasoline price or oil price in the provided search results.,channel1
91,The oil shocks of the 1970s led to an expansion of Saudi Arabia's economy due to increased oil prices.,channel1
92,The economic risk associated with fluctuating fossil fuel prices can be decreased by using biomass power generation.,channel1
93,"The US government maintains an underground petroleum storage facility, which may impact fuel and oil prices.",channel1
94,The price of oil has increased considerably in the last two years as of January 1995.,channel1
95,"The average gasoline price in the US is not mentioned in the provided search results. However, there is a mention of an attempt to lower gasoline prices by releasing gasoline from the Northeast reserve.",channel1
96,The price of oil declined in 1930 after the discovery of the East Texas oilfield.,channel1
97,The IMF Staff Country Reports Volume 1995 Issue 010 mentions that the United States imports petroleum at above prevailing international prices.,channel1
98,The American Automobile Association reported 1994 gasoline and oil cost rates.,channel1
99,.,channel1
100,The prices of fuels such as natural gas and oil were uncertain in 1995 and affected the economic evaluation of energy efficiency projects.,channel1
101,The Arctic Refuge coastal plain is rated by geologists as the most promising onshore oil and gas exploration area in the United States.,channel1
102,The United States refiner's acquisition cost for crude oil is a factor in determining jet fuel prices.,channel1
103,The latest US inflation report may provide clues to future gasoline prices.,channel1
104,The world price of oil is largely exogenous from the point of view of the U.S. economy.,channel1
105,"The objective facts about the United States gasoline price and oil price are:
The price of oil was unreasonably low in 1995, which would render any conservation efforts ineffective .
Oil prices were lower on average in 1995 .
There is a conversion factor of one kiloliter equal to 6.29 barrels of oil .",channel1
106,"The use of alternate feedstocks, such as naphtha, fuel oil, and coal, has been considered in ammonia plants in the United States, which could impact the demand for natural gas.",channel1
107,"The prices mentioned in the search results are not directly related to United States gasoline price or oil price, but rather subscription prices, single copy prices, and prices of other commodities.",channel1
108,The annual cost of corrosion and corrosion protection in the United States is estimated by the National Association of Corrosion Engineers (NACE) to be in excess of $276 billion.,channel1
109,The price of oil in 1994 rose to a level of around $16.50 per barrel.,channel1
110,The price of gasoline in Barbados in 1995 was affected by oil import prices.,channel1
111,The provided search results do not contain any objective facts about the current United States gasoline price or oil price.,channel1
112,The United States has been a net importer of natural gas since 1958.,channel1
113,The Railroad Commission has strongly influenced the supply and price of oil and natural gas throughout the United States for much of the twentieth century.,channel1
114,The oil price increases of the late 1970s had an impact on fuel prices.,channel1
115,The rate of evaporation of fuel oils depends on temperature and composition.,channel1
116,"On June 22, 1995, Gasoline and Oil Prices dropped due to worries over rising supplies.",channel1
117,"The objective facts about United States gasoline price and oil price are scarce in the provided search results. However, it can be noted that in 1995, fuel prices were relatively low, and oil production levels were declining.",channel1
118,"The cost of gasoline and oil has been a concern in the past, with efforts to lower prices and stabilize regional stability.",channel1
119,The United States' ethanol production grew from a low base in 1995.,channel1
120,Average US vehicle age hits record 12.6 years as high prices force people to keep them longer.,channel1
121,The average price of LAB (Linear Alkyl Benzene) in the Community was 6% in 1995.,channel1
122,"The average international price of crude oil rose by 8 per cent in July 1995. 
Gasoline stocks in the United States remain near certain levels in August 1995.",channel1
123,The United States has a Northeast reserve of gasoline that can be used to lower prices.,channel1
124,"As of August 14, 1995, gasoline prices nationwide dropped nearly 3 cents a gallon in the past three weeks, dipping even lower than the average per-gallon price a year ago.",channel1
125,"The spot price for southwest Wyoming gas was 85 cents on August 21, 1995.",channel1
126,The average price for dimension stone decreased from $182 to $176 per ton in the United States.,channel1
127,The United States is a net importer of crude oil and petroleum products.,channel1
128,"The United States is a net importer of crude oil and petroleum products, with imports accounting for more than 50 percent of the crude oil used in 1994.",channel1
129,The rate reduction consisted of a 40% across-the-board reduction in advertising rates.,channel1
130,"The United States is the world's leading oil producer, and the country's oil sales have an impact on gasoline markets and gasoline marketing.",channel1
131,"The United States has an oil tax included in the price of petrol, diesel, and other fuels.",channel1
132,The tax rate on motor fuel in Delaware is 6.00 and applies to sales price including Federal and State motor-fuel taxes.,channel1
133,The price of fuel oil and unleaded gasoline were mentioned in the context of environmental regulations and industry reports.,channel1
134,The United States economy is affected by world oil prices.,channel1
135,"Since 1986, the United States has consistently reduced production of crude oil.",channel1
136,The price of crude oil surged in the United States in 1995 due to petroleum shortages.,channel1
137,"The United States has large resources of natural gas, which could help reduce dependence on foreign oil at a competitive price.",channel1
138,"The most expensive gas prices in the state are reported by AAA, with a marked increase in crude oil prices contributing to the recent rise in prices.",channel1
139,The average price of oil in the United States rose from $12.64 in 1979 to a higher price after President James E. Carter decontrolled oil prices.,channel1
140,"As of December 1995, there was an effort to lower gasoline prices by releasing gasoline from the Northeast reserve.",channel1
141,The data provided does not contain any objective facts about the current United States gasoline price or oil price. The search results appear to be unrelated to the topic.,channel1
142,The United States imports crude oil from countries like Angola.,channel1
143,"Objective facts: 
The average gas price in the United States in December 1995 was $1.08/gallon. 
Ethanol is consumed as fuel in the United States. 
OPEC raised crude oil prices by 70 percent in 1995.",channel1
144,The United States Federal regulation of domestic petroleum prices induces overconsumption of crude oil and causes underproduction.,channel1
145,"The FOTCO project in Pakistan handled furnace oil, motor gasoline, and high-speed diesel oil, with a project cost of US$ 100 million.",channel1
146,The largest producer of ethanol in the United States is Archer Daniels Midland (ADM),channel1
147,"The price of oil can be increased by a tax of $5 per ton of carbon, which would generate $10-$15 billion in the United States alone.",channel1
148,The Biden administration treats high gasoline prices as a problem and has an oil and gas production issue.,channel1
149,"Objective facts about United States gasoline price, oil price:
The DoD Financial Management Regulation Volume 10, Chapter 9 mentions that invoices for gasoline and fuel oil state the tank wagon or garage price at the time of delivery. 
The NATIONAL DEFENSE AUTHORIZATION ACT FOR FISCAL YEAR 1996 mentions a price requirement on the sale of certain petroleum products.",channel1
150,"In 1996, the gasoline price in the United States was $1.13 per gallon.",channel1
151,"The role of oil in the economy of Oregon is significant, particularly in the sale of motor gasoline, which creates different types of risk.",channel1
152,The embargo by OPEC members in 1972-1978 led to a unilateral increase in crude oil prices.,channel1
153,"The United States collects a five-cents-per-barrel tax on petroleum produced in or imported to the country, which is collected from the oil industry.",channel1
154,"The average residential price for utility (piped) gas, electricity, and fuel oil in the U.S. city average and selected areas was reported on March 15, 1996.",channel1
155,"NA (no relevant information found about United States gasoline price, oil price)",channel1
156,"The total crude oil, natural gas, and natural gas liquids estimates in the United States have been made.",channel1
157,"As of 1996, a $1 change in the price of oil and gas leases affects the exploration for more conventional oil and gas resources in the United States.",channel1
158,"Objective facts about United States gasoline price, oil price:
NA",channel1
159,"The most relevant objective fact is that there is no direct information about United States gasoline price, oil price in the provided search results. The results are mostly from 1996 and relate to refining, regulations, and alternative fuels.",channel1
160,The volumetric unit of measure for crude oil and petroleum products is equivalent to 42 US gallons.,channel1
161,"In April 1996, President Clinton announced that the US government would sell oil from the nation's strategic petroleum reserves to stem an election-year surge in gasoline prices.",channel1
162,"The majority of energy used in the US is from fossil fuels, including coal, oil, and natural gas.",channel1
163,"The United States is a major consumer of oil, with Nigeria being the 5th largest oil supplier to the US.",channel1
164,"The wholesale gasoline and crude oil prices had already fallen in some states in the United States as of May 22, 1996.",channel1
165,"The relatively mild winter in 1995 kept fuel oil price changes in check for the first few months, but a cold December in the northeast resulted in higher prices.",channel1
166,"As of 1996, there is no direct information on United States gasoline price or oil price.",channel1
167,"The United States has one of the closest gasoline prices to market prices among developed nations, with most other countries imposing heavy taxes on gasoline.",channel1
168,The decline in oil prices was a factor in the Soviet Union's foreign policy in the late 1980s.,channel1
169,The cost of fuel oil and diesel was compared to gin trash utilization in research prepared for Dr. in 1996.,channel1
170,The introduction of cleaner-burning gasoline in California led to a sharp drop in benzene levels in the state's air.,channel1
171,The quadruple increase in oil prices in 1970 accounted for 60 percent of European energy consumption.,channel1
172,"As of 1996, gasoline prices were subsidized in Brunei, and the country was looking to diversify its oil-based economy.",channel1
173,"The majority of the search results are not relevant to United States gasoline price, oil price. However, one document mentions ""price of crude oil or gas"" and another mentions ""price of lubricating oil"".",channel1
174,"The cost of gasoline, oil, tires, tubes, labor, parts, and insurance are considered operating expenses of a bus garage.",channel1
175,The oil embargo in the 1970s led to a significant increase in the price of oil per gallon.,channel1
176,The United States started phasing out lead from gasoline in the mid-1970s in response to rising oil prices.,channel1
177,The United States was a major producer of oil and gas in 1996.,channel1
178,"The market price of fuel can vary, affecting the cost of goods and services.",channel1
179,The 1973 OPEC oil crisis led to the consolidation of all U.S. energy research under the Energy Research and Development.,channel1
180,"The largest gasoline manufacturer in the United States, Amoco Corporation, had total sales exceeding $30 billion in 1994.",channel1
181,The largest oil company in the United States is Exxon.,channel1
182,"The United States had approximately $1 billion per year in sales of explosives, mining, construction, and oil and gas industries in 1996.",channel1
183,The heating value of natural gas is used as a criterion for pricing in many pipelines in the United States and worldwide.,channel1
184,"The United States uses a 5-year rolling average price of fuel oil, starting from 4 years prior to the establishment of the Council.",channel1
185,"Despite the dramatic increases in the price of oil (and gasoline) in the last two decades, the best-selling cars in the United States in the period 1965-1990 remained largely unchanged.",channel1
186,"There is no direct information about United States gasoline price or oil price in the provided search results. However, there are some mentions of fuel prices, oil, and gas in different contexts.",channel1
187,The 1973 oil embargo by OPEC led to a rise in crude oil prices.,channel1
188,"As of November 1996, the price of gasoline in Liberia was USD 1.00 per gallon, fuel oil was USD 1.06 per gallon, and engine oil was USD 3.75 per gallon.",channel1
189,The cost of damage from beavers in the United States was estimated at $75-100 million in the early 1980s.,channel1
190,The United States has a history of oil and gas drilling activity.,channel1
191,"As of 1996, natural gas prices in the USA were regulated by the Federal Energy Regulatory Commission (FERC) until 1985, and the price was kept very low until 1978.",channel1
192,"NA (No relevant information about United States gasoline price, oil price)",channel1
193,The price elasticity of demand for crude oil in the short-run is reported in Table 5.1.,channel1
194,The records of the U.S. Bureau of Mines contain information on Standard Oil Development.,channel1
195,The latest US inflation report may provide clues to future path of prices and interest rates.,channel1
196,The average jet fuel cost per gallon increased by a certain percentage from 1995 to 1996.,channel1
197,"There is no direct information about current United States gasoline price or oil price in the provided search results. However, there are mentions of related topics such as natural gas prices, oil shale, and energy crises.",channel1
198,The price of gasoline in the United States was impacted by the results of the European Auto-oil programme.,channel1
199,"Objective facts about United States gasoline price, oil price:
The price of oil rose dramatically in 1970, triggering a worldwide energy crisis and economic recession.",channel1
200,"The United States government has implemented policies to promote the use of alternative-fueled vehicles, including Executive Order 13031 in 1997.",channel1
201,"The Federal Reserve Board has studied the linkages from oil prices to other macroeconomic variables, including the state of the economy.",channel1
202,"The United States gasoline production and distribution process is a complex system that involves multiple stages, including refining, transportation, and retailing.",channel1
203,"The WTI prices and futures Crude Oil Prices are available, and US Refined Products in bulk quantities are available in Houston, TX.",channel1
204,Crude oil prices started firming in February 1997.,channel1
205,"As of March 1997, retail prices for non-ethylene gasoline A-92 in Russia have reached and even exceeded those in the USA, while crude oil prices remain low.",channel1
206,The Clean Air Act Amendments of 1990 addressed air quality problems in the United States and affected the retail price of gasoline.,channel1
207,"The average price level of gasoline and oil has changed over time, with instances of sudden scarcity and dramatic overnight price changes, such as the gasoline lines in the early 1970s.",channel1
208,"The New York Times article on March 29, 1997, mentioned that many firms are hit by crude-price swings, indicating that oil price volatility is a concern.",channel1
209,The price of crude oil rose 30 percent in 1997.,channel1
210,The discovery of new oil reserves in the United States led to a decrease in gasoline prices in the years before 1997.,channel1
211,"The average residential price for utility (piped) gas, electricity, and fuel oil in the United States and selected areas was reported in April 1997.",channel1
212,"As of 1997, the United States imports oil and gas products, including gasoline and automotive fuel, from various sources.",channel1
213,"In 1997, the oil industry spent a record amount of money at US Gulf lease sales, expecting high profits from oil production due to high crude oil prices.",channel1
214,"The price of petrol in the United States was 9.2¢ a litre in 1983, and increased to 42.5¢ a litre by 1997, with 59% of the price being tax.",channel1
215,"The prices of fuel oil, gasoline, and natural gas have increased in the United States as of May 1997.",channel1
216,"The cost of gasoline was a concern in the 1970s, and the Big Three US auto makers misread the changing marketplace.",channel1
217,"The United States was one of the world's leading exporters of oil and oilseeds in 1997, although it still imported palm and coconut oil.",channel1
218,"As of 1997, there were predictions that gas prices would soar to $5 a gallon by 2012.",channel1
219,The domestic trade in the United States consists of Alaskan crude oil and refined petroleum products carried by foreign tankers to U.S. ports.,channel1
220,The sale of motor fuel below cost or at a lower price is prohibited in Missouri,channel1
221,The price of crude oil was less than $14 per barrel in 1997.,channel1
222,"The budget of the United States Government for FY 1996 mentions that the overall price of gasoline (including tax) is affected by oil and gas fields, producing $1.6 billion in 1997.",channel1
223,"The cost of tax is borne by the final consumer, and there is a difference between exempt supplies and those charged the zero rate.",channel1
224,"In 1996, low gasoline inventory levels, higher crude oil prices, and the shift from producing gasoline to producing heating oil in August contributed to the situation in the United States.",channel1
225,"The price of crude oil was mentioned in the FRB: Humphrey-Hawkins section 2 on July 22, 1997.",channel1
226,Oil prices were at or below U.S. $20/bbl for much of the period since 1986.,channel1
227,"As of 1997, the U.S. imports about 54 percent of its oil.",channel1
228,"As of August 15, 1997, crude oil, gasoline, heating oil, diesel, and propane prices were mentioned in a report on competitive pricing of electricity in the United States.",channel1
229,The average monthly cost for fuel oil was asked in the American Housing Survey in 1997.,channel1
230,"The price of oil and gasoline rose on August 28, 1997, due to a refinery problem.",channel1
231,The oil crisis of 1973 had an impact on the world.,channel1
232,"There is no direct information about the current United States gasoline price or oil price in the provided search results. However, there are mentions of oil production, oil prices, and fuel oil in various contexts.",channel1
233,The estimated oil price needed to assure profitability in the absence of an excise tax exemption is $40 per barrel.,channel1
234,"The Royal Dutch/Shell affiliate Shell is buying Tejas Gas for $1.45 billion, assuming $900 million in debt.",channel1
235,The United States share of crude oil is mentioned in a public law from 1997.,channel1
236,The Elk Hills oil field is one of the 11 largest oil fields in the lower 48 states.,channel1
237,"The United States corn production is related to ethanol production, which can affect oil imports and food prices.",channel1
238,The average yearly price of oil is mentioned in the context of geothermal energy development.,channel1
239,"The U.S. annual bill for imported oil is about $50 billion, with the long-term cost from 1980 to 1992 totaling $742 billion.",channel1
240,"The United States Supreme Court ruled in State Oil Co. v. Khan (1997) that an agreement between respondents and State Oil fixed maximum gasoline prices, making it “worthless” for respondents to charge a lower price.",channel1
241,"The United States is a major equipment supplier to Qatar, an OPEC member country.",channel1
242,The United States has standards for reformulated and conventional gasoline.,channel1
243,"Objective facts about the United States gasoline price, oil price:
The presence of renewable energy sources is growing, and short/medium term oil prices are expected to be low. 
In September 1997, there was robust demand in the United States for Canadian crude oil. 
There is increasing price competition for forecourt petrol sales in the United States.",channel1
244,"There is no direct information about current or past United States gasoline price, oil price in the provided search results.",channel1
245,"The prices of oil and natural gas are expected to increase, which may lead to an increase in coal consumption despite its environmental consequences .",channel1
246,The fuel price adjustment clause is triggered only if the base price of fuel exceeds a certain threshold.,channel1
247,"The United States is mentioned in several contexts, but there is no direct information about gasoline prices or oil prices.",channel1
248,"Objective facts about United States gasoline price, oil price:
* In 1997, the average jet fuel cost per gallon decreased by 4.6% from 1996. 
* In the late 1970s and early 1980s, many prominent energy analysts argued that oil prices, adjusted for inflation, would double by the year 2000. 
* In the late 1970s, there were large North Sea oil and gas exports. 
* In some cases, the oil price shocks of the early 1970s de-stabilized price convergence in the US spot gas market.",channel1
249,"The long cold Vermont winters put added stress on heating systems, and fluctuating fuel prices can force people to use alternative heating sources.",channel1
250,The US EPA reported that approximately 30 percent of all gasoline in the United States contains fuel additives like MTBE.,channel1
251,"As of January 25, 1998, gas prices in the United States were falling due to lower crude oil prices and an oversupply of gasoline, aided by a mild winter.",channel1
252,The price of gasoline in the United States dropped nearly 3 cents per gallon at the pump in two weeks as crude oil prices continued to decline in January 1998.,channel1
253,"At a crude price of U.S.$20/bl (per barrel), the refining and marketing margin was estimated to be U.S.$30.76/bl in Japan and U.S.$8.32/bl in the United States as of 1998.",channel1
254,Faster growth in developed economies will keep oil prices up and lead to somewhat higher producer price inflation.,channel1
255,"The price of kerosene increased in Indonesia in February 1998, contributing to the economic crisis.",channel1
256,"The objective facts about United States gasoline price, oil price are:
The attack on February 23, 1998, apparently protested an increase in oil prices. 
The rise in natural gas prices in the US in the 1970s led to the separation of gas from oil and the formation of an independent pricing system.",channel1
257,"There is no direct information about United States gasoline price or oil price in the provided search results. However, there are mentions of gasoline and oil-related topics, such as deducting auto expenses (including gasoline costs) on tax forms, recalls of liquid fuel products, and motor oil products.",channel1
258,"The cost of natural gas, fuel oil, and LPG are included in refinery energy system models.",channel1
259,"The second oil shock of 1979-1980 led to a swift decline in oil production in post-revolutionary Iran, causing gasoline prices in the United States to increase.",channel1
260,"As of 1998, the United States had lower pretax gasoline prices compared to other countries.",channel1
261,The cost of benefits under the supplemental retirement plan for executive officers cannot be properly allocated or disclosed.,channel1
262,"The consumer price index in Indonesia rose due to the depreciation of the rupiah and a severe drought, leading to a large increase in prices.",channel1
263,The average jet fuel price in 1998 was around 40 US$ per barrel.,channel1
264,The United States Federal Trade Commission (FTC) settled allegations with Shell Oil and Texaco in 1998 that their proposed joint venture would reduce competition and could raise prices for gasoline in Hawaii and California.,channel1
265,The average price of oil in 1998 was predicted to be $14.59 a barrel.,channel1
266,"The price of fuel oil increased over EC$3.64 in Anguilla BWI as of May 7, 1998.",channel1
267,"In 1997, crude oil prices were less than $17 a barrel.",channel1
268,The cost differential between Alberta and major markets in Chicago affects U.S. Gulf Coast (USGC) natural gas prices.,channel1
269,"The price of oil has experienced shocks in the past, such as the drop in oil prices in the early 1980s.",channel1
270,"There is no direct information about the current United States gasoline price or oil price in the provided search results. However, there are mentions of fuel prices and oil capacity in various contexts.",channel1
271,The government subsidizes the sale price of gasoline and other fuels in the United States.,channel1
272,"The data provided is from 1998, which may not be relevant to current United States gasoline price and oil price. However, some general facts can be extracted: oil prices rose in 1973, and the United States has stockpiles of oil.",channel1
273,"The fuel oil price calculation is based on the MARKET PRICE per gallon for the week, according to the New Jersey government website.",channel1
274,"The United States Government assumes no liability for its contents or use of diesel fuel, regular and salt water, and lubricating oil.",channel1
275,"The United States government offers tax credits for alternative fuel distributed by or used for federal government, state government, or public education institutions.",channel1
276,The farm price of gasoline and diesel fuel in the US increased by 0.7% due to a rise in the price of imported crude oil.,channel1
277,The recent and prospective declines in crude oil prices are expected to affect retail gasoline and home heating oil prices in the near term.,channel1
278,The US gas prices remained low in August 1998 due to weak demand.,channel1
279,"The marketing characteristics of the Detroit Diesel DELTA Engine, coupled with relatively low fuel prices within the United States, have drastically changed the product mix away from certain types of vehicles.",channel1
280,"The glut of oil on the world market increased with the United Nations' decision to let Iraq sell some crude oil to raise money for humanitarian needs, leading to a drop in gasoline prices.",channel1
281,.,channel1
282,"Figure I.1 shows the crude oil prices in the US from 1970 to 1998, with major events affecting prices .",channel1
283,"The historical data shows that when natural gas prices fell during the early 1980s, the profitability of landfill gas-to-energy projects decreased.",channel1
284,There is no relevant objective fact about United States gasoline price or oil price in the provided search results.,channel1
285,"The United States has oxygenated gasoline programs in certain states, which can affect gasoline supply and price.",channel1
286,The Associated Oil Company station closed due to rising gas prices caused by the oil crisis of the early 1970s.,channel1
287,"The cost of producing solid, fertilizer-grade Ammonium Nitrate in the United States is estimated to be $98 per metric ton.",channel1
288,"The first oil well in the United States was drilled in 1859 in Titusville, Pennsylvania. The major product of crude oil is gasoline, which accounts for almost 50% of the total product.",channel1
289,The price of oil in 1998 was less than $15 per barrel.,channel1
290,The direct use of energy by the poor in the United States for homes and automobiles is relevant to understanding energy and social issues.,channel1
291,"The capital cost of the pressure vessel for storing and transporting hydrogen is affected by production rates, and fuel price has a significant impact due to the many trips involved.",channel1
292,"The article from CBS News on November 5, 1998, states that cheap oil has helped fuel the economic boom of the 1990s, but petroleum prices will jump drastically in the near future.",channel1
293,"The history of gasoline prices in the U.S. is available, and gasoline prices vary from one state to another due to various factors.",channel1
294,"As of November 17, 1998, the price of gasoline in the United States slipped under $1, and the spot-market price for benchmark West Texas Intermediate crude oil was $13.57 a barrel.",channel1
295,"The United States has fees on oil, including gasoline, which affect prices.",channel1
296,"As of December 1998, crude oil and gasoline prices hit historic lows, with prices being the cheapest since the U.S. government began keeping statistics, adjusted for inflation.",channel1
297,Instability in the Niger Delta has had an impact on the price of crude oil in the international market.,channel1
298,"As of December 1998, gas prices in the United States were low, with Utah motorists paying 25 cents less than the previous winter.",channel1
299,The flow rate of the fuel is important in underground storage tank operator training.,channel1
300,"The price of U.S. benchmark crude dropped to its lowest annual average in 20 years, down some 30 percent from 1997.",channel1
301,Commodity and crude oil prices are mentioned in the context of the economic and budget outlook for fiscal years 2000.,channel1
302,"Currently, oil accounts for 97 percent of fuel use in the transportation sector in the United States.",channel1
303,"The U.S. EPA regulations encompass outboard engines and gasoline marine engines produced for personal watercraft and jet boats, aiming to reduce pollution by 2025.",channel1
304,"The Saudi Government announced a 50 percent across-the-board increase in natural gas prices from January 1, 1998.",channel1
305,"As of February 1999, the oversupply of crude and refined oil products, as well as economic turmoil in Asia, Russia, and Latin America, led to low gas prices at the pump.",channel1
306,"The Company uses forward contracts for fuel oil, gas oil, and diesel to manage the risk of volatility in the Company's future.",channel1
307,"The average price of all grades of gasoline in the United States was below $1 on February 21, 1999.",channel1
308,The quantity of imported oil rose appreciably in response to the strength of U.S. economic activity and lower oil prices in 1999.,channel1
309,"The U.S. benchmark for crude-oil prices is West Texas Intermediate (WTI), measured in Cushing, Oklahoma.",channel1
310,The price of gasoline in international markets was moderate compared with the decline in the price of crude oil in 1998.,channel1
311,The BLS projected a moderate rise in both real and nominal imported oil prices over the 1998-2008 period.,channel1
312,"As of March 1999, gasoline prices in the United States have risen nearly 9 cents a gallon, with retailers boosting prices in anticipation of higher costs.",channel1
313,"In 1996, the cost of gas was affected by the use of hydroelectric power.",channel1
314,"The average gasoline price in the United States was not explicitly mentioned in the search results. However, there were mentions of gasoline prices in specific contexts, such as the cost of gasoline in Belgrade during a strike .",channel1
315,The Consumer Price Index for All Urban Consumers (CPI-U) for All Items for the U.S. city average increased 1.6 percent in 1998.,channel1
316,"The average international oil price declined by 2% in U.S. dollar terms during 1999, to US$21.5 per barrel.",channel1
317,"The shutdown of a refinery in California, along with problems at other state refineries, led to higher crude prices and an increase in gasoline prices in California between February and early April 1999.",channel1
318,The Arab oil boycott in the 1970s led to a surge in gasoline prices.,channel1
319,The estimated benefits of phasing out leaded gasoline in the United States include reduced costs.,channel1
320,"On May 21, 1999, PennzEnergy reported net income impacted by significant decreases in crude oil and natural gas prices.",channel1
321,"Objective facts about United States gasoline price, oil price: NA",channel1
322,The 1973 war in the Middle East led to a 40% increase in gasoline prices in the United States.,channel1
323,"The price structure of oil products in Sudan is affected by changes in international prices, depreciation of the currency, or increases in the domestic price level.",channel1
324,The U.S. Energy Information Administration (EIA) provides data on natural gas consumption and expenditures in U.S. households by end uses and census region.,channel1
325,The United States gasoline market shares are: Arco (14.2% of East Coast markets) and BP (gasoline markets).,channel1
326,"The recent increases in oil prices are mentioned in the context of the aviation industry, suggesting that fuel prices may be a concern for airlines.",channel1
327,The United States government is not involved in the cost of fuel infrastructure.,channel1
328,"The Consumer Price Index (CPI) remained steady in July 1999, indicating that inflation was not a problem in the U.S. economy at that time.",channel1
329,"The prices of gasoline and oil were mentioned in various contexts, including a court case, a vehicle's fuel price information, and a comparison of energy prices between India and Kenya.",channel1
330,The price of oil has increased by over 45% to around US$21 since the announcement of OPEC production cuts in early March 1999.,channel1
331,The United States is one of the top five consumers of oil in the world.,channel1
332,The upper end of the range of crude oil prices in December 1998 exceeded $100 per barrel.,channel1
333,The pump price of petrol (gasoline) was reduced from D 8.5 to D 7.75 per liter in The Gambia.,channel1
334,"The pump price of a gallon of gasoline in Liberia was increased to 86 Liberian dollars, equivalent to around $10 USD per barrel of crude oil.",channel1
335,The price of crude oil may have fallen between 1985 and 1998.,channel1
336,"The price of crude oil in 1999 was around $18/barrel, and sold at domestic prices of around $10.50/barrel in Russia.",channel1
337,The price of natural gas feedstock significantly affects the final price of hydrogen.,channel1
338,"The prices of crude petroleum and natural gas declined in 1999, leading to a decrease in gasoline prices in the United States.",channel1
339,"As of September 1999, crude oil prices were expected to average around $20 a barrel.",channel1
340,"In 1979, the price of crude oil more than doubled, leading to skyrocketing gasoline prices.",channel1
341,"The IRS reimbursement rate reflects the cost of gasoline, oil, tires, repairs, insurance, depreciation, and related expenses in the United States.",channel1
342,"The United States is one of the world's five largest oil producers, producing around 2.7 million barrels per day.",channel1
343,The cost of gasoline is a significant factor in the United States.,channel1
344,The cost of finding oil reserves averaged around early 1980s and is decreasing due to advances in production technology.,channel1
345,The cost of imported oil affects the infrastructure development and maintenance in Small Island Developing States (SIDS).,channel1
346,The report from ALASKA ECONOMIC mentions a recent rebound in oil prices.,channel1
347,"As of November 1999, US crude oil prices at the wellhead began increasing in March 1999 and reached $20 per barrel in September.",channel1
348,"The largest FTC divestiture ever was agreed upon by Exxon/Mobil on November 30, 1999, to settle antitrust concerns and prevent the merger from raising gasoline prices for consumers.",channel1
349,"The United States automotive recycling industry carefully manages fluids such as engine oil, coolant, and gasoline to prevent releases.",channel1
350,The U.S. price of oil is a relevant factor in predicting commodity prices.,channel1
351,"The current price of crude oil is $76.84 per barrel, and Brent Crude is $81.34 per barrel.",channel1
352,The average jet fuel cost per gallon increased by 15.4% from 1998 to 1999.,channel1
353,"As of January 2000, there is no specific data on United States gasoline price or oil price in the provided search results. However, there are mentions of gas prices, oil refiners, and fuel systems in various contexts.",channel1
354,"The United States was second in total energy, second in natural gas, and third in crude oil in 1997.",channel1
355,The IMF provided a CCFF loan to Algeria in June 1999 to compensate for low world prices of oil and gas.,channel1
356,"The nationwide average price for regular gasoline was high on January 24, 2000.",channel1
357,"The price of oil has a direct relationship with the quantity supplied, and the price of resources, particularly oil, affects the price of gasoline.",channel1
358,"The United States has been exploring for oil and gas traps, and there is a focus on reducing U.S. dependency on foreign oil while conserving U.S. resources of oil and natural gas.",channel1
359,"As of February 1999, crude oil prices were at $9.68, and by early September, they had risen to above $35.",channel1
360,"The average price of self-serve unleaded gasoline in the United States was $1.31 per gallon in February 2000, with a nationwide increase of 8 cents a gallon to $1.37.",channel1
361,"As of March 2000, energy prices, particularly gasoline and fuel oil, have been highly sensitive to shifts in the balance between world demand and supply of energy.",channel1
362,The behavior of prices in the world petroleum market is essentially that of marker crudes.,channel1
363,The United States demand levels strongly influence Canadian gas prices.,channel1
364,"The price of crude oil has tripled, and consumer gasoline has increased",channel1
365,"The rate for 2000, determined by the IRS, is 32.5 cents per mile.",channel1
366,"The price of crude oil affects the quality of gasoline, and prices change with gasoline demand.",channel1
367,"Objective facts about United States gasoline price and oil price:
As of 2000, crude oil price alone may not determine the gasoline price, and other factors such as supply and demand, the state of the economy, and random variation in gasoline prices may influence it.  
In 1999, U.S. crude oil and gasoline supplies were each down by about 10 percent from the prior year.",channel1
368,The average price paid by firms for fuel costs in 2000 was $0.64.,channel1
369,"The Congressional Record from April 25, 2000, mentions that the demand for oil and gasoline in the United States has increased 14%.",channel1
370,"As of May 2000, the increase in oil prices had an impact on long-term interest rates in the United States.",channel1
371,"The price of oil increased in 1979, leading to declines in commodity prices.",channel1
372,"Despite the rapid spiking in gas prices over the last few months, when adjusted for inflation, gas prices are as little as 70.8% of the price of gas during the peak in 1981.",channel1
373,The stress scenario assumed that an oil price increase would result in a $0.04 per gallon increase in gasoline prices.,channel1
374,"The retail price of gasoline in the United States does not include the state motor fuel tax, which is 19 cents.",channel1
375,"The current low price of fossil fuel, particularly natural gas, is affecting the geothermal energy industry.",channel1
376,The MSF (not specified which MSF) was created in the early 1990s to limit fluctuations in the domestic price of gasoline due to changes in world oil prices.,channel1
377,"As of June 2000, gasoline prices in the United States were at a record high, straining the economy.",channel1
378,"Objective facts about the United States gasoline price and oil price:
The wholesale price differential between RFG and conventional gasoline was reported by the Oil Price Information Systems (OPIS) on June 28, 2000. 
The Federal excise tax on gasoline was 18.4 cents per gallon in fiscal year 2000. 
State and Federal Gasoline Excise Tax Rates varied for Fiscal Year 2000. 
Retail dealers selling fuel oil or propane gas for residential heating were required to place the unit price on the pump or dispenser.",channel1
379,"As of July 4, 2000, the agency expects a drop in gasoline prices, assuming the declining crude oil price path.",channel1
380,"The United States consumes 8.5 million barrels of gasoline daily, nearly half its daily consumption of all petroleum products.",channel1
381,"The price of imported crude oil increased in the first half of 2000, leading to sharp hikes in retail gasoline prices.",channel1
382,"The United States experienced high gasoline prices in 2000, with concerns about Big Oil companies and their influence on prices.",channel1
383,"The retail petrol prices in the United States have risen by 22% over the past year, contributing 0.9 percentage points to the inflation rate.",channel1
384,The search results mention that Al Gore investigated and fought oil industry price-gouging in Congress.,channel1
385,The price movements of crude petroleum and gasoline are strongly correlated.,channel1
386,"The share of heavy fuel oil in refinery output in the Caspian area is 35-40%, compared to 20-25% in Western Europe and 10% in the US.",channel1
387,"The Harmonized Tariff Schedule of the United States sets tariffs on imported goods, including oil and petroleum products.",channel1
388,"The price of petrol and heating oil is threatening the global economic recovery, and fears and complaints have been growing about gas prices in the United States.",channel1
389,"The price of oil and fuel has fluctuated over the years, with prices around US$ 16/US$ 24 per barrel from the end of the Gulf War to 1997, except for a brief period of prices around US$ 14.",channel1
390,"As of September 2000, crude oil prices have tripled since late 1998, leading to higher prices for gasoline and diesel fuel, as well as heating oil in the Northeast.",channel1
391,"As of October 2000, the prices of fuels such as gasoline, heating oil, and crude oil have risen by 70 to 90 percent over the past year.",channel1
392,"Objective facts about United States gasoline price, oil price:
The United States was experiencing rising gasoline prices and low home heating oil inventories in October 2000. 
Gasoline prices were soaring in the United States in October 2000, while Venezuela was subsidizing gas prices at home, making a gallon of regular gas cost 35 cents.",channel1
393,"The price of gasoline in the United States is affected by the world price of oil, leading to shortages of gasoline and heating oil in the past.",channel1
394,The acquisition of Texaco by Chevron in 2000 occurred during a period of high oil and gas prices.,channel1
395,"The United States government has controlled the pricing and allocation of oil in the past, with gradual decontrol of oil prices and phasing out of price controls announced in 2000.",channel1
396,"The price of crude oil was high in November 2000, with a decade-high price mentioned in one article.",channel1
397,The price of crude oil and fluctuations in exchange rates are factors that could affect actual results.,channel1
398,"The United States has been facing challenges related to global climate change, air pollution, and oil dependence.",channel1
399,"As of November 2000, the United States relied heavily on oil imports, with over 35% of its fuel oil coming from foreign sources.",channel1
400,"The price of fuel in East Timor is $0.35/l, which is higher than anticipated.",channel1
401,"The high oil prices are mentioned as one of the economic calamities affecting the global economy, and it is stated that the low prices mostly benefit the rich.",channel1
402,The estimated savings from lower thermostat settings in 2000 would have been $16 using projected 2000-2001 prices.,channel1
403,"As of December 2000, there was an increase in international oil prices, which contributed to a 2% rise in inflation in Turkey.",channel1
404,"As of December 31, 2000, the market price for crude oil was $22.00 per barrel.",channel1
405,The United States has experienced somewhat lower oil prices in 2001.,channel1
406,The price of CARB gasoline in California moved generally upward across all of the pricing issues on CARB gasoline.,channel1
407,"As of 2001, U.S. oil prices are established in global crude oil markets, and subsidies to U.S. oil producers have little effect on global supply and demand.",channel1
408,"The value of petroleum product imports in Zambia went up largely due to a sharp crude oil price increase, amounting to US $176 million, up by 53 per cent.",channel1
409,The United States Energy Information Administration (EIA) collects data on refiner acquisition costs of crude oil through Form EIA-14.,channel1
410,The average jet fuel cost per gallon increased in 1995.,channel1
411,"Objective facts about the United States gasoline price, oil price: 
During the last several weeks of 2000, oil prices fell sharply as market participants became convinced that the U.S. economy was slowing. 
Prices for crude oil and natural gas have been falling. 
Diesel prices are from the U.S. Department of Energy.",channel1
412,"The indictment against Rich in the United States mentioned price discrepancies in oil prices, creating a powerful incentive for U.S. companies.",channel1
413,The prices of oil and gas increased at the end of 2000 due to problems in the Middle East.,channel1
414,The United States' entry into World War I led to an increase in demand for crude oil.,channel1
415,The Consumer Price Index (CPI) inflation rates for the United States have been affected by major oil price shocks since the 1970s.,channel1
416,"The United States imported oil from Colombia, which was the seventh largest source of U.S. oil imports in 2000.",channel1
417,The United States imports petroleum and therefore is affected by oil prices.,channel1
418,"In December 2014, the average price of gasoline in the United States was $2.50 per gallon and consumers bought 7 percent more gasoline than they had during the previous year.",channel1
419,The average price per gallon of unleaded regular gasoline for the U.S. city average rose in 2000.,channel1
420,"The average fuel price per gallon, including tax, was mentioned in the context of United Airlines' first quarter performance in 2001.",channel1
421,"The West Coast has the highest gas prices in the United States, with California supplying fuel to Western states such as Oregon.",channel1
422,"The nationwide average for regular gasoline in the US was $1.63 on May 1, 2001, according to the U.S. Energy Information Administration.",channel1
423,The import tariff on crude oil and most refined petroleum products in the Philippines is 5%.,channel1
424,The principal mode of transporting crude oil in the United States is through oil pipelines.,channel1
425,"The average price of gasoline in the United States has repeatedly spiked above certain levels, and household fuel oil prices rose 40.5 percent in 2000.",channel1
426,"As of 2001, the price of gasoline in the United States was over $2 a gallon.",channel1
427,"As of June 2001, the price of natural gas and home heating oil are considered a major problem in the United States.",channel1
428,The majority of CO2 emissions in the United States (80%) come from fossil fuel combustion.,channel1
429,"Only one relevant fact about oil price and gasoline price was found: A suit accusing nine major oil refineries of conspiring to raise the price of gasoline was dismissed by Stanley Mosk, a California Supreme Court Justice.",channel1
430,"The price of gasoline in the United States has been affected by various factors, including state taxes, refinery output, and global oil prices.",channel1
431,"The United States gasoline price and oil price are affected by the availability of oil. If oil is hard to get, the price of gasoline increases.",channel1
432,"As of July 2001, gasoline demands account for about 17% of the energy consumption in the United States, and approximately 7.7 million Americans use petroleum as heating oil.",channel1
433,"As of July 2001, oil prices have remained relatively high despite weaker global economic growth and a substantial increase in U.S. oil inventories.",channel1
434,The price for a gallon of super unleaded gasoline fell in 2000 due to the fall of the international price of oil.,channel1
435,The oil price remains around US$27 per barrel (West Texas Intermediate) as of August 2001.,channel1
436,"The tax rate for motor vehicle fuel is 18¢ per gallon, and the majority of revenues are deposited in the Highway User Revenue Fund to pay for highway construction and maintenance.",channel1
437,"The United States gasoline price and oil price are affected by various factors, including fuel availability, cost, and consumer price indices.",channel1
438,"The United States is considering a one-world taxing authority, which could lead to higher gas prices, higher electricity prices, and higher heating oil prices.",channel1
439,The price spread between soybean meal and oil affects pricing policies for fuel and chemicals in the US.,channel1
440,"The Federal Trade Commission (FTC) allowed the merger of Chevron Corp. and another company, which would affect the refining and sale of fuel to customers in the western and southeastern United States.",channel1
441,The price of a gallon of gasoline in the United States was influenced by oil production in the 1960s and 1970s.,channel1
442,"The United States has 143 refineries, and the conversion extraction desulfurization process can reduce sulfur in gas oil from 5,000 ppm to less than 10 ppm at the laboratory scale.",channel1
443,The price of fuel oil increased in the first quarter of 2001.,channel1
444,"The global debt crisis of 1982-83 was caused by high inflation, with U.S. consumer prices rising by more than 13 percent in 1979, making the ex post real short-term interest rate negative.",channel1
445,"The Russian economy improved in 2001 due to favorable oil prices, with half of its export revenues coming from oil and gas sales.",channel1
446,The collapse of oil prices from 1986-1988 threw Alaska into recession.,channel1
447,"As of October 2001, crude oil prices were affected by the September 11 attacks.",channel1
448,"The United States had 545 million barrels of crude oil and petroleum reserves as of November 1, 2001, which was sufficient to reduce wild price swings.",channel1
449,"The world market prices for conventional energy sources, such as oil, have an impact on the development of biofuels.",channel1
450,"As of 2001, oil and gas prices have enjoyed a strong recovery and led to increases in production and exports in the United States.",channel1
451,"Plummeting oil prices have eroded the value of oil companies' stocks, making them vulnerable to takeovers.",channel1
452,The oil price shock of the 1970s had an impact on the United States.,channel1
453,"The world price of crude oil is the most important factor influencing domestic motor fuel prices, since oil imports make up more than half of the U.S. oil supply.",channel1
454,"As of December 13, 2001, the average gallon of gasoline was less than $1.",channel1
455,"The United States Secretary of Energy, Abraham, stated on December 19, 2001, that the oil prices are good news for consumers, despite the uncertainty in winter oil prices.",channel1
456,The maximum steady state consumption of a device in the oil and gas industry is set at 6 scfh by the US Environmental Protection Agency.,channel1
457,"The price of crude oil, natural gas, and petroleum products affected the United States gasoline price in 2001.",channel1
458,"The Enron collapse in 2002 led to a shift from natural gas to cheaper fuel oil, affecting oil prices.",channel1
459,"The price of crude oil plummeted 50% in 1986, and the demand for fuel oil was weakened in the United States due to unusually warm winter weather in 2001.",channel1
460,"The oil-refining business is expected to make gas prices more volatile than ever, leading to a potential spike in gas prices.",channel1
461,The crude oil price controls were adopted in 1971.,channel1
462,The production of turpentine oil in the United States peaked in the 1950s.,channel1
463,The United States has historically relied on a reliable supply of oil at an affordable price.,channel1
464,"Objective facts about the Economy and Energy situation:
The cost of crude oil affects the price of gasoline, but it's not the only factor. 
In 2002, regulations limited the prices that companies could charge for their products. 
The price of petroleum oil rose sharply in 2002, contributing to morbidity and mortality rates in Zambia. 
Gas-fired generation typically sets the marginal price of electricity in Texas.",channel1
465,The price of imported non-oil goods in the United States relative to the euro area rose in February 2002.,channel1
466,"The cost of home heating oil on March 7, 2002 was $4.73. Maine is the most home heating oil dependent state in the US.",channel1
467,The United States motor gasoline prices follow world crude oil prices more closely than motor diesel prices.,channel1
468,"The average production cost of crude oil and natural gas in China is higher than most countries, including the United States.",channel1
469,The total annual direct cost of corrosion in the U.S. oil and gas production industry is estimated at $1.4 billion.,channel1
470,"The United States uses 41 barrels of oil per day per person, while India uses 1 barrel per day per person.",channel1
471,"Objective facts about the Economy and Energy situation: 
The cost of natural gas, a low-polluting fuel, has increased in the United States. 
India imports about 70% of its crude oil requirements. 
The price of oil has increased, with the Brent blend price soaring.",channel1
472,"The United States produces around 100 million pounds of a certain product every year, which can be had for one-tenth or less the cost of refined vegetable oil.",channel1
473,The cost of ADF fuel (excluding excise) and lubricants purchases in 2000–2001 was $223.2 million.,channel1
474,"In 2001, weak growth abroad and lower oil prices affected the profitability of U.S. energy companies, leading to a lower return on U.S. foreign direct investment assets.",channel1
475,"Natural gas spot and futures prices, storage, and market trends are reported by the Energy Information Administration, U.S. Dept. of Energy.",channel1
476,The U.S. monthly average import price for crude oil stood at $2.75 per barrel in January 1973; by September it had increased 23% to $3.38.,channel1
477,The United States was dependent on imported petroleum in 2002 .,channel1
478,"The United States government plays a significant role in governing Gulf oil exports and world oil prices, which are largely influenced by the political and economic dynamics of the Gulf region.",channel1
479,"As of June 2002, the national average price of regular gasoline in the United States was $1.40 per gallon.",channel1
480,"As of 2002, the United States was importing significant amounts of crude oil and petroleum products, which affected the economy.",channel1
481,The EuroPowerPack will allow the Leopard 2 to accelerate faster and reduce specific fuel consumption by around 15%.,channel1
482,The U.S. Department of Energy's Energy Information Agency reported the crude oil refiner acquisition cost from 1969 to 2000.,channel1
483,The rate of the tax on petroleum products in Washington state is $1.09 per barrel.,channel1
484,"As of July 2002, the price of oil and gas has increased, with light oil futures rising to $26.77 a barrel.",channel1
485,The initial impetus for ethanol commercialization in the United States came when the 1970s oil embargoes exposed the vulnerability of U.S. energy supplies.,channel1
486,The maximum statutory U.S. tax rate applicable to the taxable income of a corporation is the highest rate of tax.,channel1
487,"The national average mileage per vehicle in the United States is 11,904 miles per vehicle.",channel1
488,"The estimated U.S. price for a gram of powdered methamphetamine in June 2002 was $20 to $150, and $100 to $500 for a pound of crystal methamphetamine.",channel1
489,"In 1997, the after-tax price of gasoline in Saudi Arabia was set at US$0.16 per liter, which is below market price.",channel1
490,"The Mazeikiu Nafta plant in the Baltic States has a refining capacity of 263,320 b/d.",channel1
491,"Objective facts about the Economy and Energy situation:
The merger of Phillips Petroleum Co. and Conoco Inc. has been completed, creating the third-largest U.S. oil and gas company. 
Oil refiners face major investment decisions to reduce diesel fuel sulfur content in California. 
The fuel price decline was driven by a combination of the drop in demand and one of the warmest winters on record in the United States.",channel1
492,"The future oil gap is based on the Energy Information Administration's current projections of oil prices, vehicle miles driven, and the U.S. fleet vehicle fuel economy.",channel1
493,The average yields on investments held for sale and use this oil or gas price on an individual basis are considered in accounting practices.,channel1
494,The Federal Trade Commission (FTC) will inspect wholesale gasoline prices for 20 U.S. cities and retail gasoline prices for 360 cities to detect anomalies in the data.,channel1
495,"The economy of the United States has suffered a series of blows in 2002, including high gas prices and low mortgage interest rates.",channel1
496,"The United States generates about 1.6 million tons of household hazardous waste each year, with household maintenance products like paint, thinners, and glues making up more than a third of it.",channel1
497,"The International Energy Agency (IEA) welcomes Greece's adoption of natural gas, but calls for further reforms to address price distortion in the electricity market.",channel1
498,"As of 2002, natural gas prices rose to US $3.40/MMBtu from US $2.50/MMBtu, tracking the increase in oil prices.",channel1
499,"Objective facts about the Economy and Energy situation:
The price of oil jumped 65 cents after Vice President Dick Cheney's speech on Iraq in late August 2002. 
The U.S. EPA has established a drinking water advisory of 20-40 ppb for fuel oxygenates like MTBE. 
New oily water separation systems on board ships will require emulsion breaking capabilities and heavy fuel oil removal capabilities, increasing their price.",channel1
500,"Objective facts about the Economy and Energy situation:
The social costs of driving a car include private costs such as fuel, oil, maintenance, insurance, depreciation, and operator's driving time, as well as additional costs like environmental impact and health effects. 
The price of fuel oil has increased due to rising crude oil prices.",channel1
501,"Objective facts about the Economy and Energy situation:
The government continued to intervene in the price of energy in Spain in 2002. 
Higher oil and gas prices may affect the economy. 
Low oil prices and weak demand for gas were present in the United States in 2002.",channel1
502,"The price of oil in 1998 was around $10 per barrel, and it was assumed to be around $13 per barrel in 2002.",channel1
503,"The oil industry experienced a significant price drop in 1931, with oil prices falling from $1 per barrel to 8 cents per barrel.",channel1
504,"The cost to suppress a fire caused by an improvised explosive device was $3,433,983 in 1998.",channel1
505,"The cost of imported oil imports would rise by $200 billion per year in the US, and the oil-price shock and inflationary impetus would probably set off a recession.",channel1
506,The 1970s oil embargo by Arab countries led to high gas prices in the United States.,channel1
507,"Natural gas prices experienced a spike in 2001, as reflected in Figure 1 of the GAO report.",channel1
508,"As of December 2002, crude oil prices are rising due to global economic growth, OPEC production restraints, and concern over tensions in the Middle East.",channel1
509,"The NC Utilities Commission regulates heating oil prices, gasoline prices, and liquid propane gas prices.",channel1
510,"As of 2000, electricity rates varied widely within Texas, with each utility having its own rates and cost basis.",channel1
511,"The average cost to cleanup a residential oil release in Alaska is $15,000.",channel1
512,"The cost of fuel is a significant factor in the economy, with diesel fuel providing savings for drivers and heating oil users.",channel1
513,Every major U.S. recession of the past three decades has been preceded by a rise in the price of oil.,channel1
514,The United States depends on Venezuela for about 13% of its daily oil imports.,channel1
515,"As of February 2003, gas prices in the United States have skyrocketed, with the average price at the pump reaching $1.73, the highest since June 2001.",channel1
516,"The 1973-74 oil embargo nearly quadrupled prices for crude oil and retail gasoline in the United States, pushing U.S. inflation through the roof.",channel1
517,"In 2002, the price of crude oil in the United States nearly doubled, climbing from $18 per barrel to over $30 per barrel.",channel1
518,The strike in Venezuela's oil industry has contributed to a rise in gasoline prices.,channel1
519,"The price of crude oil and its products, including gasoline, has increased in 2002 and 2003, leading to higher consumer prices.",channel1
520,"The price of oil jumped in March 2003 due to reports of fires at the Rumaila oil field in Iraq, but later fell back in volatile trading.",channel1
521,The 2002 annual report of Royal Caribbean Cruises Ltd. mentions changes in interest rates or oil prices as potential risks to their business.,channel1
522,"The price of oil fell sharply on April 1, 2003, due to news about Iraq.",channel1
523,"The annual economic savings associated with energy reductions were based on state-level unit prices for electricity, natural gas, and fuel oil.",channel1
524,"Hawaii's economy is heavily dependent on imported oil, making it unique within the United States.",channel1
525,"The ExxonMobil-operated Cerro Negro heavy oil project in Venezuela produced over 100,000 barrels per day in 2002.",channel1
526,The U.S. refining/marketing profitability increased from 1995 to 2001 due to an increase in the spread between refined product prices and crude oil prices.,channel1
527,"The price of fuel oil and natural gas were compared to the historically steady cost of wood as fuel, and wood was chosen as the fuel of choice in the Northeastern United States in 2003.",channel1
528,"As of May 2003, Murphy Oil Corporation operates two refineries in the US, providing petroleum products to its branded gasoline stations.",channel1
529,"The price of gasoline and oil has been rising, and pump prices are influenced by taxes and wellhead prices.",channel1
530,"The cost of fuel and electricity was a consideration in Wisconsin state, county, and baseball and football stadium sales and use taxes in 2003.",channel1
531,"Iraq's oil minister announced that Iraq would begin exports in two weeks, with the United States establishing broad control over Iraq's oil industry.",channel1
532,"The petroleum industry has experienced changes in oil prices, shifts to alternate fuel use, and increased focus on conservation, leading to industry losses by 1985.",channel1
533,"Objective facts about the Economy and Energy situation:
The Nigerian government could no longer afford to subsidize fuel prices, which would save them $2 billion a year. 
In the US, 30% of oil customers are price-oriented.",channel1
534,"The United States has interests in oil and gas royalties, and there are laws and regulations governing these interests.",channel1
535,"As of 2003, Illinois had a reputation for having some of the highest gasoline prices in the country.",channel1
536,"The US imports oil from Nigeria, and the country is a significant player in the global energy market.",channel1
537,"Oil prices receded in 2003, and the improvement in the economy was observed.",channel1
538,"The ConocoPhillips refinery in Ponca City processes about 160,000 barrels of crude oil a day into various petroleum products.",channel1
539,"The global oil market is experiencing high volatility, with prices fluctuating in the last 25 years.",channel1
540,"The UK has a gasoline tax that accounts for 77% of the price consumers pay, generating 17% of the government's budget revenues.",channel1
541,The average price for a gallon of unleaded regular gasoline in Utah was near record highs in August 2003.,channel1
542,"The United States imported more crude oil and products than it exported for the first time in 1948, and the price of crude oil has been a significant factor in the energy landscape since then.",channel1
543,"As of August 2003, oil prices have been wavering, with U.S. prices ending above $80 for the first time this month.",channel1
544,"In 2003, the price buildup for gasoline in Liberia was around $0.10 per gallon.",channel1
545,"As of September 2003, the spot market price of gasoline has increased, and oil companies do not contribute to artificial price hikes.",channel1
546,"Oil prices plunged to around US$ in a few years, and some tax regimes shift in response to changes in oil prices.",channel1
547,"America imports about 60 percent of its oil, and when import prices go up, the price of domestic oil also goes up.",channel1
548,The international price of gasoline was around $20-30 per barrel in 2002-2003 .,channel1
549,The United States will continue to be susceptible to natural gas price fluctuations due to its reliance on imported gas.,channel1
550,"The cost of living increases in the United States can be traced to changes in the relative prices of education, health care, and gasoline.",channel1
551,"Objective facts about the Economy and Energy situation:
The price of natural gas remains high, leading to concerns about the economy. 
The halving of world oil prices last year led to a temporary 3.5 percent boost in domestic economic growth. 
The removal of domestic oil price subsidies would need to be considered in Iraq's macroeconomic assessment.",channel1
552,"As of October 2003, crude oil prices have risen to around $30 per barrel.",channel1
553,"As of 2003, the United States has the lowest average gasoline price.",channel1
554,"The United States government is responsible for overseeing the country's energy resources, including oil spills and substance releases.",channel1
555,"According to the U.S. Department of Energy, 8.1 million homes in the United States used fuel oil for heating in 2001.",channel1
556,"In 2003, Halliburton was accused of overcharging US taxpayers $2.65 per gallon to transport gasoline from Kuwait to Iraq.",channel1
557,"The price of oil has evolved significantly since 1860, with fluctuations in gasoline consumption and prices.",channel1
558,Crude oil prices have been increasing.,channel1
559,"The economic costs of fuel economy standards are affected by global oil prices, which can be influenced by foreign disruptions, even if the United States produces its own oil.",channel1
560,"As of December 2003, oil and natural gas prices have increased dramatically, allowing companies like Chesapeake Energy Corporation to lock-in 100% of their anticipated gas production.",channel1
561,"The United States experienced a steep gasoline price hike in 1973 due to an oil embargo, which cut off 13% of U.S. oil imports.",channel1
562,"The current fuel price information is available in real-time through the OPIS Spot Ticker, which provides accurate prices for gasoline, diesel, jet fuel, and other refined products in all U.S. markets.",channel1
563,The US economy has become more fuel-efficient over the past 30 years and can produce more goods and services with a unit of energy.,channel1
564,"As of 2004, natural gas spot and futures prices, storage, and market trends were reported by the Energy Information Administration, U.S. Dept. of Energy.",channel1
565,"The West Texas Intermediate crude oil price averaged around US$32.50 per barrel in January 2004, which is 8% higher than the previous year.",channel1
566,The price of oil and gas fluctuates,channel1
567,The price of oil and natural gas was increasing in 2003-2004 due to factors such as low gas inventories and colder than normal winter.,channel1
568,The U.S. experienced stagflation in the 1970s partially due to rising fuel prices.,channel1
569,"Objective facts about the Economy and Energy situation: 
Shell is closing its refinery in Bakersfield, while ChevronTexaco is increasing its capital expenditure. 
Gas prices in Mississippi are averaging around 90 to 95 cents per liter. 
Santos' 2003 earnings were $327 million after-tax, with gas prices averaging $3.16 GJ.",channel1
570,"The price of heating oil has been rapidly escalating, and there is a possibility of temporary shortages.",channel1
571,"The average gas price in the US jumped to $1.74 a gallon on March 8, 2004, with crude oil costs accounting for almost half the price of gasoline.",channel1
572,"West Coast refiners in the United States maintain lower inventory levels relative to consumption than refiners in the rest of the country, which can contribute to gasoline price spikes.",channel1
573,"As of March 23, 2004, the average gas price in the US hit a record high due to state clean fuel regulations, chronically low inventories, and OPEC's control of roughly half of the world's exported crude.",channel1
574,"As of April 2004, gasoline prices in the US have reached a record high.",channel1
575,"The United States experienced high gas prices in 2004, with an average increase of 31.5 cents per gallon since December 2003.",channel1
576,"The price of Brent crude oil in April 2004 was $33.59 per barrel, while the price was $33.63 dollars per barrel in March of 2004.",channel1
577,"Higher energy prices, especially at the gasoline pumps, have become a major issue in the 2004 presidential campaign.",channel1
578,The price of gasoline rose over the winter and is expected to continue rising in the summer.,channel1
579,The average price of regular unleaded gasoline in the United States was $1.84 per gallon in May 2004.,channel1
580,"As of May 2004, oil prices were near a record high, with prices at U.S. gas pumps surging.",channel1
581,"The demand for home heating oil increases in the winter, causing jet fuel costs to rise.",channel1
582,"The price of crude oil is a major factor in determining gas prices, and competition among gas stations also plays a role.",channel1
583,"The recent oil price increase has reached its highest level ever in the United States, with prices rising to their highest level ever in the United States.",channel1
584,The price of oil was around $18 a barrel in West Texas in June 2004 .,channel1
585,Gasoline accounts for about 17 percent of the energy consumed in the United States.,channel1
586,"The Consumer Price Index (CPI) is the most widely used measure of inflation in the US, and food and fuel prices constitute the majority of the CPI.",channel1
587,"In 2004, gasoline and diesel prices set records, with prices speculated to be influenced by fuel made in the state or surrounding states.",channel1
588,"The price of gasoline was a significant factor in the Sudan in 2004, with a decision to restore the price to its previous level of LS3 depending on future prices of oil and interest rates on investment of oil.",channel1
589,"Most of the USA heats by Gas, followed by oil, electricity, and other fuel sources (wood, solar, etc.).",channel1
590,"As of July 2004, natural gas spot prices were elevated at the start of the year and then fell somewhat.",channel1
591,The National Energy Act of 1978 defined the current Btu related price to be the average per barrel domestic refiner cost of acquiring domestic crude oil in the preceding three calendar months.,channel1
592,"The average retail price of gasoline in the United States was affected by oil prices, with a 2.5-cent increase in gasoline price for every dollar increase in oil price.",channel1
593,The Energy Policy and Conservation Act of 1975 aimed to reduce US dependence on foreign oil and promote energy conservation.,channel1
594,"As of August 2004, natural gas spot and futures prices, storage, and market trends are reported by the Energy Information Administration, U.S. Dept. of Energy.",channel1
595,The high gasoline prices in 2004 are a result of record high oil prices.,channel1
596,"The average price of regular, self-serve unleaded across the United States was $1.88; premium was $2.07 in September 2004.",channel1
597,"The national average for self-serve regular gasoline was nearly $1.86 a gallon in the United States as of September 12, 2004.",channel1
598,"Most of the natural gas used in the United States comes from domestic gas production, with the remainder coming from imports.",channel1
599,"The energy sector is affected by geopolitical events, government regulation, economic cycles, and fuel prices.",channel1
600,"In 2004, the global economy was experiencing high oil and gas prices due to production cuts by OPEC and temporary decline in crude exports from Iraq.",channel1
601,The cost of gasoline increased unprecedentedly during the 1976 oil crisis.,channel1
602,"As of October 2004, gas pump prices have hit an all-time high, with oil accounting for about half the cost of making gasoline and diesel.",channel1
603,"As of October 2004, oil and oil product prices in the United States are high relative to recent experience, with crude oil prices at an all-time high.",channel1
604,"As of October 2004, oil prices have broken $50 a barrel, and there is a looming problem of global warming.",channel1
605,"The United States Congress held a hearing on the ""High Cost of Gasoline and Other Petroleum Products"" in 1909-1929, indicating concerns about oil prices.",channel1
606,"The price of oil has an influence on gas prices, and around four-fifths of the world's proven crude oil reserves are located in OPEC countries.",channel1
607,The proportion of the price of gasoline that crude oil accounts for has been increasing.,channel1
608,"The United States' oil production peaked in 1970, as predicted by Hubbert's theory.",channel1
609,"The price of oil and natural gas has a significant impact on the economy, particularly in regions that rely heavily on these energy sources.",channel1
610,"The price of oil and gasoline has been rising, which may lead to increased interest in alternative energy sources and fuel-efficient vehicles.",channel1
611,"The fuel mix used to generate electricity in a user's area can be determined by the state where the vehicle is most often charged, considering factors such as coal, natural gas, and oil.",channel1
612,"As of December 2004, the outlook for oil prices remained uncertain, with higher prices dampening consumption of oil in the US.",channel1
613,"As of 2004, the price of jet fuel was expected to be approximately $26 per barrel in 2005.",channel1
614,"The current account surplus of Trinidad and Tobago rose sharply by about 12 percentage points of GDP in 2003, to 13 percent of GDP, reflecting high oil and gas prices and increased production.",channel1
615,The share of taxes in the fuel price of the USA is about 25%.,channel1
616,"As of 2004, fuel oil prices increased 39.5 percent, while gasoline prices fell 7.1 percent in the six-month period.",channel1
617,The real price of crude oil has been indexed and shown in Figure 2.3 of a World Bank document.,channel1
618,"Oil prices in 2005 were around $27.22 per barrel, and natural gas prices were around US cents/1,000 cubic feet. Real prices are in 1950 prices.",channel1
619,"The current federal energy bill would increase ethanol blending in gasoline to about 5 billion gallons per year, costing US taxpayers $2.5 billion.",channel1
620,"The peaking of world oil production presents an unprecedented risk management problem, and high world oil prices over a sustained period can induce structural conservation and energy efficiency.",channel1
621,"The United States' Real GDP was projected to be 4.3% in November 2004 and 3.4% in 2005. 
The Consumer Price Index (CPI) was reported in January 2005, with energy prices dropping 1.1%, including fuel oil, natural gas, and gasoline. 
The average petroleum spot price was reported, with a spread between crude oil prices and refining capacity. 
The utilization rate of existing state oil and gas wells was reported, along with drilling costs and production rates for oil and gas wells at all depths. 
Producer Price Indices for selected transportation and energy industries, including pipeline transportation of crude oil and refined petroleum products, were reported.",channel1
622,"The oil price hit a new record of 55 US dollars in 2005 due to extreme cold weather in the United States and Europe, and fires in three key US refineries.",channel1
623,"As of 2005, oil prices were high, with spot oil prices mentioned in the range of U.S. $30 or more per barrel.",channel1
624,"As of March 2005, gasoline prices have passed $2 per gallon in the United States .",channel1
625,"As of March 2005, the average retail price for gasoline in the United States has hit a new all-time high, with Texas light crude reaching $57.40 per barrel and gasoline prices striking a new average record of $2.15 per gallon.",channel1
626,"As of April 2005, the price of gasoline was increasing, with Texas light crude reaching a new record of $57.27 per barrel.",channel1
627,"As of 2005, the average person in the US consumes 60 barrels of oil (2520 gallons) per year, and the annual springtime increase of U.S. gasoline prices could lead to a national average price of $2.50 per gallon.",channel1
628,"The consumer price index was affected by sharply higher crude oil prices in 2004, leading to increases in gasoline and fuel oil prices.",channel1
629,"As of April 2005, the US consumer prices (CPI) increased by 0.6% in March, with higher oil and gas prices contributing to the growth.",channel1
630,"As of April 2005, US gasoline prices have reached record levels, above $2.20 a gallon, and have even flirted with $3 a gallon.",channel1
631,"Between January 3 and April 11, 2005, gasoline prices increased nearly every week, and during this time the average U.S. price for regular unleaded gasoline rose.",channel1
632,The U.S. is a key player in the downstream relationship between wholesale and net-of-tax-retail gasoline prices.,channel1
633,"Objective facts about the Economy and Energy situation:
U.S. natural gas prices have historically displayed greater volatility than prices of crude oil. 
The United States currently imports about 60% of its crude oil. 
Airlines blame their woes on crude oil prices, citing that every $1 increase in the price of crude oil costs them $1 billion.",channel1
634,"The Hawaii Legislature passed Act 257 in 2005, which limits the rent oil companies may charge to independent dealers, concerned about the effects of market concentration on retail gasoline prices.",channel1
635,The average gas price in the US in 2005 was around $2.10 per gallon.,channel1
636,The price of crude oil drives most of the variation in the price of gasoline.,channel1
637,"Objective facts about the Economy and Energy situation: 
The average distillate fuel oil prices are forecast to change in the US. 
Prices for home heating oil, residential electric power, and diesel fuel decreased at faster rates than they did in the preceding month in May 2005. 
Honduras's fuel import bill rose sharply with the surge in world oil prices.",channel1
638,"As of 2005, the United States imports nearly 58% of all petroleum, with only 45% of each barrel used to produce gasoline.",channel1
639,"In 2004, the industrial supplies and materials price index, which includes the fuel price index, increased by 31.5%.",channel1
640,"Objective facts about the Economy and Energy situation:
The price of oil and gasoline has been rising, with a 28% increase in Eritrea in July 2005. 
Crude oil, gasoline, heating oil, diesel, propane, and other liquids including biofuels and natural gas liquids are among the petroleum and other liquids tracked by the U.S. Energy Information Administration.",channel1
641,"The cost of crude oil is not the primary factor in setting gasoline prices in Canada, as U.S. rack prices have a greater impact.",channel1
642,"As of July 2005, gasoline prices in the United States have hit record highs.",channel1
643,"The Energy Policy Act of 2005 was enacted on July 27, 2005, when crude oil prices had recently hit an all-time high of $63 per barrel.",channel1
644,"In 2004, U.S. consumers used an average of 9 million barrels per day of gasoline, with an average price of $0.28 per gallon.",channel1
645,"In August 2005, crude oil prices were around $60 per barrel, and gasoline prices were projected to remain high.",channel1
646,"As of August 15, 2005, gas prices broke records for the third time, with high prices attributed to the demand for oil and wars in the Middle East.",channel1
647,"Hawaii became the first state in the U.S. to set caps on wholesale gas prices on August 25, 2005.",channel1
648,"Gas prices surged across the US after Hurricane Katrina, with prices reaching almost $4 a gallon in some markets.",channel1
649,"Hurricane Katrina caused severe damage to U.S. refinery and production capacity in the Gulf of Mexico, leading to increased oil prices.",channel1
650,"As of 2005, Hawaii had a price cap law for regular unleaded gasoline, and major wholesalers in the state included Chevron, Shell Oil, and Tesoro.",channel1
651,The OPEC Conference welcomed actions taken by consuming countries to ease the burden of higher fuel prices on the final consumer.,channel1
652,"In September 2005, natural gas prices set a record, pointing to a costly winter in the United States, and there was a loss of supply in the markets for crude oil, petroleum products, natural gas, and electricity due to Hurricane Katrina.",channel1
653,"The historic sharp volatility of oil prices has led to economic considerations, such as coal refineries being viable if the price of oil stays above $35 per barrel.",channel1
654,"As of October 2005, retail gasoline prices in the US jumped 30% in one week, reaching constant-dollar levels not seen since the 1980s.",channel1
655,"As of October 2005, Shell is a leading oil and gas producer in the deepwater Gulf of Mexico.",channel1
656,"As of 2005, high gas prices and strong oil company earnings have generated a rash of new tax proposals.",channel1
657,"Objective facts about the Economy and Energy situation:
The price of gasoline in 2005 was around $3.12 per gallon, compared to $1.20 in 1981. 
Conventional gasoline vehicles only convert about 12%–30% of the energy stored in gasoline. 
High oil prices and government fuel subsidies have heightened concerns about the fiscal position.",channel1
658,The Senate held hearings on rising oil and fuel prices and record earnings of U.S. oil companies in November 2005.,channel1
659,"Objective facts about the Economy and Energy situation:
The price of oil has risen sharply, affecting U.S. households and businesses that purchase fuel oil, gasoline, and other petroleum-based products. 
High oil prices have led to an increase in gasoline prices, with prices reaching nearly $3 per gallon. 
A third of cars in the Persian Gulf are SUVs, despite fuel prices rising due to the oil price hike.",channel1
660,The United States imports about 13 million barrels of oil a day.,channel1
661,"The energy sector is crucial to the US economy, with companies like bp America committed to economic growth and energy security.",channel1
662,"As of December 2005, natural gas prices in North America were trading at historically high levels, trending toward parity with other crude-derived fuels.",channel1
663,"The price of crude oil and gasoline has been volatile due to refinery outages and low inventories, leading to higher prices.",channel1
664,"As of 2005, oil prices were around $20 per barrel, and experts were discussing the economic implications of high fuel prices.",channel1
665,The annual average wellhead price per barrel for all domestic crude oil in the United States is used to calculate the credit for producing fuel from a nonconventional source .,channel1
666,"The United States has experienced energy shortages before the 1970s, such as the West Coast Gas Famine of 1920.",channel1
667,The U.S. crude oil price controls cannot be justified in terms of a cartel theory.,channel1
668,"As of 2006, gasoline prices were increasing, with prices above $3 a gallon and crude oil prices topping $70 per barrel.",channel1
669,"Objective facts about the Economy and Energy situation:
The Energy Policy Act of 2005 directs FERC to require a LNG terminal operator to develop an Emergency Response Plan. 
The U.S. economy slowed sharply at the end of 2005 due to expired incentives and surging gasoline prices. 
In 2004, 75 percent of U.S. wellhead production of natural gas was classified as “non-associated” with crude oil.",channel1
670,"The global economy is being affected by high energy prices, with oil prices being a significant contributor to the slowdown.",channel1
671,"In 2005, rates on thirty-year fixed-rate mortgages were influenced by oil demand in the United States.",channel1
672,"Objective facts about the Economy and Energy situation:
The United States is experiencing high natural gas prices, which are affecting consumers and the economy. 
Natural gas prices in the United States have been increasing, leading to concerns about their implications on consumers.",channel1
673,"As of 2006, the United States produced more crude oil than any nation, at any time.",channel1
674,"Objective facts about the Economy and Energy situation: 
The global oil price rose from $26 a barrel in January 2001 to about $50 a barrel in March 2005. 
The demand for oil has expanded faster than supply, leading to high prices.",channel1
675,"The price of uncontrolled oil in the 1970s was high, peaking at around $36.95 per barrel in the United States.",channel1
676,The Consumer Price Index (CPI-U) for fuel oil and other fuels decreased by 0.5% and 1.4% respectively in March 2006.,channel1
677,"As of March 2006, the average retail price of gasoline in the United States is $2.51 a gallon.",channel1
678,"Objective facts about the Economy and Energy situation:
The U.S. Department of Energy expects the prices of crude oil and gas to decrease in 2006-07 by roughly 5 and 3 percent, respectively. 
Railroads are the most fuel-efficient way to move freight over land. 
High oil prices are boosting ethanol demand. 
The price of crude oil affects the price of gasoline.",channel1
679,"The United States uses two-thirds of all oil for transportation, and the price per barrel of oil has doubled to $60 U.S.",channel1
680,"The Commonwealth of Puerto Rico regulates gasoline prices, including pricing of petroleum products and cost of the State's gross-receipts tax.",channel1
681,"The average price of a regular gallon of gasoline in the US has been increasing, with a surge in prices in April 2006.",channel1
682,The All-Inclusive Index Less Fuel (AII-LF) provides a parallel measure of the Rail Cost Adjustment Factor (RCAF) without the influence of fuel.,channel1
683,"As of May 2006, crude oil prices were in excess of $70 per barrel.",channel1
684,"Objective facts about the Economy and Energy situation:
Crude oil stocks in the United States have increased. 
Higher natural gas prices tend to induce higher utilization of alternate fuels such as oil or even coal in the electric power sector. 
Hawaii has the highest electricity rates in the United States. 
The price of crude oil is high, affecting gas prices in the United States.",channel1
685,The 1970s oil price shocks led to double-digit inflation and gas shortages due to price controls.,channel1
686,"The Federal Trade Commission (FTC) released a report on its investigation of gasoline price manipulation in 2006, finding that crude oil and gasoline prices were affected by various factors, including OPEC's influence on crude oil prices.",channel1
687,"The price of crude oil has been rising, stimulating demand for ethanol-related products.",channel1
688,"Fuel oil prices rose 27.2 percent in 2005, after increasing 39.5 percent in 2004. Energy services charges (piped gas and electricity) accelerated.",channel1
689,"The United States has experienced wide swings in energy prices over the past thirty-five years, with the oil price increases of the 1970s being followed by price decreases.",channel1
690,The United States is expected to spend about $320 billion on oil imports in 2006 if oil prices remain at $60 a barrel.,channel1
691,The average price of gasoline in the United States has risen from an unknown value to a higher value in recent years.,channel1
692,"Over the period from 2005 to 2006, crude oil prices doubled, leading to increased gas prices in the EU25.",channel1
693,"The price of gasoline in the US is affected by higher crude oil prices, with a significant portion of the forecast gasoline price attributed to crude oil prices.",channel1
694,"The price of gasoline can be broken down into four components: crude oil, federal and state taxes, refining and profits, and distribution and marketing.",channel1
695,The NYMEX futures price for crude oil represents the market-clearing price for crude oil on a per-barrel basis.,channel1
696,"The shutdown of the largest U.S. oil field by BP removes about 8 percent of daily U.S. crude production, driving oil and gasoline prices sharply higher on energy markets.",channel1
697,"Objective facts about the Economy and Energy situation:
Oil demand continues to grow due to worldwide economic growth, particularly in China and the United States. 
Non-OPEC supply has failed to keep up with growing demand. 
The inflation-adjusted price of gasoline has drifted steadily downward, except for two sharp increases. 
The shutdown of the Alaskan oil pipeline has disrupted oil supply and prices.",channel1
698,"The United States is heavily dependent on oil and gas, which makes it vulnerable to price fluctuations and increases its reliance on foreign nations.",channel1
699,"As of 2006, Illinois coal reserves hold enough methane to meet all of the state's natural gas needs for seven years.",channel1
700,"The current oil prices have caused a significant impact on the economy, with prices of gasoline and other petroleum products increasing due to the disruption of oil delivery and refining.",channel1
701,"The short-run gasoline demand elasticity is affected by crude oil production disruptions, and the price and income of the three-country and USA-only cases.",channel1
702,The average price of gasoline and diesel fuel in the US has increased significantly due to the rise in crude oil prices.,channel1
703,"Objective facts about the Economy and Energy situation:
China has been controlling oil prices, which are lower than the international market, causing losses for the Chinese government. 
The Nuclear Threat Initiative has committed $50 million to create an IAEA fuel bank, with growing concerns about volatile oil prices and interest in nuclear electricity. 
There is no evidence of the White House or Congress manipulating oil or gasoline prices for political gain. 
The state of Texas has passed a bill (76(R) SB 7) regarding electricity and natural gas price projections. 
Thailand's biofuels industry has sales and administration costs, employee costs, and maintenance costs.",channel1
704,"Average retail gasoline prices peaked at $3.07 a gallon last September, reflecting the extreme tightness in the market following Hurricane Katrina.",channel1
705,"The United States explores and produces energy products, including fuels, oil, natural gas, lubricants, LPG, and chemicals, with major projects in the Gulf of Mexico.",channel1
706,"As of 2006, 8.1 million households in the United States use heating oil to heat their homes, with 6.3 million of those households being low- to moderate-income.",channel1
707,The cost of crude oil is a significant factor in the prices of gasoline and other fuels.,channel1
708,"Oil prices have recently traded near $61 a barrel, and gasoline prices have fallen over 20% in the United States.",channel1
709,: The wholesale price of gasoline in the United States in 2006 was linked to the price of oil.,channel1
710,"The global oil market is influenced by political factors, such as governments using oil revenues for political purposes that undermine U.S. influence.",channel1
711,"As of 2006, there are fuel vehicles on the road in the United States, and a government subsidy of 51 cents per gallon makes corn-based ethanol price competitive.",channel1
712,Regular gasoline retail prices in the US were tracked by the U.S. Energy Information Administration.,channel1
713,"The natural gas price is indexed to oil product prices in the end-user market, mainly gas oil and low sulfur fuel oil.",channel1
714,"As of 2006, the price of gasoline is influenced by crude oil prices, with a dollar decrease in WTI crude oil prices resulting in a similar decrease in gasoline prices per gallon.",channel1
715,The average price for a gallon of unleaded regular gasoline in the United States increased from January 2000 to July 2006.,channel1
716,The price of crude oil affects the profitability of the ethanol market,channel1
717,"As of 2006, Southwest Airlines had substantial hedging positions over the next three years at roughly $50 per barrel, providing protection against jet fuel price spikes.",channel1
718,"In 2006, average US gasoline prices rose from $2.21 to over $3.00 per gallon, driven by peak oil crisis.",channel1
719,The average price of gasoline in the U.S. was mentioned in the context of public transportation and petroleum savings.,channel1
720,"The United States has a high annual gasoline consumption, and prices are affected by the domestic demand curve and oil import supply curve.",channel1
721,"Objective facts about the Economy and Energy situation: 
The United States has an emergency inventory of oil, known as the Strategic Petroleum Reserve (SPR), to provide a cushion against disruptions in oil supplies. 
The President's plan aims to reduce projected gasoline consumption by 20 percent in 2017, which could slow the growth of oil prices and lower the cost of gasoline.",channel1
722,"The price of crude oil and natural gas was high in 2007, leading to record annual profits for oil companies like Exxon.",channel1
723,"The Jones Act, which requires U.S.-built ships for domestic transportation, is estimated to cost $163.2 million per year, including $15.2 million for dry cargo ships and $5.1 million for tug/barge.",channel1
724,"In February 2007, the price of crude oil averaged $66 per barrel.",channel1
725,The price of natural gas in the United States generally tracks the price of crude oil.,channel1
726,"Objective facts about the Economy and Energy situation:
The price of crude oil is uncertain and affects the cost of gasoline and other energy products. 
The Henry Hub spot price of natural gas declined 27 cents per MMBtu in a week. 
Natural gas prices are affected by the weather and supply and demand. 
The price of chemical grade benzene is affected by supply and demand.",channel1
727,"The global jet fuel price index provides weekly updates, and the petrol price in South Africa is directly linked to the price of petrol quoted in US dollars.",channel1
728,"The United States has a refinery yield of gasoline per barrel of oil that is higher than Iran's, with 0.89 compared to Iran's less than one-half.",channel1
729,The real price spread between motor gasoline and residual fuel oil in the US from 1983-2006 is shown in Table 2.,channel1
730,"The United States is a major consumer of foreign oil, and refinery outages can impact petroleum prices.",channel1
731,"The price of oil and gasoline has been a significant concern in the United States, with high prices affecting college students' expenditures and influencing public attitudes towards climate change.",channel1
732,"The United States is increasingly dependent on imported energy, with oil and gas companies leasing federal lands and waters agreeing to pay royalties to the government.",channel1
733,The United States Natural Gas Fund (UNG) is an exchange-traded security designed to track natural gas prices.,channel1
734,"As of 2007, the United States relies heavily on oil, with 40% of energy demand and over 99% of transportation fuel needs met by oil, according to the US Department of Energy.",channel1
735,The price of imported low sulfur light crude oil is projected to increase in the long term according to the U.S. Department of Energy's Energy Information Administration (EIA).,channel1
736,"The global price of oil was $15.50 per barrel as of May 8, 2007, according to the First Trust Natural Gas ETF (FCG) Stock Price, News, Quote.",channel1
737,The global oil price peaked at above US$140 in 2008 . The average terminal rack price of fuel is used to determine the selling price of seized fuel .,channel1
738,"As of May 2007, the average U.S. retail price of unleaded, regular gasoline hit an all-time high of $3.227 a gallon.",channel1
739,"In 2007, the United States faced issues with refinery capacity, leading to high gasoline prices.",channel1
740,"The United States has been experiencing rising gas prices, which has made energy policy a salient political issue.",channel1
741,The cost of a barrel of crude oil increased from $3 in 1973 to over $30 in 1979 due to OPEC price increases.,channel1
742,"Gasoline trades on an international market, and if U.S. gasoline prices were kept below world market levels, there would be shortages in the country.",channel1
743,"The national average price of gasoline in the US was $2.975 a gallon in June 2007, according to AAA and the Oil Price Information Service.",channel1
744,"Crude oil prices are near-record highs, and oil companies are reaping billions in profits.",channel1
745,"Objective facts about the Economy and Energy situation:
High fuel prices have already impacted the new vehicle market in the United States. 
U.S. petroleum product demand increased by 0.3% in 2005 to 20.802 million barrels per day. 
The U.S. imports 60 percent of its oil. 
Recent increases in the retail price of petrol in Australia far exceed the recent rise in the price of crude oil. 
The economy grew at a higher-than-expected rate of 3.4% in 2006.",channel1
746,"As of May 20, 2024, the national average price for jet fuel in the United States is $6.42 per gallon.",channel1
747,"Objective facts about the Economy and Energy situation:
The price of crude oil affects the profitability of refineries, and an increase in the cost of crude oil can lead to higher retail gas prices. 
Biofuels produce fewer gas emissions than gasoline, and an increase in the Renewable Fuel Standard can help reduce dependence on oil. 
The international benchmark price for refined petrol, such as Singapore Mogas, affects the price of unleaded petrol.",channel1
748,"The price of gasoline is influenced by various components, including crude oil prices.",channel1
749,"In 2007, gasoline and diesel prices were relatively high, contributing to higher transportation costs and food prices.",channel1
750,"The United States cut support for commercialization of synthetic fuels from coal, natural gas, and biomass when crude oil prices dropped and supplies stabilized in the mid-1980s.",channel1
751,"In 2007, the average price of gasoline was $5.77 in Norway, one of the higher observed price levels in the world.",channel1
752,The cost of building a new Gas to Liquids (GTL) plant is comparable to the cost of a new oil refinery in the United States.,channel1
753,"Crude oil prices have risen significantly, from $US20 in 2002 to US$77 in the fall of 2006.",channel1
754,"The demand for oil will fall due to an increased gasoline tax, which will cause the price of oil in the world market to fall.",channel1
755,"Objective facts about the Economy and Energy situation:
The US government aims to reduce consumer fuel prices, increase energy security, and stimulate growth in rural America through the Energy Policy Act (EPAct) .
Natural gas reserves in the Rocky Mountain States account for nearly 22 percent of the US total .",channel1
756,"As of 2007, there were compressed natural gas (CNG) and liquefied natural gas (LNG) fueling stations in the United States and Canada.",channel1
757,"As of 2007, the US was responsible for one-third of the world oil consumption, two-thirds of which was for transportation.",channel1
758,"Objective facts about the Economy and Energy situation:
The price of gasoline is expected to increase, with some sources suggesting it is well above current levels of taxation in the United States. 
Crude oil prices have declined from over US$81 to below US$80 per barrel.",channel1
759,"Oil prices have more than quadrupled since 2001 due to strong demand from Asia, the Middle East, and the United States outpacing production capacity.",channel1
760,Every $1 increase in the price of a barrel of oil adds $10 million in annual fuel costs for Alaska Air Group before the benefit of fuel hedges.,channel1
761,"As of 2007, the U.S. Total Gasoline Wholesale/Resale Price by Refiners was around $0.85 per gallon in January 1983 and had fluctuated over the years.",channel1
762,"Oil prices are surging, with crude prices not yet fully reflected at the pump, but expected to change soon .",channel1
763,"The current oil price is volatile and has been increasing, with a significant impact on gasoline prices.",channel1
764,"Objective facts about the Economy and Energy situation:
In 2007, oil prices surged, with jet fuel peaking at US $181.80 and crude oil hitting the US$100 mark.",channel1
765,Crude oil was trading between $70-$75 per barrel in November 2007.,channel1
766,"The USL ETF is designed to track the daily price movements of West Texas Intermediate light, sweet crude oil.",channel1
767,"The U.S. economy depends primarily on oil for energy, consuming a quarter of the world's total oil production.",channel1
768,"As of 2007, the price of crude oil averaged $66 per barrel.",channel1
769,The United States was a net importer of crude oil and petroleum products in 2007.,channel1
770,"In 2008, the price of gasoline in U.S. markets has been influenced by the balance of supplies of and demand for oil and the cost of refining that oil into gasoline.",channel1
771,"The average U.S. retail price for gasoline jumped 5.6 cents to $3.11 a gallon over the past week, reflecting record high oil prices.",channel1
772,"As of 2008, rising energy prices have made it more expensive for people to heat their homes and keep the lights on, especially in remote rural areas.",channel1
773,"The current price of oil is below $87 due to U.S. recession fears, and there is evidence of weakening demand for refined fuels such as heating oil and gasoline.",channel1
774,"Objective facts about the Economy and Energy situation:
The price of soybean oil has been particularly volatile due to high demand growth in China, the U.S., and the European Union. 
The world market price of crude oil has risen due to increasing worldwide demand for petroleum, particularly in developing countries such as China. 
Louisiana has some of the largest import terminals for natural gas and refined products in the United States. 
Exxon Mobil earned a record $40.6 billion profit for the year, with oil prices outpacing increases in gasoline prices and other refined products.",channel1
775,The price of gasoline increased by $1.03 in the United States.,channel1
776,"In 2007, the U.S. economy was challenged by the ongoing slowdown in housing and large increases in energy prices.",channel1
777,"Only 35% of the crude oil used by US refineries is produced in the US, and 90% of the gasoline consumed in the United States was imported in 2007.",channel1
778,"The UGA ETF is designed to track the daily price movements of gasoline, with its benchmark being the near month futures contract on gasoline (RBOB) as traded on the New York Mercantile Exchange.",channel1
779,"Historically, residual fuel oil has been the most important refined product (in terms of volume) imported into the U.S.",channel1
780,The United States is the number one oil importing and consuming country in the world.,channel1
781,"High oil prices have led to a surge in the use of biofuels, and the U.S. dollar exchange rate affects commodity prices, particularly crude oil, precious metals, industrial metals, and grains.",channel1
782,The argument that increasing fuel economy will decrease highway safety is simply not true.,channel1
783,"The primary demand sectors for gasoline and diesel fuel are different in the United States, with gasoline being a mass consumer good and diesel fuel being used for transportation and industry.",channel1
784,"In 2008, the average retail gasoline prices in the US were nearing an all-time inflation-adjusted high of $3.40 a gallon.",channel1
785,"The Exxon Valdez accident led to a price spike in gasoline, but it was found that crude oil prices had increased independently of the accident.",channel1
786,"As of April 2008, the price of crude oil was around $30 per barrel, and gasoline prices were at a record high, with a U.S. average of $3.503 per gallon.",channel1
787,"In 2006, a US Senate Permanent Subcommittee on Investigations report found that market speculation contributed to rising oil and gas prices.",channel1
788,"Objective facts about the Economy and Energy situation:
In 2008, crude oil prices surged to over $120 a barrel, keeping gasoline prices high, with an average retail price of $3.6245 a gallon as of May 2. 
In 1974, the US imposed a national speed limit of 55 mph during the Middle East oil embargo.",channel1
789,"As of May 2008, the average gasoline price was less than $4 per gallon, and oil prices were around $127 per barrel. Alaska was the first state to hit $4 a gallon gasoline.",channel1
790,"As of May 2008, the price of crude oil has increased, leading to higher prices of gasoline and home heating oil.",channel1
791,"As of May 2008, global crude oil prices have risen by 109% since January 2007, while gasoline prices in the U.S. have risen by 77%.",channel1
792,"In the past few years, world oil prices have increased, and this has led to higher gasoline prices, affecting the economy and various industries such as automakers and airlines.",channel1
793,"Objective facts about the Economy and Energy situation: 
Crude oil prices are the primary driver of changes in gasoline prices. 
In 2008, retail gasoline prices in the United States reached a new record over $4.04 a gallon. 
Gasoline demand in the US was up despite high prices in 2008. 
Gasoline prices are up about 31 percent over the last year, and oil prices have nearly doubled over the same period in 2008.",channel1
794,"As of 2008, oil prices have risen sharply, and the increase has been reflected at American gasoline pumps, with much of the oil consumed in America coming from foreign sources.",channel1
795,"As of May 20, 2024, Brent Crude Oil prices stood at a certain level (no specific price mentioned)",channel1
796,"A $10/barrel rise in crude oil prices results in an increase in diesel fuel prices of $0.24/gallon, or a fuel surcharge of",channel1
797,"The average retail price for U.S. gasoline hit a record of $4.11 a gallon on July 7, 2008.",channel1
798,"The average price of oil in U.S. dollars a barrel is expected to be consistent with oil futures market pricing, according to the IMF World Economic Outlook (WEO) Update.",channel1
799,"As of July 2008, U.S. retail gasoline prices fell sharply to just below $4 a gallon, in line with retreating crude oil markets.",channel1
800,"The price of gasoline was a concern in 2008, with President Bush discussing the need to find more oil and gas supplies to reduce prices.",channel1
801,"The surge in prices of cereals and oils is a significant issue, and gasoline taxes in the United States and the United Kingdom are being considered.",channel1
802,"The United States has experienced high gasoline prices, with prices increasing by 35.2% in 2008.",channel1
803,The US consumes approximately 7.5 billion barrels of oil a year.,channel1
804,"Objective facts about the Economy and Energy situation 
The price of gasoline and crude oil has been increasing, affecting various industries and consumers. 
The United States is increasingly an importer of natural gas, with 18% of total global consumption in 2007.",channel1
805,"As of 2004-06, U.S. farms and ranches spent $13.4 billion for fuel, oil, and electricity.",channel1
806,"Objective facts about the Economy and Energy situation: 
Fuel and food price subsidies are issues that need to be addressed, and reform options are being considered. 
Hurricane Ike hit the heart of the U.S. oil sector, causing damage to refineries and offshore platforms, leading to a spike in gasoline prices. 
The wholesale gasoline market saw prices soar to record highs along the Gulf Coast due to Hurricane Ike. 
The shutdown of crude oil and refining production in the United States due to Hurricane Ike was similar to the situation in 2005 when hurricanes Katrina and Rita swept through. 
The refinery shutdowns could create near-term problems for the prices of refined petroleum products — gasoline and diesel fuel — even as prices for crude oil remained low.",channel1
807,The U.S. electricity generation in 2005 was sourced by 49.7% coal and 18.7% natural gas.,channel1
808,"As of 2008, more than 98% of U.S. gasoline contains ethanol to oxygenate the fuel.",channel1
809,The use of ethanol as an alternative fuel can reduce greenhouse gas emissions in the United States.,channel1
810,"Objective facts about the Economy and Energy situation: 
Crude oil prices have been high, with forecasts of reaching USD 100 per barrel in 2000 . 
Local gas prices have dropped under $3 in the United States . 
The United States and Europe have seen intensifying financial stress, with high gas prices . 
The recent energy crisis has quadrupled the price of crude oil in major export countries .",channel1
811,"As of 2008, the price of crude oil has increased steadily over the last decade, but gasoline prices in Hawaii have been decreasing.",channel1
812,"As of October 2008, crude oil prices have dropped significantly, leading to a decrease in gasoline prices in some states to below $2.50 a gallon.",channel1
813,"Oil prices have a significant impact on revenue sources, such as fuel taxes, which are a shrinking revenue source.",channel1
814,"Objective facts about the Economy and Energy situation: 
Oil and gas prices were increasing at a much higher rate than PCE inflation over almost all of the last decade. 
Gasoline prices are volatile and have increased. 
Crude oil prices hit the economy hard in 2008, causing gasoline prices to skyrocket and automobile sales to plunge. 
U.S. crude inventories remained stable after rising the previous five periods, while gasoline stockpiles rose unexpectedly in 2008.",channel1
815,The price of ethanol is dependent on the price movements of corn and crude oil.,channel1
816,"The average price of self-serve, unleaded gasoline in the United States was $1.97 on November 23, 2008.",channel1
817,"As of November 2008, the U.S. average price of a gallon of self-serve regular gasoline fell to $1.892.",channel1
818,"As of December 2008, crude oil prices had recently fallen more than 60% from their early 2008 levels, and natural gas prices were decreasing and likely to remain lower before moving up.",channel1
819,"As of December 2008, oil prices have fallen by two-thirds from record highs five months ago.",channel1
820,"Objective facts about the Economy and Energy situation: 
The average daily regular-grade gasoline prices in Hawaii were a concern in 2008. 
The cost of gasoline is primarily driven by the cost per barrel of crude oil. 
In 2008, the average IEA crude oil import price and drilling rig day-rates were significant factors in the energy industry. 
In 2008, oil prices rose to around $45 a barrel ahead of an OPEC meeting. 
The United States would need less oil if hydrogen fuel cell vehicles were adopted, due to their higher efficiency.",channel1
821,"The price of gasoline is not fully captured by crude oil prices, and there is a correlation between oil prices and state unemployment rates.",channel1
822,"The U.S. did pass peak oil production in 1970, peaking at around 9 million barrels per day.",channel1
823,"Objective facts about the Economy and Energy situation:
The world prices for food have increased by about half and for fuel about, measured by the U.S. dollar-denominated World Economic Outlook (WEO) indices. 
Oil prices fell on a surprise surge in inventory, and the number of oil and natural gas rigs in the United States decreased. 
Crude oil hit a record of $145.29 a barrel in July, but prices have been falling since then.",channel1
824,"The WTI Crude Oil Spot Price is a major benchmark used in pricing oil, and it was around $3.731 USD per gallon in January 2009.",channel1
825,U.S. gasoline prices are rising steadily due to crude oil price increases and a reduction in the rate of decline in U.S. demand.,channel1
826,"As of 2009, U.S. gasoline prices soared after being flat or falling since 1981.",channel1
827,"The U.S. energy market is affected by various factors, including oil prices, gasoline taxes, and the production of alternative energy sources such as biofuels and renewables.",channel1
828,"Between January 1999 and June 2008, natural gas prices increased by more than 550 percent, and oil prices increased by more than 970 percent.",channel1
829,The United States is vulnerable to oil market manipulation and price shocks due to its dependence on oil.,channel1
830,The price of WTI crude oil was $76 per barrel in 2005.,channel1
831,"The global financial crisis has implications for low-income countries, including the impact of international oil prices.",channel1
832,"The cost of gasoline has a significant impact on the economy, and its rise affects both individuals and the environment.",channel1
833,"The Department of Defense's fuel spending is significant, with Continental U.S. jet fuel purchases making up 60% to 76% of total petroleum product purchases.",channel1
834,"The global trade declined by 9% in 2009, with merchandise trade in volume terms (excluding price and exchange rate effects) also declining.",channel1
835,"Last year, the use of ethanol reduced gasoline consumption in the United States by about 4 percent and greenhouse-gas emissions from the transportation sector.",channel1
836,"The average US gasoline price rose 10 cents a gallon in April 2009, with the cost of crude oil remaining fairly constant over the past three weeks.",channel1
837,"The US refiners' gasoline rack sales price and world average crude prices are correlated, as seen in Figure 4-1.",channel1
838,"The average cost of gasoline in the US increased almost a penny over the last week in April 2009, with prices reaching the highest so far that year.",channel1
839,"The price of rice increased in 2008, with Thailand's price quotes and U.S. Embassy agricultural counselor's Weekly Rice Price Update showing the rise.",channel1
840,"On May 4, 2009, the price for gasoline in the United States was about one third as much as northern European nations.",channel1
841,The price of crude oil has a significant impact on the prices of refined products such as diesel fuel and gasoline.,channel1
842,"The global economy was affected by oil prices in 2009, with high prices leading to economic downturn.",channel1
843,"In 2007, 142 billion gallons of gasoline were sold in the United States.",channel1
844,"Fuel-efficient cars can lead to lower oil prices, and the economic benefits of fuel efficiency measures in Europe are typically underestimated by up to 17 per cent.",channel1
845,"Oil prices reached $140 per barrel in 2009, making alternative energy sources like cellulose, sugar, and palm oil cost-competitive with petroleum.",channel1
846,"As of June 2009, the Producer Price Index by Industry: Oil and Gas has been growing, and the price of jet fuel is substantially higher due to the price of crude oil. The price index for energy in the United States has also been growing.",channel1
847,"The United States is facing the challenge of achieving energy independence, with record high oil prices affecting the economy.",channel1
848,"The United States is overly reliant on fossil fuels such as coal, natural gas, and oil, which damages the environment and makes the country vulnerable to changes in world oil prices.",channel1
849,"The unemployment rate rose in early 2008, coinciding with the increase in gasoline prices.",channel1
850,The positive correlation between Iowa ethanol prices and U.S. Midwest gasoline prices exists.,channel1
851,"The United States produced more crude oil than any nation, at any time.",channel1
852,"The Energy Information Administration (EIA) provides data on natural gas spot and futures prices, storage, and market trends.",channel1
853,"The Core PCE price index includes energy prices, which consist of gasoline and other energy goods, and electricity and gas utilities.",channel1
854,"The acquisition cost of crude oil at U.S. refining plants, Nebraska wholesale ethanol prices, and Iowa corn prices are available as monthly nominal prices.",channel1
855,"The Consumer Price Index (CPI) covers various goods and services, including housing, apparel, and fuel oil.",channel1
856,The recent collapse of oil prices might be a short-term indicator of the highly volatile global oil market.,channel1
857,NYMEX Natural Gas Futures Near-Month Contract Settlement Price and West Texas Intermediate Crude Oil prices are available on the EIA website.,channel1
858,The 2008 and 2011 oil and gasoline price run-ups and continuing effects of the economic downturn have periodically led to a decline in gasoline tax revenues.,channel1
859,"The U.S. Department of Energy's Hydrogen, Fuel Cells, and Infrastructure Technologies Program is exploring hydrogen production, delivery, and storage.",channel1
860,"The United States produced more crude oil than any nation, at any time, with a total of 12 days' worth of crude oil production.",channel1
861,"The current US regular all formulations gas price is around $2.75 per gallon, according to the U.S. Energy Information Administration.",channel1
862,The United States refines about 41% of its oil in Texas and the Gulf states.,channel1
863,The retail price of gasoline is above the price for crude oil on the world market and below the price level of the United States.,channel1
864,"The United States produced more crude oil than any nation, at any time.",channel1
865,The wholesale price discrimination and regulation have implications for the economy and energy sector . The world fossil fuel production is expected to peak by 2050 . Federal Oil offers bulk fuel delivery for businesses . Henry Hub Natural Gas Futures can be used to stay up to date with OPEC meeting outcomes . Oil and gas rules are defined by the SEC .,channel1
866,"As of November 2009, U.S. retail gasoline prices hit a high for the year, with most of the recent rise in crude oil costs being passed on to consumers.",channel1
867,"Objective facts about the Economy and Energy situation:
Section 812 of EISA makes it unlawful to report false or misleading information related to the wholesale price of crude oil, gasoline, or petroleum. 
The average price of Fuel Oil",channel1
868,"The UNL ETF tracks the daily price movements of natural gas, with its benchmark being the near month natural gas futures contract to expire.",channel1
869,"The Organization of the Petroleum Exporting Countries (OPEC) controlled world oil production in the past, keeping prices low.",channel1
870,"The United States produced more crude oil than any nation, at any time.",channel1
871,"The United States has a pattern of gasoline price data, and the price of natural gas can displace the use of coal and oil.",channel1
872,"The proportion of ""economically recoverable"" proved oil reserves is affected by variations in market prices for oil, as higher prices make it more feasible to extract.",channel1
873,"The stock price of Valero, a major oil refiner, has plummeted 22% due to the economic downturn.",channel1
874,The price of imported crude oil rose from roughly $4/barrel (bbl) during the last quarter of 1973 to an average of over $30/bbl in 2009.,channel1
875,"The United States had a shrinking number of oil companies, which affected the California Gasoline Market.",channel1
876,The average cost of petroleum oil prices is increasing due to geopolitical concerns and oil price volatility.,channel1
877,"The current U.S. refineries are operating at about 80% capacity, which contributes to the volatility of oil prices.",channel1
878,"The share of consumer expenditure on gasoline and motor oil in the US fluctuated between 2.9 and 5.7 percent of the total, largely due to fluctuating gas prices.",channel1
879,"Objective facts about the Economy and Energy situation:
The sample period of a study on estimating the effect of a gasoline tax on carbon emissions covers January 1989 through March 2008. 
Fuel prices in India's capital have been revised since 1989, with a recent reduction in retail price of a litre of gas oil. 
A study by the IMF estimates the effect of a US$10 per barrel reduction in oil prices on government oil revenues in low- and middle-income countries. 
The Obama Budget aims to erase fossil fuel subsidies and increase funding for nuclear energy.",channel1
880,"Brent crude oil prices have been affected by global supply risks, such as the oil tanker in the Red Sea.",channel1
881,"The primary fuels used in rural Alaska are heating oil, diesel, and gasoline.",channel1
882,"The benchmark price for petroleum products for net oil importers is the U.S. dollar price plus $0.20, while for net oil exporters it is simply the U.S. dollar price.",channel1
883,"As of March 4, 2010, the price of West Texas Intermediate (WTI) crude oil increased by $1.16 per barrel to $80.91, or $13.95 per MMBtu.",channel1
884,Federal and state subsidies for ethanol helped keep the fuel in production when ethanol prices fell with crude oil and gasoline prices in the early 1980s.,channel1
885,"The EIA publishes prices of low-sulfur diesel, which is almost exclusively for on-highway use in the post-dye period.",channel1
886,"The U.S. Federal Register published a rule on March 26, 2010, regarding the regulation of fuels and fuel additives, which affects the price of gasoline in the United States.",channel1
887,"As of April 2010, the price of heating oil was $2.890 per gallon . The United States imports more than half of the oil it consumes .",channel1
888,The US rock oil industry boomed in the late 19th century as whale oil increased in price due to scarcity.,channel1
889,"The U.S. biofuels industry has led to lower retail gasoline prices, ranging from 7 cents per gallon to 15 cents per gallon.",channel1
890,"The US government estimates that a $28 carbon price would raise gas prices by 25% . Between 1990 and 2007, crude oil producers, refiners, suppliers, or distributors experienced fluctuations in gasoline prices .",channel1
891,American Gasoline Prices have been falling for 4 straight weeks.,channel1
892,The United States produced more crude oil in recent times.,channel1
893,"The average crude prices for 2010 year-to-date increased to $79.54 for WTI and $77.28 for Brent as of April 13, 2010.",channel1
894,"As of 2010, the price of fuel and petroleum products varied, with some companies offering price breaks for large deliveries, and alternative fuels like LPG being slightly less expensive than gasoline.",channel1
895,The cost of polluting and competition for global oil will likely push up the price of motor fuel.,channel1
896,"As of 2010, the retail price of gasoline and diesel was tracked by the U.S. Energy Information Administration (EIA).",channel1
897,"As of 2020, the average retail price of motor gasoline in the US was around $2 per gallon, excluding taxes.",channel1
898,The high oil price made governments of oil-exporting countries aware of the need to diversify their economies . The United States' military oil consumption has remained relatively constant over the last decade . Crude oil price is expected to increase in the future based on projections from the United States Department of Energy .,channel1
899,"The United States relies heavily on natural gas plants, particularly NGCC plants, to generate electricity.",channel1
900,"The Arab OPEC production was cut by 25 percent in 1970, causing temporary shortages and tripling of oil prices.",channel1
901,The average price of oil in U.S. dollars a barrel was $61.78 in 2009.,channel1
902,"The global economy and energy situation is affected by gasoline prices, with patterns of consumption and production influenced by price subsidies and changes.",channel1
903,"The United States produced more crude oil than any nation, at any time.",channel1
904,The U.S. Energy Information Administration (EIA) provides independent statistics and analysis on energy topics.,channel1
905,"The United States produced more crude oil in recent times, and there is a possibility of permanently lower natural gas prices and increased self-sufficiency in natural gas.",channel1
906,"The USCI ETF is designed to track a portfolio of broad commodity futures contracts, providing a convenient and cost-effective way for investors to access commodity returns.",channel1
907,"The price of crude oil affects the price of gasoline, and the release of oil reserves could push up the price of crude oil.",channel1
908,The United States produced more crude oil than any other country.,channel1
909,"The 1970s energy crisis was caused by an oil embargo imposed by OAPEC, leading to fuel shortages and high prices.",channel1
910,"Between 2003 and 2008, international fuel prices increased more than fourfold, with most of the increase occurring during 2007 and the first half of 2008.",channel1
911,"The price elasticity of US demand for oil is often estimated to be around 0.05 to 0.15, suggesting that a 10% increase in oil prices would lead to a 0.5% to 1.5% decrease in oil demand.",channel1
912,Fuel oil prices ended the week on a higher note on the Atlantic and Gulf coast.,channel1
913,"The United States consumes about 19.5 million barrels per day of finished petroleum-based fuels, mainly as gasoline, diesel fuel, jet fuel, and heating oil.",channel1
914,"The Cash for Clunkers program was a win-win-win-win, putting downward pressure on gasoline prices, and lowering emissions of greenhouse gases and other pollutants.",channel1
915,"The current prices for coal, natural gas, and gasoline in the US are $1.20, $3.97, and $20.00 per unit, respectively, as of April 2010.",channel1
916,"As of October 2010, the price of gasoline in the United States is broken down into four categories: taxes, distribution and marketing, refining, and crude oil.",channel1
917,"In 2008, record oil prices were seen, providing a glimpse of an energy future with ever-rising costs and strategic vulnerability.",channel1
918,"The pump price for diesel fuel was recorded in 2010, with prices varying by geographic area.",channel1
919,"As of November 1, 2010, the U.S. average gasoline price was $2.80 per gallon, which is $1 higher than at the start of 2009.",channel1
920,The global fuel demand is inelastic with respect to crude oil prices.,channel1
921,The U.S. demand for refined petroleum products has declined since the summer 2008 peak in crude oil prices.,channel1
922,"The oil market was severely affected by developments in 2010, resulting in a roller-coaster ride for oil prices, with the OPEC Reference Basket recording prices in excess of $100 per barrel.",channel1
923,"As of December 2010, gasoline prices in the US have risen to a 2-year high, with the average US price of gas hitting its highest level in 777 days.",channel1
924,"The United States has various energy resources, including oil, natural gas, and nuclear power, with Mississippi having oil and natural gas fields in the southern part of the state.",channel1
925,"United States oil prices are expected to rise, with gasoline prices forecasted to be $3.69 in 2035.",channel1
926,The Energy Information Administration (EIA) provides weekly price data by U.S. regions of regular gasoline and an 18-month forecast on oil and gasoline prices and supply.,channel1
927,The current oil prices are competitive and affected by the state of Maine and the United States as a whole.,channel1
928,"Objective facts about the Economy and Energy situation:
The cost of crude oil represents about 65 cents of every dollar paid for diesel fuel or gasoline in the United States. 
The energy index rose 18.2 percent in 2010, with increases in the indexes for fuel oil and electricity offsetting a decline in the natural gas index.",channel1
929,"In September 2007, the price of US crude oil broke the $80 barrier, and in October 2007, a barrel of US light crude oil exceeded $90 for the first time.",channel1
930,"Historical oil shocks have led to price spikes, with the price of crude oil doubling within a few months in the past.",channel1
931,The United States has only 2 percent of the world's oil reserves.,channel1
932,"The U.S. Energy Information Administration (EIA) provides data on crude oil, gasoline, heating oil, diesel, propane, and natural gas prices.",channel1
933,"As of February 2011, the domestic crude oil first purchase price was $67.33/barrel, and the natural gas price was $74.83/barrel.",channel1
934,"One barrel of oil can produce various amounts of gasoline and diesel fuel, depending on the refinery and the specific products being produced.",channel1
935,"The United States imports almost no Libyan oil, but prices are set on a world market, affecting U.S. gasoline prices.",channel1
936,"The four major cost components of the retail price of a gallon of gasoline are crude oil, refining, distribution & marketing, and taxes.",channel1
937,The price of retail gasoline in the United States is a function of the underlying price of crude oil and the price of ethanol (made from corn).,channel1
938,"In 2008, crude oil prices peaked in July, challenging gasoline retailers.",channel1
939,"The situation in Japan has led to questions about energy sources, and rising oil prices at the pump affect the economy.",channel1
940,"As of 2011, the U.S. spot natural gas prices were diverging from the U.K. spot natural gas prices, with the Henry Hub in the United States and the National Balancing Point in the U.K. being two important spot prices for natural gas.",channel1
941,"The prices of gasoline and heating oil are likely to flatten out fairly soon, according to Vice Chair Yellen's speech on commodity prices.",channel1
942,"In April 2011, the US Attorney General formed a working group to investigate oil and gas price fraud.",channel1
943,"The United States does not have enough oil to move world markets, and any increase in domestic oil drilling would be offset by OPEC.",channel1
944,"As of May 2011, the U.S. prices for gasoline, heating oil, diesel fuel, and imported crude oil were reported by the U.S. Energy Information Administration.",channel1
945,"The United States has two primary measures of inflation, the Consumer Price Index (CPI) and the Personal Consumption Expenditures (PCE) Price Index, which can have different rates of growth due to differences in their formulas, including the treatment of gasoline and fuel oil prices.",channel1
946,"The price of gasoline and electricity has been affected by changes in oil prices, with two oil crises in the 1970s and one in 2008.",channel1
947,The cost of crude oil is the single biggest factor in the price of gasoline.,channel1
948,"As of June 2011, gasoline crack spreads were calculated by subtracting LLS crude oil spot price from the conventional gasoline spot price.",channel1
949,"As of June 2011, the United States was experiencing oil price volatility and the effects of the Japanese earthquake and tsunami.",channel1
950,"The global economy has continued to expand, with commodity prices, including oil, experiencing fluctuations.",channel1
951,"The true cost of gasoline is estimated to be $15 per gallon, considering the environmental impact and other factors.",channel1
952,The rising cost of crude oil accounts for most of the increase in gasoline prices from the fall of 2010 to late spring 2011.,channel1
953,"The potential impacts of the current uncertainty regarding shale gas resources on projected natural gas supply, consumption, and prices are described in the EIA report.",channel1
954,"In 2011, international oil prices approached $150 per barrel, and f.o.b. gasoline prices hovered around $2 per liter, while Iran's domestic price was $0.10.",channel1
955,"The U.S. has very competitive natural gas prices, and exposing it to the rest of the world will not lower domestic prices.",channel1
956,"In the eastern U.S., the spot price of coal has risen steadily for nearly two years, while natural gas prices have remained comparatively low.",channel1
957,U.S. gasoline prices have been rising with crude oil prices.,channel1
958,The price of crude oil plummeted in recent days due to slower-than-expected growth in the U.S. economy.,channel1
959,"The 2008 and 2011 oil and gasoline price run-ups had a significant impact on the economy, leading to a decline in gasoline tax revenues.",channel1
960,"The U.S. economy is expected to recover, which will lead to an increase in gasoline and diesel prices.",channel1
961,"The United States has 150 crude oil refineries with an average refinery capacity of about 120,000.",channel1
962,Low U.S. distillate consumption reflects slow economic activity and biofuel substitution.,channel1
963,"Between early September 2010 and late June 2011, crude oil and gasoline prices increased sharply.",channel1
964,"Objective facts about the Economy and Energy situation:
Crude oil, gasoline, heating oil, diesel, propane, and other liquids including biofuels and natural gas liquids are part of the petroleum and other liquids sector. 
China imported record amounts of crude oil in 2023. 
In 2007, average retail prices of B2/B5 were lower than petroleum diesel by about 5-10% in the United States. 
The largest improvement in aircraft fuel efficiency took place in the 1960s. 
Lubricating oils are the main cost driver for operating costs.",channel1
965,"As of 2011, global natural gas prices vary considerably, with the United States having lower prices compared to other countries.",channel1
966,"In 2009, average gasoline prices were higher at the end of the summer than at the beginning, due to high crude oil prices.",channel1
967,"The U.S. spent almost $2900 on gasoline in 2011, which accounts for less than half of all oil products consumed in the country.",channel1
968,"The United States Department of Energy's Vehicle Technologies Office provides a resource for alternative fuel data, including fuel prices.",channel1
969,"As of 2011, the U.S. Energy Information Administration (EIA) raised crude oil and gasoline price forecasts for 2018, expecting summer gasoline prices to be the highest in four years.",channel1
970,"The price of crude oil affects the price of gasoline, and benchmarks play an important role in pricing crude oil.",channel1
971,"As of 2011, the average price of gasoline in the United States was $3.17.",channel1
972,The U.S. Energy Information Administration (EIA) re-runs the Gasoline Inventory (GI) model to produce macroeconomic forecasts that are consistent with the Short-Term Energy Outlook (STEO) energy price forecasts.,channel1
973,The global price of oil peaked at US$147/bbl in the summer of 2008.,channel1
974,Brent crude oil averaged over $100 per barrel in 2011.,channel1
975,The spot price of West Texas Intermediate (WTI) crude oil increased between October and November 2011.,channel1
976,The gap between crude oil and natural gas prices has been steadily widening over the 2006-2009 period.,channel1
977,The world price of oil affects the ethanol/gasoline price relationship in the United States.,channel1
978,"The average U.S. retail gasoline price can be decomposed into an oil component, a tax component, and state fixed effects and time trends.",channel1
979,"As of early October 2011, the spot price for ultra-low-sulfur distillate fuel oil rose, while the spot price for motor gasoline decreased.",channel1
980,"As of 2011, the average gasoline and diesel prices in the US were over $3 per gallon, with crude oil accounting for more than 60% of the cost.",channel1
981,"The U.S. average price of gasoline is at a high level, with a potential to reach $4/gallon by Memorial Day.",channel1
982,The United States spends $1 billion per day on oil imports.,channel1
983,"Gas prices are on the rise in the United States, and natural gas spot prices are near 10-year lows amid warm weather and abundant supply.",channel1
984,"As of February 2012, the price of North Sea oil has increased, driving up U.S. gasoline prices by about 12 cents a gallon since late January.",channel1
985,"As of 2012, the U.S. average retail gasoline price has fallen, and prices in the Rocky Mountains are influenced by Canadian and Bakken crude oils rather than West Texas Intermediate (WTI) and Louisiana Light.",channel1
986,"As of February 2012, the average price of gasoline in the United States was around $3.59 per gallon, with prices expected to continue rising through the first half of the year.",channel1
987,The current situation is affected by uncertainties around supply stemming from tensions with Iran and new U.S. and EU sanctions.,channel1
988,The United States has increased its crude oil production sharply in Canada and the central United States.,channel1
989,"The average U.S. retail gasoline price can be decomposed into an oil component, a tax component, and state fixed effects.",channel1
990,The cost of crude oil is a major factor in determining gasoline prices across U.S. states.,channel1
991,"As of 2012, the cost per mile driven in the US was lower compared to 1980 due to increased vehicle efficiency, despite rising gasoline prices.",channel1
992,The EIA has lowered the forecast 2012 average U.S. refiner acquisition cost of crude oil by $2 per barrel from previous forecasts.,channel1
993,"As of April 2012, the price of West Texas Intermediate (WTI) crude oil was $101 per barrel, while Brent oil on the European market was $120 per barrel.",channel1
994,"Natural gas liquids (NGLs) are used as inputs for petrochemical plants, burned for space heat and cooking, and blended into vehicle fuel.",channel1
995,The United States government aims to decrease gas emissions and dependence on foreign oil through hybrid vehicle development.,channel1
996,"As of 2012, there were approximately 160,000 gasoline stations in the United States, compared to a limited number of alternative transportation fuel stations.",channel1
997,"The United States relies heavily on oil, natural gas, and coal for its energy, making it vulnerable to price fluctuations.",channel1
998,The average U.S. wholesale gasoline prices have risen 30% from 2010-2011.,channel1
999,The Keystone XL tar sands pipeline would reduce gasoline supplies in America by diverting Canadian tar sands crude from the Midwest to the Gulf Coast.,channel1
1000,The price of gasoline in the US was around $2.25 a gallon in May 2012.,channel1
1001,The average price for a gallon of regular gasoline in the United States fell 15.9 cents to $3.624 in the past three weeks due to a drop in crude oil.,channel1
1002,"As of 2012, the fossil fuel industry has a significant influence on the economy, with oil, gas, and coal corporations buying support in the United States.",channel1
1003,The United States has increased its exports of refined products,channel1
1004,The national average price for regular unleaded gasoline fell 50 cents per gallon over a 12-week period in 2012.,channel1
1005,"The heaviest products such as residual fuel oil are recovered at temperatures sometimes over 1,000 degrees Fahrenheit during crude oil distillation.",channel1
1006,"The United States produced more crude oil than any nation, at any time.",channel1
1007,"Crude oil prices have a significant impact on the prices of gasoline, heating oil, and diesel, with crude oil accounting for 61.5% of the cost of gasoline.",channel1
1008,"The price of heating fuels in Maine is a statewide average, and prices in a given geographic region of the state may be considerably higher or lower.",channel1
1009,"The fuel economy standards have affected vehicle efficiency in the US, leading to improved fuel efficiency since the 1970s.",channel1
1010,"As of August 2012, U.S. consumer energy expenditures are still mainly driven by oil prices, and household energy bills got little relief as natural gas prices fell.",channel1
1011,"Objective facts about the Economy and Energy situation:
U.S. gasoline consumption is estimated to be low compared to the five-year average. 
The cost of cleaning up a Canadian crude oil tar sands spill is the highest onshore oil cleanup in U.S. history. 
Electric generator dispatch in the United States depends on system demand and fuel price, as well as the efficiency of the plant's conversion of fuel into electricity. 
Wholesale and retail Producer Price Indexes (PPI) for gasoline, jet fuel, and lubricating oil have increased, while the price of wellhead natural gas has declined. 
There are currently only 8,000 public charging stations for plug-in electric vehicles in the United States.",channel1
1012,The price of gasoline peaked in 1982 due to the U.S. embargo of oil from Iran.,channel1
1013,"In 2009, the United States produced just 2 percent of the world's oil, and oil imports cost the United States an estimated $450 billion.",channel1
1014,"The United States has 10 states with the most toxic air pollution, with coal-fired power plants and heavy industries responsible for 80% of all greenhouse emissions.",channel1
1015,"As of 2012, energy-related carbon dioxide emissions were down in 2011, driven by changing fuel prices and fuel use.",channel1
1016,The U.S. electric vehicle market is advancing due to low natural gas prices and new climate regulations.,channel1
1017,"As of 2012, the U.S. Energy Information Administration reported that crude oil costs were declining, leading to a drop in U.S. gasoline prices.",channel1
1018,The factors that contribute to the price of gasoline are the costs of crude oil and refinery costs.,channel1
1019,"The United States is the world's top oil consumer, but increased domestic production has not had a noticeable impact on the price of crude oil.",channel1
1020,"As of 2012, the average West Texas Intermediate (WTI) spot price of light, low-sulfur crude oil delivered in Cushing, Oklahoma was presented in the AEO2013 Early Release Overview.",channel1
1021,The United States has tripled its use of ethanol in gasoline blends since 2005.,channel1
1022,"The United States is shifting towards the use of North American crude oil supplies, driven by the increasing disparity in the price of oil.",channel1
1023,"As of November 2012, 28% of gas stations across the New York City metropolitan area do not have gasoline available .",channel1
1024,"The ethanol production boom in the United States was stimulated by rising oil and gasoline prices relative to corn prices, efficiency improvements in ethanol production, and government policies.",channel1
1025,The current crude oil price is around $50 per barrel.,channel1
1026,"The U.S. is experiencing an oil and gas boom, which is dropping prices for everyone and generating tremendous manufacturing opportunities.",channel1
1027,"The U.S. Energy Information Administration (EIA) collects and publishes data series related to crude oil, gasoline, diesel fuel, and other petroleum product prices.",channel1
1028,"The U.S. crude oil production has exceeded an average of 6.5 million barrels per day, and the EIA expects lower crude oil prices to result in regular gasoline prices staying near current levels.",channel1
1029,"The United States has been importing less energy, with most of it being products derived from crude oil.",channel1
1030,The United States produced more crude oil in recent times.,channel1
1031,"Gas prices hit an all-time high in 2012, with California's average gasoline price averaging $4.028 a gallon.",channel1
1032,"Crude oil prices remained near 2011 levels in 2012, with the United States being a significant net oil importer.",channel1
1033,Crude oil prices have a significant impact on retail gasoline prices.,channel1
1034,Falling natural gas prices in the Continental US due to the explosion of shale gas production have drastically increased the North American supply.,channel1
1035,"As of 2013, the average price of natural gas in the US was a weighted average of LNG and pipeline natural gas prices, and crude oil prices were around $100/barrel.",channel1
1036,U.S. household expenditures for gasoline account for nearly 4% of total household expenditures.,channel1
1037,The price of gasoline is intimately interconnected with crude oil prices.,channel1
1038,"In the United States, crude oil and petroleum product inventories are stored, and to decrease crude inventories, companies can delay or cancel shipments, or increase refinery runs.",channel1
1039,"As of 2013, Middle Eastern oil accounts for more than 25 percent of American oil imports, a nine-year high, coinciding with record gasoline prices.",channel1
1040,"The U.S. Energy Information Administration (EIA) provides data on motor gasoline consumption, price, and expenditure estimates for 2022.",channel1
1041,"The United States has seen a rise in oil and gas production, which has led to a decrease in the price of crude oil and natural gas.",channel1
1042,The U.S. is forecast to overtake Saudi Arabia as the world's largest crude oil producer by 2020.,channel1
1043,"The United States is still a net importer of crude oil, though the country has seen a decrease in gasoline use.",channel1
1044,"The United States produced more than 2 billion barrels of crude oil in 2011, and domestic oil production has climbed every year since then.",channel1
1045,"The United States' year-to-date natural gas use for electric power generation is down, and crude oil, gasoline, heating oil, diesel, and propane prices have been volatile.",channel1
1046,"The United States imports foreign oil to meet its demand for diesel fuel, which requires fossil-based energy sources.",channel1
1047,The tightening between supply and demand ahead of the summer driving season can result in rising prices during the first half of the year.,channel1
1048,"As of April 2013, the average U.S. gasoline price was $3.55 per gallon, the least expensive average for April since 2010.",channel1
1049,The price spread between regular and premium gasoline has changed.,channel1
1050,"As of May 2013, the U.S. produced over 7 million barrels of crude oil per day, more than 20% higher than the 5-year average.",channel1
1051,"As of May 2013, the price of crude oil has been rising, affecting gasoline prices in the Midwest.",channel1
1052,"The cost of oil production varies significantly by region, with the lowest cost in the Middle East and the highest in Europe and North America.",channel1
1053,"The United States is overly reliant on gas plants, and oil dependence saps the U.S. economy because consumers lack fuel options.",channel1
1054,"The global abundance of shale oil and shale gas resources has revolutionized the US energy landscape, making them quickly producible in large volumes at a relatively low cost.",channel1
1055,"The price of gasoline is heavily influenced by the price of crude oil, with 65% of the price of gasoline accounted for by crude oil.",channel1
1056,"The U.S. Energy Information Administration (EIA) provides official energy statistics from the U.S. Government, including petroleum prices, supply and demand information.",channel1
1057,"The price of crude oil is still crucial, but gasoline prices are ultimately what refiners care about.",channel1
1058,The U.S. Energy Information Administration expects the Brent crude oil spot price to average $102 per barrel over the second half of 2013.,channel1
1059,"The cost of crude oil is the main driver of gasoline prices, and increased access to U.S. reserves onshore and offshore has led to America's increased energy production.",channel1
1060,Average spot natural gas prices at most major trading points in the US increased 40% to 60% during the first half of 2013 compared to the same period in 2012.,channel1
1061,"Natural gas liquids prices have been trending down since the start of 2012, and natural gasoline prices have remained highly correlated to movements in crude oil prices in recent months.",channel1
1062,"The average retail price of regular gasoline was $3.65 per gallon on Monday, July",channel1
1063,"As of 2013, the United States produced more crude oil than any nation, at any time.",channel1
1064,"The United States produced more crude oil than any nation, at any time.",channel1
1065,"As of August 26, 2013, the average U.S. retail price of gasoline was $3.55 per gallon, despite an increase in crude oil prices since early July.",channel1
1066,The average natural gas price decreased by 36%,channel1
1067,The US city average for all types of gasoline prices is measured by the BLS Consumer Price Index for All Urban Consumers (CPI-U).,channel1
1068,"The pricing of E85 relative to gasoline is increasingly competitive, driven by the price of crude oil, which is the main driver of gasoline prices.",channel1
1069,"The United States consumes a significant amount of gasoline, with the average price of a gallon of gasoline in the U.S. being affected by various factors such as crude oil prices and domestic production.",channel1
1070,"The U.S. is expected to be the largest producer of petroleum and natural gas, with petroleum production including crude oil, natural gas liquids, condensates, refinery processing gain, and others.",channel1
1071,"The benchmark price for natural gas in the United States is the Henry Hub price point located in Erath, Louisiana.",channel1
1072,"The United States has been dependent on oil for 40 years, with the Arab members of the OPEC oil cartel first jolting the country awake to the true costs of oil dependence in 1973.",channel1
1073,"The 1973 oil embargo led to a quadrupling of oil prices, contributing to a deep global recession and setting US energy policy on a path that still guides us today.",channel1
1074,The U.S. average weekly gasoline price is affected by regional crude oil pricing.,channel1
1075,"In Hawaii, both electricity and gasoline prices follow the price of petroleum.",channel1
1076,The United States is experiencing an increase in physical activity due to higher gasoline prices .,channel1
1077,"The United States has increased its natural gas production in the Northeast, reducing the net inflow of natural gas into the region and contributing to lower natural gas prices.",channel1
1078,"As of November 2013, natural gas is projected to overtake coal as the largest share of U.S. electric power generation due to low prices.",channel1
1079,"As of December 2013, the average bidweek price of natural gas in New England settled at $14.52 per million British thermal units (MMBtu).",channel1
1080,"The United States receives most of its imported petroleum from nearby countries, and U.S. oil, gas, and coal producers receive $4 billion annually in tax deductions, favorable depreciation schedules, and other subsidies.",channel1
1081,No. 2 Heating Oil Prices in New York Harbor have been tracked by the U.S. Energy Information Administration since 2013.,channel1
1082,"The United States produced more crude oil than any nation, at any time.",channel1
1083,"In 2013, high corn prices made it difficult for ethanol to compete with gasoline .",channel1
1084,"In 2013, gasoline prices moved in a tight range, and changes in retail gasoline prices can be attributed to factors such as crude oil prices, refinery outages, inventory levels, and seasonal fuel blends.",channel1
1085,The United States imports more petroleum products than crude oil from Russia.,channel1
1086,"The United States has been importing tens of thousands of barrels of gasoline a day from Venezuela over the last two years, despite having enormous oil reserves.",channel1
1087,The crude oil export ban was established in 1975 to protect consumers and energy security in the United States.,channel1
1088,"The United States supplies raw plastics, and low U.S. natural gas prices have helped increase domestic production.",channel1
1089,"The United States is considering lifting the ban on exporting domestic oil, which could raise gasoline prices due to the need to import more expensive foreign oil.",channel1
1090,"In the United States, oil fuels less than 1% of electricity generation, but in Hawaii, electricity generation costs are closely tied to petroleum prices.",channel1
1091,"The price of gasoline can go up or down from day to day, and there are no oil refineries in Arizona, so almost all of the state's gasoline is imported.",channel1
1092,"Brent crude oil trading range in 2013 was narrowest since 2006, indicating a relatively stable oil market.",channel1
1093,"The United States is experiencing a surge in propane supply, a byproduct of natural gas drilling, oil drilling, and oil refining, which has led to a shortage and high fuel prices for consumers.",channel1
1094,"The United States has become the world's top producer of oil and natural gas, surpassing other nations in crude oil production.",channel1
1095,"The U.S. was the largest net importer of crude oil and other liquids in the world until 2014, when China took over.",channel1
1096,"As of 2014, the United States is importing increasingly heavy grades of crude oil, and U.S. refineries use a mix of both imported and domestically-produced crude oil.",channel1
1097,"As of 2014, the U.S. and world corn supplies have recovered to a record level after the major 2012 U.S. drought.",channel1
1098,"The fuel cost of liquefied natural gas (LNG) is expected to be lower than traditional fuels, making it a potential alternative for freight locomotives.",channel1
1099,"Gas prices are influenced by both market forces and government policy, including gas taxes.",channel1
1100,"The largest factor in the price of a gallon of gasoline is crude oil, and the U.S. does not produce enough crude oil to meet its demands.",channel1
1101,"The United States was the world's largest supplier of fuel ethanol in 2013, despite high corn prices and increased domestic demand.",channel1
1102,"In Hawaii, both electricity and gasoline prices follow the price of petroleum.",channel1
1103,"The average retail gasoline price in the US is $3.67 per gallon as of May 23, 2014.",channel1
1104,"The United States is producing more oil and natural gas, generating more electricity from renewables, and consuming less petroleum.",channel1
1105,Lower crude feedstock costs and relatively cheaper natural gas prices in North America contribute to the competitiveness of U.S. and Canadian refineries.,channel1
1106,"The world, OECD, and U.S. oil demand (consumption) has been increasing over the time period 1997-2012.",channel1
1107,"The U.S. retail price of gasoline is related to the price of crude oil, with a $10 increase in the price of a barrel of Brent crude oil typically resulting in a corresponding increase in gasoline prices.",channel1
1108,"The transportation sector in the United States is almost completely dependent on petroleum, mostly gasoline.",channel1
1109,"As of July 2, 2014, crude oil prices have increased due to unrest in Iraq, a major crude oil producer.",channel1
1110,"The United States produced more crude oil than any nation, at any time.",channel1
1111,The United States produces more crude oil than it imports.,channel1
1112,"The price of jet fuel has been increasing and is volatile, impacting the airline industry's finances in the United States.",channel1
1113,"As of August 2014, the international prices of crude oil, petrol, and diesel are being monitored by the Petroleum Planning & Analysis Cell.",channel1
1114,"The United States produced more crude oil than any nation, at any time.",channel1
1115,"The northeastern United States is increasingly reliant on natural gas for power generation, and natural gas spot prices in the region are particularly sensitive to changes in supply and demand.",channel1
1116,"China is leading the world in solar power, with the U.S. imposing antidumping tariffs on Chinese solar panels in 2012.",channel1
1117,"The current Brent crude oil price is lower than it was last month, driving down gasoline prices in the US.",channel1
1118,"The United States has the fourth-largest shale oil deposit in the world, with Argentina's shale also being a significant player.",channel1
1119,"Measured by Btus, a barrel of oil has historically cost several times as much as a comparable unit of natural gas.",channel1
1120,The 1973 Arab Oil Embargo led to soaring oil prices and gasoline shortages.,channel1
1121,"The United States is the world's largest petroleum consumer, but is third in crude oil production, and over half of the material imported into the US is petroleum.",channel1
1122,The United States has two main benchmark measures of crude oil prices.,channel1
1123,"As of October 2014, US crude oil and lease condensate production rose to 5.6 million barrels per day.",channel1
1124,"Some Appalachian natural gas spot prices are well below the Henry Hub price, and the Marcellus region's natural gas prices have declined.",channel1
1125,"The average price of U.S. retail gasoline dropped to the lowest level in nearly four years, driven by plunging oil prices, according to the Lundberg survey.",channel1
1126,"The price of crude oil is influenced by benchmarks, with Dubai/Oman price calculated by taking the average of Dubai and Oman spot prices.",channel1
1127,A $1-per-barrel change in the price of crude oil translates into a change of about 2.4 cents in the price of gasoline.,channel1
1128,"As of November 2014, the global oil price was around $80 per barrel.",channel1
1129,"The United States has increased its oil production, leading to lower gas prices.",channel1
1130,"Objective facts about the Economy and Energy situation: 
U.S. gasoline prices this Thanksgiving are the lowest since 2009, mainly due to the decrease in crude oil prices.",channel1
1131,"The United States consumes a significant amount of gasoline, with prices averaging around $3.50 per gallon in recent years.",channel1
1132,"As of December 2014, the price of oil is around $60 per barrel, and gas prices have dropped below $3 a gallon in some areas of the United States.",channel1
1133,"Automobile travel in the United States is much less elastic, and its price elasticity has fallen in recent decades.",channel1
1134,"The recent oil price slump is expected to bring a gain of 0.3-0.7% to world GDP, according to IMF simulations.",channel1
1135,"As of December 2014, the U.S. experienced record oil-and-gas production, which has led to a global oil glut and falling crude prices.",channel1
1136,"As of January 2015, U.S. gasoline prices were at their lowest levels since mid-May 2009, with an average cost of a gallon of regular gasoline falling by $1.20 since June 2014.",channel1
1137,"The shale oil revolution has led to a decrease in US oil imports and an increase in US exports of refined products, affecting global oil markets.",channel1
1138,"The plummeting price of oil is the biggest energy story in the world, bringing back cheap gasoline to the United States while wreaking havoc on economies that depend on oil exports.",channel1
1139,"The current US gasoline prices are at their lowest since 2009, with an average price of a gallon of gasoline in the United States at $2.04.",channel1
1140,The spot price of West Texas Intermediate (WTI) crude oil has fallen from around $108 per barrel in mid-June 2014 to around $48.8 per barrel in February 2015.,channel1
1141,"Variations in gas prices are driven by the world market, and are not dependent on U.S. subsidies to the oil and gas industry.",channel1
1142,The United States is a net importer of oil.,channel1
1143,The current RIN values support continued ethanol blending despite lower crude oil and gasoline prices.,channel1
1144,"As of March 2015, 85% of Granite Staters agree that the U.S. should limit exports of crude oil if doing so keeps gasoline prices from rising in the US.",channel1
1145,The United States became the largest oil-producing country in the world in 2013.,channel1
1146,The residential electricity rate increases in 2014 ranged from 1.3% in the Pacific Coast states to 9.9% in other states.,channel1
1147,"Crude oil only comprises a portion of the cost that goes into making a gallon or liter of gasoline, and in the US, slightly more than half of the pump price is comprised of other costs.",channel1
1148,"Oil prices breached the $50 mark on April 3, 2015, due to Saudi Arabia and other Gulf states deploying airstrikes into Yemen.",channel1
1149,"The 2015 average U.S. gasoline price is expected to fall, following changes in crude oil prices, particularly the international benchmark North Sea Brent price.",channel1
1150,The expansion of crude oil production associated with the “shale revolution” has changed the U.S. market for refined petroleum products.,channel1
1151,"The United States remains a net petroleum importer through 2040 in the Low Oil Price case, according to the U.S. Energy Information Administration (EIA).",channel1
1152,"The United States implemented the Renewable Fuel Standard in 2014, which led to a rebound in ethanol exports.",channel1
1153,The United States federal excise tax on gasoline is 18.4 cents per gallon and 24.4 cents per gallon for diesel fuel.,channel1
1154,"As of May 2015, the world oil market saw growing supply, particularly from US shale oil production, leading to lower crude oil prices.",channel1
1155,"Gasoline crack spreads in the United States, especially on the U.S. East Coast, have reached several-year highs in recent months.",channel1
1156,"The level of crude oil inventories influences the price of petroleum products, which can have an impact on inflation.",channel1
1157,"As of 2015, the cost of residential and commercial solar photovoltaic (PV) in the United States was estimated by NREL to be decreasing.",channel1
1158,"The U.S. has a global energy advantage, with wholesale natural gas prices averaging about one-third of those in most other industrial countries.",channel1
1159,"The U.S. produced more crude oil than any nation, at any time.",channel1
1160,The United States produced more crude oil in recent times.,channel1
1161,"As of 2015, fossil fuels have made up at least 80% of the U.S. fuel mix since 1900.",channel1
1162,"The United States has seen a decline in petroleum consumption, with high gasoline prices explaining at least 17% of the fuel economy increase.",channel1
1163,The U.S. Energy Information Administration (EIA) regularly publishes monthly and quarterly forecasts of the price of crude oil for horizons up to 2 years.,channel1
1164,"As of July 2015, the average diesel retail price was below gasoline price for the first time in six years in the US.",channel1
1165,"The United States has oil and gas wells, and oil prices can lead to price spikes in the country.",channel1
1166,"U.S. refineries are running at record-high levels, driven by lower crude oil prices and strong demand for petroleum products, primarily gasoline.",channel1
1167,The United States' crude oil production includes lease condensate.,channel1
1168,"The EIA has lowered its crude oil price forecast through 2016, and retail gasoline prices are expected to remain relatively low.",channel1
1169,"Lower crude oil prices have caused a downward trend in diesel fuel prices, leading to retail diesel fuel prices in parts of the U.S. that have been below $2.50 per gallon.",channel1
1170,"Recent EIA reports have addressed gasoline price determinants, and changes in U.S. crude oil imports to refine the understanding of the oil market.",channel1
1171,"The United States has been increasing its oil production, with a goal of achieving ""energy independence"" by 2017.",channel1
1172,"The United States has experienced a dramatic increase in oil production, which has contributed to the drop in oil prices.",channel1
1173,The U.S. average gas price is $3.75 per gallon as of September 2015.,channel1
1174,Natural gas prices in Asia are mainly linked to crude oil prices.,channel1
1175,The current price of West Texas Intermediate (WTI) crude oil is affecting fuel surcharges and reductions in rate discounts.,channel1
1176,"Objective facts about the Economy and Energy situation:
The implied cost of low petroleum products and natural gas prices in Saudi Arabia is computed using the price gap between domestic and U.S. prices . 
Gasoline imports in California increased 10-fold after a major refinery outage, leading to higher wholesale prices .",channel1
1177,"Gasoline prices are declining in the United States, with West Texas Intermediate crude oil trading in the mid-$40s.",channel1
1178,"As of 2015, the forecasted average U.S. regular gasoline retail price is $2.33/gal.",channel1
1179,"The national average gas price in the US was declining as of November 2015 . The US exported 135 billion gallons of gas in the past year, with a price gap of over $25 billion . Gasoline sales in the US rose by the fastest level in over a decade in July 2015 .",channel1
1180,"In 2008, the global price of oil skyrocketed to $147 per barrel, and in the United States, gasoline prices reached a historic peak of $4.11.",channel1
1181,"As of November 2015, the weekly retail gasoline price estimates were revised due to changes in statistical methodology.",channel1
1182,"As of November 2015, U.S. gasoline prices are at their lowest in seven years, with prices expected to fall below $2 for Thanksgiving.",channel1
1183,"The global carbon dioxide emissions come from coal (44%), oil products (35%), and natural gas (20%).",channel1
1184,"The U.S. Bureau of Labor Statistics reports that wholesale and retail producer price indexes and margin prices are available, including data on fuel prices.",channel1
1185,The U.S. city average retail price for unleaded gasoline from 1976 to 2012 shows a long-run symmetric response of gasoline prices.,channel1
1186,"As of December 2015, the average gas price in the United States dropped below $2 per gallon for the first time since 2009, with crude oil prices under $35 a barrel.",channel1
1187,The average cost of a gallon of gas in the United States was 95 cents lower in 2015 compared to 2014.,channel1
1188,"The average U.S. gas price began 2016 under $2 per gallon, with lower crude oil prices in 2015 being the main cause for lower gasoline prices.",channel1
1189,"The average U.S. gasoline price has fallen below $2.00 per gallon for the first time, due to falling crude oil prices and seasonal slowdown in gasoline demand.",channel1
1190,"As of January 2016, the US inventory of crude oil is at a high level, and the price of oil products, including gasoline, has been decreasing due to a glut of crude oil on world markets.",channel1
1191,"As of January 2016, the U.S. average gas prices were under $2 for 25 days, with a total savings of 40 cents per gallon over 80 days.",channel1
1192,"Objective facts about the Economy and Energy situation:
The fuel surcharge percentage for FedEx Freight services is based on the weekly published national U.S. on-highway average price for a gallon of diesel fuel. 
Demand for diesel fuel and other distillate fuel oils have been relatively high, especially in Europe, China, India, and the United States. 
The average US price of gasoline declined by almost 25% between June 2014 and June 2015. 
High inventories have pushed crude oil prices to lowest levels in 13 years. 
U.S. production remains a key variable in the global equation, and despite the lower price environment, domestic crude oil inventories continue to test records. 
Texas ranks in the middle in terms of both its gasoline and diesel tax rates among the 10 most populous states.",channel1
1193,"As of 2016, there are 1,296 terminals storing transportation fuel nationwide in the United States .",channel1
1194,The U.S. average retail diesel price has fallen below $2.00 per gallon for the first time since early 2009.,channel1
1195,"As of February 2016, gasoline prices were still high relative to crude oil prices, likely due to an improving U.S. economy and increased demand.",channel1
1196,"California wholesale gasoline price has fallen before the switch to summer gasoline, which is a blend of gasoline and ethanol that can be sold at retail stations across the United States.",channel1
1197,The average historical annual gasoline pump price peaked in 1982 due to the U.S. embargo of oil from Iran.,channel1
1198,"The price of crude oil has a significant impact on the price of gasoline at the pump, with increases in crude oil prices causing rapid increases in gasoline prices, known as the ""rockets and feathers"" hypothesis.",channel1
1199,"As of March 2016, gas prices in the US are low, with the average price potentially climbing above $2 for the first time in 2016.",channel1
1200,"As of 2016, gas prices were on the rise but remained well below 2014 levels.",channel1
1201,"Gas prices in the United States have begun April 2016 at their cheapest levels since 2009, with California having the highest average prices at the pump.",channel1
1202,"The U.S. imports crude oil, which is refined into petroleum products such as gasoline, heating oil, diesel fuel, and jet fuel.",channel1
1203,"Crude oil prices have been volatile, with WTI Crude Oil prices varying significantly from national average gasoline prices since 1986.",channel1
1204,Hydrocarbon gas liquids prices are related to oil and natural gas prices and to supply and demand.,channel1
1205,"The total volume of ethanol blended into motor fuels used in the United States has continued to increase since 2010, albeit at a declining rate of growth.",channel1
1206,The United States is the largest producer of crude oil and the second-largest producer of natural gas.,channel1
1207,"The national average price of gasoline is near its 2016 high, with many states in the region reflecting double-digit increases.",channel1
1208,"The United States remained the largest producer of petroleum and natural gas in 2015, with relatively low crude oil prices throughout the year.",channel1
1209,The average fuel cost can be calculated based on today's average fuel price.,channel1
1210,"Objective facts about the Economy and Energy situation:
Fires near Fort McMurray are reducing Canada's oil sands production, affecting crude oil prices in both the US and Canada. 
Natural gas production growth is expected to come from shale gas and tight oil plays in the US. 
The sharp drop in oil prices since mid-2014 has had negative effects on the economies of all oil and gas states. 
Average retail fuel prices in the United States for gasoline, CNG, and other fuels are available from the US Department of Energy. 
Low petrol prices in the March quarter 2016 were due to crude oil prices and international refined petrol prices falling.",channel1
1211,"The average U.S. gas prices have climbed to a 2016 high, with a $1 per barrel change in crude oil price causing a 2.4 cents per gallon change in gas prices.",channel1
1212,"As of June 2016, the AAA Gas Prices website provides daily gasoline price data for the United States.",channel1
1213,Brazil's agricultural land use and trade are affected by changes in oil prices and ethanol demand.,channel1
1214,"Objective facts about the Economy and Energy situation:
Venezuela's domestic oil prices have not changed in 20 years, with a liter of gasoline costing the equivalent of about one penny at the pump. 
In 2015, U.S. goods exports to Colombia fell to $16.3 billion, primarily due to the drop in the price of oil and related fuel products. 
The United States is awash in natural gas, with low prices for natural gas and oil. 
The gasoline tax rate in New Mexico is $0.17 per gallon and is reported monthly. 
Electricity prices in Mexico near the United States border have generally been lower than prices in Mexico's interior. 
Sugarcane production in Brazil has expanded, and about half is used for ethanol production, influenced by sugar and gasoline prices. 
Ethanol production in the United States will increase in 2016 and 2017 to meet stronger demand induced by low crude oil prices.",channel1
1215,"As of July 2016, the price of petroleum fuels (gasoline and diesel fuel) is the primary driver of liquid fuel (E85 and biodiesel) prices in the United States.",channel1
1216,The United States consumes more gasoline than any other country at a quite affordable price.,channel1
1217,"As of July 2016, U.S. crude oil supplies are at their highest level for this time of year in 86 years.",channel1
1218,The U.S. Energy Information Administration (EIA) has launched a new website to provide insights into the key drivers of petroleum product prices.,channel1
1219,"The shale revolution has resulted in declining natural gas and oil prices, which benefit farms with the greatest diesel, gasoline, and natural gas shares of energy consumption.",channel1
1220,"The United States is in the midst of an energy renaissance, with growing domestic production of crude oil and natural gas, and expanding capacity at refining and petrochemical facilities.",channel1
1221,"Gasoline prices have fallen over the past two years, with the average retail price of gasoline decreasing due to the oil price collapse that began in 2014.",channel1
1222,"As of September 2016, gasoline prices in the US were the lowest in 12 years prior to Labor Day, attributed to lower crude oil prices due to high global inventories and increased drilling activity in the US.",channel1
1223,The cost of transporting coal can be more expensive than the cost of mining coal.,channel1
1224,"The global price of crude oil declined sharply after June 2014, affecting U.S. real GDP growth.",channel1
1225,The United States is both a major importer and exporter of motor gasoline due to regional differences in supply and demand balances.,channel1
1226,"Gasoline and diesel prices generally track the price of crude oil, and crude oil prices even more closely than gasoline prices.",channel1
1227,"As of 2012, the average cost of propane was $2.47 per gallon.",channel1
1228,"The United States produced more crude oil than any nation, at any time.",channel1
1229,New York State residents can take advantage of the Drive Clean Rebate for new electric car purchases or leases.,channel1
1230,The average retail price of fuel oil,channel1
1231,"The price per gallon of unleaded gasoline in New Jersey on July 1, 2016, was subject to a tax rate.",channel1
1232,"As of November 2016, crude oil prices and demand are affecting gas prices, with prices for drivers in the Central United States being some of the cheapest in the country.",channel1
1233,"As of November 2016, residential heating oil and propane prices are at levels similar to the previous year.",channel1
1234,"As of November 2016, U.S. average gasoline prices were the second-lowest on record for Thanksgiving, closely linked to crude oil prices.",channel1
1235,"The United States is a significant player in the global energy market, with growing natural gas exports to Mexico . The prices of solar, wind, and batteries have been decreasing, making them more competitive with fossil fuels .",channel1
1236,"The current price of WTI crude oil as of May 20, 2024 is 79.70 per barrel.",channel1
1237,The U.S. Energy Information Administration (EIA) reports that almost all motor gasoline sold in the United States is blended with 10% ethanol.,channel1
1238,A one cent increase in crude oil prices per liter translates into a 1.2 cent increase in retail fuel prices on average.,channel1
1239,"The average price of oil has been declining, straining the fiscal positions of fuel-exporting countries, and the IMF predicts a gradual increase in policy interest rates in the United States.",channel1
1240,Lower crude oil prices in 2015 were the main cause of lower gasoline prices in 2016.,channel1
1241,"U.S. gasoline prices are on the rise heading into Labor Day, and the United States tends to produce lighter crude oil and import heavier crude oil.",channel1
1242,"The current fuel price outlook is uncertain due to volatility in crude oil and petroleum products, which directly affects the finances of individual consumers and creates indirect costs for the economy .",channel1
1243,"Natural gas prices in 2017 and 2018 are expected to be higher than previous years, according to the Energy Information Administration.",channel1
1244,"As of February 2017, the US crude oil inventories were increasing, indicating weakening fundamentals for crude oil.",channel1
1245,"The U.S. Energy Information Administration (EIA) uses regression models to estimate state-level prices by sector, including distillate fuel oil prices.",channel1
1246,The Consumer Price Index for All Urban Consumers: Gasoline (All Types) is tracked by the U.S. Bureau of Labor Statistics.,channel1
1247,"U.S. oil production is up and crude oil inventories are rising, which has kept retail gas prices steady.",channel1
1248,"The United States consumed more than 19.7 million barrels of oil, and the average price of regular gasoline in the United States was $3.10 in Hawaii, the nation's most expensive market for retail gasoline.",channel1
1249,The current average prices of various oil blends in the United States are available on oilprice.com.,channel1
1250,U.S. crude oil production has topped 9 million barrels daily and is likely to continue to increase through the rest of the year.,channel1
1251,"In 2016, the Organization of the Petroleum Exporting Countries (OPEC) agreed to cut oil production, leading to a price increase, with WTI seeing its largest annual price increase since 2009.",channel1
1252,"Total U.S. energy production fell in 2016 after six consecutive years of growth, while gross energy imports increased 7% from 2015 to 2016.",channel1
1253,"The U.S. energy consumption rose slightly in 2016 despite a significant decrease in coal consumption, with fossil fuels still dominating the energy mix.",channel1
1254,"Objective facts about the Economy and Energy situation:
Proved reserves of crude oil and natural gas in the United States increased sharply in 2011. 
Natural gas storage working capacity grew 2% in 2012. 
Gasoline prices decreased throughout 2015. 
Natural gas production rose 11 percent in 2016.",channel1
1255,"Most coal plants in the United States were built before 1990, and less than 5% of operating coal capacity uses lignite or other coal types.",channel1
1256,The average gasoline price in Oregon is $363.,channel1
1257,"The United States produced more crude oil than any nation, at any time, with a production rise in 2017.",channel1
1258,The United States generates most of its energy using oil.,channel1
1259,"The 2014-2016 oil price decline had a sluggish impact on the US economy, surprising many economists.",channel1
1260,"Objective facts about the Economy and Energy situation: 
U.S. gasoline prices are more closely tied to Brent crude oil prices than to West Texas Intermediate prices. 
Gasoline futures in the US are currently trading, and WTI crude oil prices are also being monitored. 
The U.S. gasoline market accounts for roughly 10 percent of global oil consumption. 
U.S. refiners processed 17.281 million barrels of crude oil last week. 
The United States produced more crude oil than any nation, at any time.",channel1
1261,"The average price of Brent crude in 2017 was $97.26/bbl, and the U.S. economy paid $390 billion for crude oil and refined products that year.",channel1
1262,"The United States remains the world's top producer of petroleum and natural gas, despite a 300,000 barrels per day decrease in 2016 due to low oil prices.",channel1
1263,The government of an unspecified country in the MENA region has pledged to adjust fuel prices every three months in line with market shifts.,channel1
1264,The price difference between premium and regular gasoline is widening due to growing octane needs.,channel1
1265,"The United States has been exporting crude oil and petroleum products at an increasing rate, with favorable price differentials, lower shipping costs, and rising domestic production contributing to this trend.",channel1
1266,"The global prices of oil, natural gas, and coal have been declining. The average global price of oil is lower than it was in 2014.",channel1
1267,The average annual price of gasoline in the United States decreased for the fourth consecutive year in 2016.,channel1
1268,"The Renewable Fuel Standard Program sets standards for fuel, heating oil, or jet fuel in the United States in 2018.",channel1
1269,"U.S. crude shipments abroad are on the rise, and a spike in gasoline prices predicted by critics of lifting the ban hasn't materialized.",channel1
1270,"The state of Vermont consumes the least amount of energy in the US, while Texas consumes the most.",channel1
1271,"The United States is expected to become a net exporter of natural gas in 2017, with natural gas production increasing in the country.",channel1
1272,"U.S. gasoline production is running near record levels, and crude oil prices have been relatively stable over the past several months.",channel1
1273,"Texas is a significant contributor to the US oil production, accounting for nearly 20% of total US crude oil production.",channel1
1274,"As of August 29, 2017, the Brent crude oil spot price was $51 per barrel.",channel1
1275,"Hurricane Harvey knocked out more than 20 percent of U.S. oil-refining capacity, leading to a spike in gas prices.",channel1
1276,"Hurricane Harvey caused substantial disruptions to crude oil and refinery runs, leading to a rise in gasoline prices.",channel1
1277,The average U.S. gasoline demand rose 4.7% in 2022.,channel1
1278,Henry Hub natural gas prices are shown in U.S. dollars in an interactive chart illustrating their history.,channel1
1279,"In 2017, state taxes on gasoline in the US increased by 4.5% from 2016.",channel1
1280,"The U.S. public is concerned about rising food prices and escalating fuel prices, with recent increases in both fuel and grain prices.",channel1
1281,"The United States is a major producer of crude oil, with record levels of crude oil and petroleum product exports in 2017 . The country also has a significant amount of natural gas, with the majority of propane production coming from natural gas processors .",channel1
1282,"The United States produced more crude oil than any nation, at any time.",channel1
1283,"As of November 2017, the US has seen rising refinery output, with Texas accounting for over half of US gasoline exports, averaging around 500,000 bpd.",channel1
1284,Oil prices peaked at over 150 cents in 2014 when crude oil prices were still in the US$100 per barrel range.,channel1
1285,"As of November 17, 2017, the national retail price for regular gasoline in the United States ranged from $2.203 to $3.741.",channel1
1286,"As of November 2017, the U.S. average gasoline prices were higher than the same time last year.",channel1
1287,"The EIA forecasts that U.S. average residential heating oil and propane prices will be higher this winter due to higher crude oil prices, colder expected winter temperatures, and lower fuel inventories than last winter.",channel1
1288,"Current price of heating oil in Coventry, CT is $3.25 for 150 gallons and $3.45 for 100 gallons.",channel1
1289,The Abu Dhabi National Oil Company (ADNOC) has set an IPO offer price for its fuel distribution unit at US$ 8.5 billion.,channel1
1290,"The United States produced more crude oil than any nation, at any time.",channel1
1291,"Crude oil production in the United States increased by nearly 80 percent between 2008 and 2016, mostly in areas that were far from existing refining and pipeline infrastructure.",channel1
1292,"In 2017, higher crude oil prices contributed to higher gasoline prices in the US.",channel1
1293,The EIA forecasts mostly flat crude oil prices and increasing global petroleum and other liquids production through 2019.,channel1
1294,The World Bank's average crude oil price was last observed in November 2017.,channel1
1295,"The price of crude oil accounts for 53% of the price of gasoline, while local, state, and federal taxes make up another 18%.",channel1
1296,"India is heavily reliant on oil imports, with 82% of crude oil imports and 94% of gas imports coming from OPEC member states.",channel1
1297,"The United States has surged in oil output, ranking among the world's top energy producers, and is projected to become a net energy exporter.",channel1
1298,"Objective facts about the Economy and Energy situation:
The United States saw an increase in coal production, exports, and prices in 2017, with demand for U.S. coal exports offsetting a decline in domestic demand. 
Known crude oil reserves in the United States in 2015 equaled 35.2 billion barrels. 
Energy prices increased 4.9 percent from January 2017 to January 2018, with gasoline prices rising 7.4 percent.",channel1
1299,"As of February 2018, U.S. gasoline traders are expecting summer gasoline prices to be bullish.",channel1
1300,"Objective facts about the Economy and Energy situation:
Analysts polled by Reuters expect higher oil prices this year, confident that OPEC and Russian cuts will offset growing U.S. production. 
U.S. crude inventories unexpectedly fell by 1.6 million barrels, according to the EIA's latest petroleum report. 
Domestic uranium production continues to decline under historically low uranium prices. 
Most natural gas-fired power plants in the continental United States fulfill all of their fuel requirements through firm contracts.",channel1
1301,"As of March 2018, the average price per gallon of gasoline in the United States was around $2.50.",channel1
1302,The U.S. crude oil price has been used to predict Texas gas prices in a 2SLS fixed effects regression model .,channel1
1303,The U.S. natural gas proved reserves increased from 2000 to 2015.,channel1
1304,The United States' wholesale fuel racks calculate the cost of fuel based on changes in the spot market.,channel1
1305,The U.S. refinery utilization was up to 96.7% at the end of December 2017 and 96.7% in February 2018.,channel1
1306,"The average American household is expected to pay about $200 more on gas in 2018 than in 2017, according to the U.S. Energy Information Administration.",channel1
1307,"As of April 2018, gasoline prices in the United States have been increasing, with the national average hitting its highest price since Summer 2015.",channel1
1308,"The U.S. became a net exporter of finished products (e.g., diesel, gasoline, etc.) for the first time since 1949 in 2011.",channel1
1309,"As of 2008, the inflation-adjusted price of a barrel of crude oil on NYMEX was generally under US$25/barrel.",channel1
1310,The EIA forecasts that Brent crude oil prices will average $71 per barrel in 2018.,channel1
1311,"The average price of a regular gallon of gasoline in the United States is increasing, with oil prices rebounding due to crude inventory draw and rising to new highs for 2018.",channel1
1312,"The national average gasoline price is approaching $3 per gallon, with the West Coast region having the highest gas prices in the nation: California ($3.71), Hawaii ($3.68), Washington ($3.41), Alaska ($3.36)",channel1
1313,"As of June 2018, no government agency has the power to dictate what oil companies, jobbers, or local gas stations may charge for gasoline, as long as they do not collude or engage in other anti-competitive behavior.",channel1
1314,The national average gas price in the US is approaching $3 per gallon.,channel1
1315,"The United States produced more crude oil than any nation, at any time, and is a net exporter of crude oil.",channel1
1316,"The U.S. added another oil rig, bringing the current total to 863, indicating domestic investment in crude production continues to grow.",channel1
1317,"U.S. regular-grade retail gasoline prices averaged $2.89 per gallon in June, down from a high of $2.96/gal on May 28.",channel1
1318,Crude oil currently makes up more than half of the cost to make gasoline and diesel fuel.,channel1
1319,"The United States has broken records in oil production, reaching 10.9 million barrels per day (mb/d) in recent weeks.",channel1
1320,The CPI (Consumer Price Index) increases at a faster rate than the GDP deflator during periods of oil and gasoline price increases.,channel1
1321,"Over the past 50 years, the United States has relied heavily on foreign oil to fuel American families and small businesses, but this trend has changed since the beginning.",channel1
1322,"The average price of gasoline in the United States is 83 cents per liter, which is moderate compared to other countries.",channel1
1323,"As of 2018, gasoline prices are affected by crude oil prices, and the price ratio for selected states varies.",channel1
1324,"Gasoline is one of the major fuels consumed in the United States, and it is the main product refined from crude oil. About 10% of the volume of finished gasoline is imported from other countries.",channel1
1325,"As crude oil supply increases, prices for the product tend to go down.",channel1
1326,"As of August 2018, U.S. retail gasoline prices are 43 cents/gal higher than the same time last year, driven by a higher North Sea Brent crude oil price.",channel1
1327,"E15, a type of alternative fuel, is available in 31 states at over 3,000 stations.",channel1
1328,"The United States is now the largest global crude oil producer, surpassing Russia and Saudi Arabia in production.",channel1
1329,The cost to the United States of defending the global oil supply is estimated to be $0.28 per gallon of transportation fuel.,channel1
1330,"As of September 2018, U.S. gasoline inventories are at seasonal record highs, which could offer some relief to increasing prices.",channel1
1331,"As of October 2018, oil prices account for 50% of retail gas prices, and higher crude oil prices in the summertime lead to increased gas prices.",channel1
1332,"The United States produced more crude oil than any nation, at any time, at a rate of over 70/bbl.",channel1
1333,"The rupture of a natural gas pipeline in Canada on October 9, 2018, affected U.S. energy markets, causing retail gasoline prices to rise.",channel1
1334,The United States is the world's largest producer of Natural Gas Liquids (NGLs),channel1
1335,"Gross retail gasoline price margins in the US topped 28.2cts/gal in October, with strong autumn performance.",channel1
1336,"The average gas price in the US has dropped to its cheapest level since April, with a potential further drop of 10 cents in the near-term if the crude oil market remains steady.",channel1
1337,"As of mid-November 2018, crude oil and gasoline prices are low, which may put downward pressure on ethanol prices and plant production profitability margins.",channel1
1338,"The global crude oil production rate is led by the United States, Russia, and Saudi Arabia, with Saudi Arabia producing 10.4 million barrels per day.",channel1
1339,The U.S. average retail premium gasoline price was $0.50 per gallon more than the price of regular gasoline in 2017.,channel1
1340,"Mexican gasoline prices have been above U.S. retail prices since 2014, despite the fall in crude oil prices.",channel1
1341,"The United States has seen a decrease in gasoline prices, with a 5.0% increase over the 12 months ended November 2018 . The U.S. was a net exporter of crude oil for one week in November 2018 . Oil prices have fallen by nearly a third since its peak, leading to a slump in gas prices .",channel1
1342,"As of December 2018, crude oil prices were decreasing, leading to lower gasoline prices in the United States.",channel1
1343,"As of December 27, 2018, gas prices fell below $2 per gallon in nine states, partly due to some of the lowest state gasoline taxes in the country.",channel1
1344,"As of January 2019, the average retail gasoline prices in the US ended the year lower than they started. In 5 of the 10 cities for which EIA collects weekly retail price data, gasoline prices exceeded $3.00/gal at least once in 2018.",channel1
1345,National average gasoline prices fell sharply due to the collapse of oil prices.,channel1
1346,"The EIA forecasts world crude oil prices to rise gradually, averaging $65 in 2020.",channel1
1347,"As of January 2019, the national average gas price in the US was $2.25, with an oversupply of oil on the world market leading to a steady decline in fuel prices.",channel1
1348,"The United States is expected to export more energy than it imports in the future, according to the Energy Information Administration (EIA).",channel1
1349,"Russia has the cheapest gasoline prices in Europe, according to a report by RIA Novosti.",channel1
1350,"As of February 11, 2019, the national gas price average in the US is $2.28, a two-cent increase from the previous week.",channel1
1351,A 1% increase in the price of home heating oil will decrease the demand by a certain percentage,channel1
1352,"Objective facts about the Economy and Energy situation:
The United States produced more crude oil than any nation, at any time .
Natural gas can be produced either through direct extraction or as a byproduct of crude oil drilling .
The U.S. Federal Energy Regulatory Commission (FERC) approved the full in-service of the Mountaineer XPress natural gas pipeline .
Global petroleum liquids stocks are expected to increase, and prices are expected to remain relatively flat .",channel1
1353,"As of March 2019, the US Gulf Coast gasoline crack spreads reached their highest levels since 2017, with prices ranging from $2.20 to $2.64 per gallon.",channel1
1354,"Brazil and the United States have different production costs for biofuels, gasoline, and diesel, leading to varying break-even oil prices for ethanol and biodiesel.",channel1
1355,"The United States is no longer over-supplied with oil, which may signal lower oil prices going forward.",channel1
1356,"As of 2019, average Brent oil prices were 30% higher than in 2017, with the United States showing the largest overall growth at 540 kb/d, followed by China.",channel1
1357,The price of gasoline is expected to rise due to increasing production costs and supply disruptions.,channel1
1358,"U.S. crude oil production grew 17% in 2018, surpassing the previous record set in 1970.",channel1
1359,"The U.S. Energy Information Administration (EIA) expects that U.S. consumption of distillate fuel, including diesel fuel and heating oil, will average 4.1 million b/d this summer, or 20,000 b/d more than last summer.",channel1
1360,"Wholesale gasoline prices are expected to rise by 8% in the short term, which will increase retail costs.",channel1
1361,The Renewable Fuel Standard is associated with modest gas price increases in areas outside of the Midwest.,channel1
1362,The use of ethanol in the U.S. fuel supply reduced crude oil imports by nearly 500 million barrels in 2020.,channel1
1363,"As of 2017, the state motor fuel rate in Michigan was 8.70 cents per gallon.",channel1
1364,"As of May 24, 2019, U.S. gasoline prices are nearly the same as last year's levels, despite lower crude oil spot prices, due to higher gasoline demand and lower inventories.",channel1
1365,Nigeria has authorized a new floating crude oil export terminal off the coast of the Rivers state in the Niger Delta.,channel1
1366,"The number of active oil and gas rigs in the United States fell this week, reaching the lowest point since . U.S. hydrocarbon gas liquids production has reached 5 million barrels per day .",channel1
1367,"The average annual gasoline price in the US has increased in the wake of the 1973 and 1979 oil crises, peaking in 1982.",channel1
1368,"The Strait of Hormuz is the world's most important oil transit, with 20% of global oil trade passing through it.",channel1
1369,"California retail gasoline prices are affected by spot prices, and in the past, integrated oil company operations focused on refining and marketing.",channel1
1370,"Nebraska's average motor fuel prices have been reported, with a dollar decrease in the WTI crude oil price affecting gasoline and diesel fuel prices.",channel1
1371,"In 2019, driving season demand accelerated as crude oil prices rose, leading to higher wholesale diesel fuel prices in the United States.",channel1
1372,Gasoline prices react more quickly to increases in crude oil prices than to decreases.,channel1
1373,Hawaii's electricity prices are more than double the U.S. average.,channel1
1374,"In 2018, the price of crude oil represented approximately 56% of the cost of a gallon of gasoline nationally.",channel1
1375,"Objective facts about the Economy and Energy situation:
Brazil's biofuels sector is highly dependent on soybean oil prices, which affect profitability. 
The US natural gas market is expected to remain oversupplied in 2019, leading to low gas prices. 
The US set a new daily record high for natural gas use in August 2019, driven by high temperatures and low natural gas prices.",channel1
1376,"State-level average annual gasoline expenditures per capita in the US ranged from $395 in the District of Columbia to over $1,400 in some states.",channel1
1377,"The United States is now the largest oil and gas producer in the world, with petroleum and natural gas production increasing by 16% and 12% respectively in 2018, setting new production records.",channel1
1378,"As of July 2019, the price of crude oil accounted for 52% of the average U.S. retail price of gasoline.",channel1
1379,"As of 2019, Alaska heating fuel prices have been collected by the Division of Community and Regional Affairs since 2005.",channel1
1380,"As of September 2019, US oil output holds steady despite a sliding rig count, and national gas prices are relatively low.",channel1
1381,"The recent attack on Saudi Arabian oil facilities has led to a spike in crude oil prices, which is expected to influence U.S. retail gasoline prices.",channel1
1382,"The U.S. has seen the largest weekly gasoline price increase since Hurricane Harvey in 2017, with crude oil prices being the biggest factor in retail gasoline prices.",channel1
1383,"The U.S. Energy Information Administration (EIA) provides data on energy prices and expenditures, including petroleum and natural gas prices, coal and electricity sales, and more.",channel1
1384,California gasoline prices have risen 60 cents per gallon in the past few weeks.,channel1
1385,"The United States has become the world's largest crude oil producer, surpassing other nations.",channel1
1386,"California has a higher gasoline price gap compared to the United States, partly due to tax and crude oil differences.",channel1
1387,"The United States has imposed simultaneous sanctions on two major oil exporters, Iran and Venezuela, without subjecting US motorists to spiking gasoline prices.",channel1
1388,"As of November 2019, the US average petrol price is $1.792/gallon.",channel1
1389,"In 2018, distillate fuel consumption in the U.S. transportation sector resulted in 461 million metric tons of carbon dioxide (CO2) emissions.",channel1
1390,"The global economy is being affected by various factors, including US sanctions on Iran, which have caused oil exports to decrease and led to widespread anger and protests in the country.",channel1
1391,"The U.S. average gasoline price is similar to the previous two Thanksgivings, with the current price at USD 1.03 per liter.",channel1
1392,"Iran has abruptly raised fuel prices, leading to protests, with prices tripling in some areas.",channel1
1393,"The United States produced more crude oil than any nation, at any time.",channel1
1394,The United States is a net importer of crude oil.,channel1
1395,"The United States produced more crude oil than any nation, at any time, and oil production from the Permian basin in Texas and New Mexico is a key factor in driving U.S. and world prices.",channel1
1396,The average price paid for oil in the Strategic Petroleum Reserve is $29.70 per barrel .,channel1
1397,"In 2019, U.S. average retail gasoline prices were slightly lower than in previous years, with the cost of crude oil accounting for about 52% of retail gasoline's final cost.",channel1
1398,The United States surpassed China in annual gross crude oil production in 2020.,channel1
1399,"The U.S. Energy Information Administration (EIA) released its weekly data on diesel and gasoline retail prices for the week ended January 20, 2020.",channel1
1400,"The share of biofuels consumed in the United States rises more in the AEO2020 High Oil Price case as higher prices for gasoline, diesel, and jet fuel make biofuels more competitive.",channel1
1401,"The United States has become a net petroleum exporter, but most regions still rely on imports.",channel1
1402,"Natural gas prices have fallen to their lowest level since 2016, with a 215 Bcf surplus to the five-year average as of February 7, 2020.",channel1
1403,"Oil prices have fallen as OPEC+ refuses to act, with gasoline demand decreasing by 1.1mbpd in February 2020.",channel1
1404,"U.S. crude oil production has increased, and imports remain strong to support the demand, with a shift towards heavier oil imports with lower API gravity.",channel1
1405,"The United States produced more crude oil than any nation, at any time, with a record 12.86 million barrels per day in November 2019.",channel1
1406,"The U.S. Energy Information Administration (EIA) projects U.S. biofuel production to slowly increase through 2050, with higher global crude oil prices leading to increased consumption of biofuels as substitutes for petroleum.",channel1
1407,"As of March 2020, the national average gas price in the US is expected to hit $2/gallon before the end of the month.",channel1
1408,"Gasoline futures have fallen to $0.50, a level not seen since 2001, due to plummeting demand.",channel1
1409,"As of March 2020, two-thirds of all states in the US saw a double-digit pump price drop, with eleven states having a gas price average of $2/gallon or less.",channel1
1410,The national average gas price in the US has decreased to $1.88 due to low crude prices and lower demand caused by COVID-19.,channel1
1411,"The national average gasoline price in the US dropped to $1.86 on April 14, 2020.",channel1
1412,"The price of a barrel of crude oil has fallen below $0, due to factors such as supply and demand, with supply far exceeding demand since the coronavirus outbreak.",channel1
1413,"The United States pressured Saudi Arabia to end its oil price war with Russia, and President Donald Trump gave Saudi Arabia an ultimatum to cut oil supply or lose U.S. military support.",channel1
1414,"The U.S. ethanol prices have fallen as demand contracts, and crude oil inputs and prices have also decreased.",channel1
1415,"The global lockdown has virtually crippled the fuel sector, with U.S. gasoline demand falling from ~9.3 million barrels/day to ~5.3 million barrels/day.",channel1
1416,The US has reached a point of net zero petroleum imports by late 2019.,channel1
1417,"The global oil refining capacity is in surplus, but in the US, refining run rates have bottomed out and are starting to rebound.",channel1
1418,"The United States produced more crude oil than any nation, at any time.",channel1
1419,The average price for gasoline fell by almost 50% in the United States due to lockdowns and falling crude oil prices during the COVID-19 pandemic.,channel1
1420,The U.S. price elasticity of gasoline demand is responsive to price changes,channel1
1421,"As of March 30, 2020, crude oil prices declined, leading to a decline in gasoline prices.",channel1
1422,"Objective facts about the Economy and Energy situation:
U.S. fossil fuel consumption peaked at 86 quadrillion Btu in 2007 and has since fallen to 80 quadrillion Btu in 2019, a 7% decline. 
Nonfossil sources accounted for 20% of U.S. energy consumption in 2019. 
U.S. crude oil production by state (thousands of barrels) is available from data.bts.gov.",channel1
1423,"Objective facts about the Economy and Energy situation:
The United States produced and consumed record volumes of crude oil, gasoline, heating oil, diesel, and propane in 2019. 
Natural gas is one of the main sources of energy in the United States. 
Crude oil futures prices rose by $1.82 per barrel (4.8%) as of July 7, 2020.",channel1
1424,"The average crude oil price is the average of UK Brent, Dubai Fateh, and West Texas Intermediate crude oil.",channel1
1425,The decline in LNG exports is dragging down domestic U.S. natural gas prices,channel1
1426,"The total oil producer cost is $1.03 trillion, which is roughly 40 times the effect on U.S. corn, ethanol, and gasoline producers, and refineries.",channel1
1427,The average price of a gallon of gas in the United States is $2.50.,channel1
1428,The overall fuel economy of cars in the United States has improved since the 1979 oil crisis.,channel1
1429,Oil prices have hit a 5-month high as the economy appears to recover and COVID cases fall in key U.S. states.,channel1
1430,The policy of fuel economy standards in the United States reduced oil imports and saved 2 trillion gallons of gasoline.,channel1
1431,"The U.S. average regular gasoline retail price as of the Monday before Labor Day weekend is $2.22 per gallon this year, the lowest level for this time",channel1
1432,"The United States has experienced volatility in oil prices, with a major supply disruption in 1978 due to the Iranian Revolution, which doubled U.S. gasoline prices and created nationwide gas lines.",channel1
1433,"Consumer prices in the United States increased by 1.3 percent in the 12 months ended August 2020, with gasoline prices decreasing 16.8 percent and fuel oil prices falling 23.6 percent.",channel1
1434,"The United States produced more crude oil than any nation, at any time.",channel1
1435,"The global oil price has seen significant fluctuations, with prices falling below $35 a barrel in recent times due to concerns over fuel demand and the COVID-19 pandemic.",channel1
1436,"Objective facts about the Economy and Energy situation:
Increases in oil and diesel fuel prices can significantly affect the cost of transportation, which affects the final delivered price of coal. 
The total state and county rates on diesel fuel in the US are $0.332/gallon. 
Crude oil prices are based on West Texas Intermediate, a light crude oil that is the most commonly used benchmark in the United States.",channel1
1437,"The current pandemic has resulted in idled production at refineries in the United States since April, affecting gasoline prices.",channel1
1438,"Gasoline prices are largely determined on the global market, and U.S. refiners could not pass on to consumers the additional costs associated with the crude oil export ban.",channel1
1439,"As of May 2020, the PPI for gasoline jumped 45.0 percent, a record 1-month increase, as crude oil prices and demand rebounded.",channel1
1440,"The U.S. average regular gasoline price has been declining, and the country has a healthy level of gasoline supply.",channel1
1441,"The U.S. Energy Information Administration (EIA) released its weekly data on diesel and gasoline retail prices for the week ended November 9, with gasoline prices decreasing.",channel1
1442,"The WTI price is expected to average $43/b in the first half of 2021, up from $40/b during the second half of 2020.",channel1
1443,"As of November 23, 2020, gasoline prices in the US were set to drop slightly ahead of the Thanksgiving holiday.",channel1
1444,"As of November 30, 2020, gas prices in the United States saw a jump following Thanksgiving.",channel1
1445,Crude oil prices have hit their highest point in nine months.,channel1
1446,"Hawaii's high electricity prices are due to its reliance on higher-cost, oil-fired electricity generation, which requires marine imports of petroleum.",channel1
1447,"The U.S. Energy Information Administration (EIA) released its weekly data on diesel and gasoline retail prices for the week ended December 21, with prices rising.",channel1
1448,"As of December 2020, crude oil prices have seen steady gains, leading to higher gas prices despite low demand.",channel1
1449,"U.S. regular retail gasoline prices averaged $2.17 per gallon in 2020, 44 cents/gal (17%) lower than in 2019 and the lowest annual average since 2016.",channel1
1450,"The United States is currently the world's largest oil and natural gas producer, but a hydraulic fracturing ban would reverse this trend and return the country to a net-importer of oil and natural gas.",channel1
1451,"As of January 2021, gas prices have been steadily increasing due to lower U.S. gasoline demand and supply, and increasing crude oil prices.",channel1
1452,"The average price of a gallon of gas in the U.S. is now $2.40, up 15 cents from a month ago and the highest price since early March of last year.",channel1
1453,"The U.S. crude oil production rates are projected to increase, with the Brent crude oil price expected to rise in real dollar terms from its 2020 average.",channel1
1454,The United States experienced two large shocks to gasoline prices related to the 1970s oil crises in the Middle East.,channel1
1455,"The United States is the largest producer of crude oil, producing over 11 million barrels per day (mb/d) in the past three months.",channel1
1456,"The United States is the largest producer of crude oil, accounting for a significant portion of the world's total production.",channel1
1457,"The price of oil plummeted, idling 3 million barrels per day (BPD) of U.S. oil production relative to a year ago.",channel1
1458,"U.S. crude oil production fell by 8% in 2020, the largest annual decline in production since 1984.",channel1
1459,"The United States has seen an increase in gasoline price elasticity, with those who drive the most being the least responsive to fuel prices.",channel1
1460,"The U.S. has seen a record share of Russian oil imports despite tensions, with most of the oil being fuel oil used to produce gasoline.",channel1
1461,"U.S. gasoline prices have been rising with crude oil prices, with estimated U.S. average wholesale gasoline margins increasing from 18 cents per gallon in November 2020 to 33 cents/gal in February 2021.",channel1
1462,The retail price of regular-grade gasoline in the United States is forecasted to increase this summer.,channel1
1463,"The 1973 oil crisis began with the Arab-led embargo of oil to the United States, resulting in significantly increased gasoline prices.",channel1
1464,The United States aims to reduce greenhouse gas pollution by 50-52% from 2005 levels in 2030.,channel1
1465,"Crude oil prices have a significant effect on gasoline prices, and recent increases in crude oil prices have led to higher gasoline prices.",channel1
1466,"Gas prices in the US have risen a cent on the gallon since Friday, with the average price standing at $2.962 for regular unleaded.",channel1
1467,The average price of a gallon of gasoline in the United States has jumped to near 7-year high due to the Colonial Pipeline ransomware attack and subsequent outage.,channel1
1468,"As of May 18, 2021, the average U.S. retail gasoline price exceeded $3.00 for the first time, partly due to outages at many gas stations in the Lower Atlantic region.",channel1
1469,"As of May 2021, the average gasoline prices in the US are the highest before Memorial Day, with prices surging past $3 per gallon.",channel1
1470,"As of June 1, 2021, the average retail price for gasoline in the U.S. jumped above $3 per gallon, the highest price since 2014.",channel1
1471,"The United States produced more crude oil than any nation, at any time.",channel1
1472,"The global fuel price changes from 2010-2020 show that prices for gasoline and automotive diesel are in US dollars, and crude oil refers to nominal North Sea dated crude spot prices.",channel1
1473,The price of the 12-month strip averaging July 2021 through June 2022 futures contracts climbed 5¢/MMBtu to $3.259/MMBtu.,channel1
1474,"Oil prices finished June at $73.47 a barrel, up 34% in 2021, marking the best first half of a year since 2009.",channel1
1475,"The U.S. Energy Information Administration breaks down the price of a gallon of gasoline into component costs, with crude oil being a significant factor.",channel1
1476,The United States President Biden has made it clear that fossil fuel subsidies need to be reformed.,channel1
1477,The United States continues to lead global petroleum and natural gas production.,channel1
1478,"The average price for gasoline in the US has been increasing rapidly throughout 2021, with prices typically changing in response to changes in the price of crude oil.",channel1
1479,"As of 2020, U.S. gasoline consumption decreased to 8 million b/d, down 14% from 2019, to the lowest level since 1997.",channel1
1480,"The national average price for a gallon of gas was $3.185 as of August 11, 2021.",channel1
1481,"The crude oil costs have exceeded those of the past two years, with crude oil representing 55% of the cost to make gasoline, up from 52% in June . The average price of gasoline in the United States is around $3.80 per gallon .",channel1
1482,"The United States produced more crude oil than any nation, at any time.",channel1
1483,"Pre-Labor Day retail gasoline prices are at their highest level since 2014, driven by increasing mobility due to rising COVID-19 vaccination rates, crude oil prices, and other factors.",channel1
1484,"Gasoline prices are often a heated topic during presidential election campaigns in the United States, and the price of oil may still surprise us.",channel1
1485,"The average gasoline prices in the U.S. and the Gulf Coast states follow similar trends, and the prices are among the lowest since 2016.",channel1
1486,The current average gas price in the US is $3.14 per gallon as of July 2021.,channel1
1487,"On September 28, 2021, the price of the main U.S. oil benchmark fell more than $50 a barrel to end the day about $30 below zero, the first time oil prices have ever turned negative.",channel1
1488,"The United States exports distillate fuel oil to a diverse set of destinations, but U.S. exports of motor gasoline go primarily to Mexico.",channel1
1489,"The US month-ahead natural gas prices have more than doubled, and investments in oil and natural gas have declined in the United States, Europe, and Asia.",channel1
1490,"The United States has seen an increase in crude oil, natural gas, and gas liquids production, providing manufacturers with feedstocks.",channel1
1491,"Oil prices have surged to their highest level in 7 years, with WTI crude hitting above $80 a barrel, leading to high gasoline prices in the US.",channel1
1492,"The current price of West Texas Intermediate crude is around $39.73 a barrel, compared to $39.73 a barrel a year ago.",channel1
1493,"Gasoline prices in the United States have reached an all-time high, with the national average price for a gallon of gasoline at $3.42.",channel1
1494,"The US domestic crude oil production began to decline in the 1970s, leading to price rises and increased imports.",channel1
1495,"The average U.S. gasoline price is higher this Thanksgiving than any previous year, with the crude oil price making up 57% of the total cost to produce a gallon of gasoline.",channel1
1496,"Crude oil accounted for 57% of the cost of a gallon of gasoline in October, according to the U.S. Energy Information Administration (EIA).",channel1
1497,The average price of gasoline in the US was not $1.86 per gallon when Donald Trump left office.,channel1
1498,The United States banned the export of crude oil in 1975.,channel1
1499,"U.S. gasoline prices have fallen in some areas, but remain high in others, with the west coast being particularly affected due to crude oil supply issues to U.S. refineries.",channel1
1500,"Gasoline prices in the US have been declining for seven consecutive weeks, with a two-cent decrease per gallon in the last week.",channel1
1501,The average U.S. retail price for regular grade gasoline increased to $3.01 per gallon in 2021 due to rising crude oil prices and increased gasoline demand.,channel1
1502,The US Energy Information Administration (EIA) expects gasoline and diesel prices to fall in 2022 and 2023 due to slower demand growth and increasing crude oil production.,channel1
1503,"The US crude oil price is approaching $90 per barrel, contributing to higher gasoline prices.",channel1
1504,"Gas prices fell sharply in 2020 due to decreased demand during the pandemic, but have since risen as the economy reopened.",channel1
1505,"The price of crude oil has fallen, which should drive down gasoline prices, but they have not decreased as expected.",channel1
1506,"The United States produced more crude oil than any nation, at any time.",channel1
1507,"Objective facts about the Economy and Energy situation:
The national average U.S. gasoline price is likely to continue to rise as Brent oil prices hit $95 a barrel. 
The cost of crude oil is a main component of the retail price of gasoline. 
High crude oil prices indirectly contribute to higher overall bunker fuel prices. 
U.S. demand for residual fuel oil rose late in 2021.",channel1
1508,"Oil prices are surging toward $100 a barrel, with Russia being one of the world's largest producers of oil and natural gas.",channel1
1509,"The average U.S. regular grade gasoline prices hit $4.009 per gallon on March 6, 2022, up 11% from $3.604 a week ago and up 45% from $2.760 a year ago.",channel1
1510,"US gasoline prices have risen above $4 a gallon, the highest price since July 2008, due to calls to ban Russian oil imports.",channel1
1511,"The Energy Information Administration (EIA) expects crude oil prices to be higher than $100 per barrel in the coming weeks, which will increase the retail price of gasoline in the United States.",channel1
1512,The average U.S. on-highway retail diesel fuel price increased 29% from $4.06/gal to $5.25/gal over a three-week period.,channel1
1513,"The United States is the largest oil producer in the world, accounting for about a fifth of total global oil production, and is also the largest consumer of petroleum products.",channel1
1514,"The current price of crude oil is around $96.23 per barrel, which is still above pre-invasion levels.",channel1
1515,"As of March 2022, high crude oil prices are driving high U.S. motor gasoline prices.",channel1
1516,"The average U.S. gasoline price reached its highest level ever, driven by global oil market conditions.",channel1
1517,"The primary determinant of gasoline prices is the price of crude oil, which is determined by market forces of supply and demand.",channel1
1518,"The average US gasoline price has jumped 15 cents in 2 weeks, with oil prices continuing to climb after the EU signaled its desire to sanction Russian oil.",channel1
1519,"The average cost of a retail gallon of gasoline hit $4.374 early Tuesday, surpassing the former record, according to the American Automobile Association.",channel1
1520,"The US House of Representatives has passed a bill aimed at combating gasoline ""price gouging"" by cracking down on possible price gouging from oil companies.",channel1
1521,"Gasoline demand in the United States is growing faster than gasoline production, which has reduced gasoline inventories.",channel1
1522,"The US is a major crude oil exporter, and stopping exports could increase gas prices, not lower them.",channel1
1523,"The price of crude oil has reached $120 per barrel, and global refining capacity has shrunk since COVID.",channel1
1524,"The United States barely uses Russian oil, and the country is the world's largest oil producer.",channel1
1525,"The average gas price in Georgia was reported on June 22, 2022.",channel1
1526,Global supply-demand issues and Russian actions are contributing to high gasoline prices.,channel1
1527,"The U.S. has released oil from its emergency reserves to lower domestic fuel prices, but more than 5 million barrels were exported to Europe and Asia, despite high gasoline prices.",channel1
1528,"The average retail price for gasoline nationwide in the US is $4.631, down from a record of $5.014 a month ago but still $1.485 higher than a year ago.",channel1
1529,"The U.S. retail price of regular gasoline has fallen, with the most common gas station price in America being $3.99 a gallon as of July 22, 2022.",channel1
1530,The Strategic Petroleum Reserve release aims to address rising energy prices and mitigate a shortfall in oil production.,channel1
1531,The proposed ban on exports of crude oil from the United States is unlikely to reduce gas prices for US consumers or have an appreciable effect on global oil prices.,channel1
1532,The average price of U.S. retail gasoline fell below $4 per gallon in August 2022 for the first time in months.,channel1
1533,"The regular gasoline price in the US has reached a record high in 2022, with an expected increase in revenue collected by states from motor fuel sales.",channel1
1534,The average price of a gallon of gas one year ago was $3.54.,channel1
1535,"Pre-Labor Day retail gasoline prices in the United States are the highest since 2014, with the U.S. average regular gasoline retail price being influenced by crude oil and gasoline prices.",channel1
1536,"The United States produced more crude oil than any nation, at any time.",channel1
1537,Average gasoline prices in Idaho were the 46th highest among U.S. states in October.,channel1
1538,"The current national average price of unleaded gasoline in the US is not specified, but it ended a 99-day streak of lower costs.",channel1
1539,"California's transportation fuels market is isolated, meaning that gasoline purchased in California is also refined in the state.",channel1
1540,"As of September 29, retail gasoline prices in California averaged $6.18/gal, up 66cts from previous prices.",channel1
1541,"As of October 2022, California consumers paid $2.61 per gallon higher gas prices than the average US price.",channel1
1542,The current average U.S. gas prices have declined by more than a dollar per gallon from their peak earlier this year.,channel1
1543,"The average price of regular unleaded gasoline fell 6.7 cents in the last week to $3.28 as of October 24, 2022.",channel1
1544,Oil companies made $63 billion in profits in 90 days as Californians paid record gas prices.,channel1
1545,The administration's move to tap the Strategic Reserve has brought down gasoline prices in the US.,channel1
1546,"The average cost of refining in Utah accounts for more of the average cost than the U.S. average, while Utah's crude mix cost accounts for less.",channel1
1547,"The current U.S. gasoline prices are mostly unchanged from last year, after declining from over $5.00/gal this summer.",channel1
1548,"The California Energy Commission held a hearing on recent gasoline price spikes, citing record profits for oil refiners despite declining crude oil prices.",channel1
1549,"The average cost of a regular gallon of gas in the United States is now $3.33, according to AAA.",channel1
1550,"The Consumer Price Index (CPI) increased by 7.1% over the year ended December 2022, with gasoline prices rising 10.1% over the same period.",channel1
1551,"The average U.S. retail price for regular grade gasoline increased to $3.01 per gallon in 2021, driven by rising crude oil prices and increased gasoline demand.",channel1
1552,"The Strategic Petroleum Reserve (SPR) fell to its lowest level since 1983 last week as U.S. gasoline prices and oil prices ticked up, according to federal data . Gasoline is mainly used in vehicle engines, and petroleum refineries and blending facilities produce gasoline .",channel1
1553,"U.S. retail gasoline prices rose in summer 2022 but ended the year lower, with rising crude oil prices and increased gasoline demand contributing to the earlier price increase.",channel1
1554,The U.S. Energy Information Administration (EIA) expects gasoline and diesel retail prices to decline in 2023.,channel1
1555,"From December 2021 to December 2022, energy prices increased 7.3 percent, a quarter of the rate at which they increased from 2020 to 2021.",channel1
1556,"The daily natural gas spot prices in the western United States have exceeded expectations due to reduced pipeline capacity in West Texas, leading to higher natural gas prices in Southern California.",channel1
1557,"The United States produced more crude oil than any nation, at any time.",channel1
1558,"As of January 2023, the regular gasoline price in Hawaii averaged $4.979 per gallon, and the crude oil price at the New York Mercantile Exchange averaged $78.34 per barrel.",channel1
1559,"The price of crude oil has a significant impact on the price of gasoline, both in the United States and around the world.",channel1
1560,"The retail price of gasoline includes four main components: the cost of crude oil, refining costs and profits, distribution and marketing costs and profits.",channel1
1561,"Oil prices are a significant factor impacting gasoline prices, and understanding the factors that impact petrol/gasoline costs can help us make better decisions.",channel1
1562,"US gasoline prices have begun their seasonal rise, while diesel prices have fallen.",channel1
1563,"The current price of WTI Crude Oil is forecasted to be $77.58 per barrel in 2023, and $83.05 per barrel in 2024.",channel1
1564,"The current average retail gasoline price in the US is $3.44 per gallon, with a record high of $5.02 per gallon last June.",channel1
1565,"California Governor Newsom signed a gas price gouging law on March 28, 2023, requiring oil companies to disclose their pricing methodology to the state.",channel1
1566,"OPEC+ oil producers announced deep oil production cuts starting next month, which is expected to affect US gasoline prices.",channel1
1567,"The U.S. Energy Information Administration (EIA) has released its Short-Term Energy Outlook, which examines how household gasoline costs change under different crude oil price scenarios.",channel1
1568,"Objective facts about the Economy and Energy situation:
The U.S. Energy Information Administration (EIA) expects forecast retail gasoline prices for summer 2023 to be lower than previous years. 
Crude oil accounted for 57% of gasoline prices in 2022. 
In 2023, U.S. inflation-adjusted gasoline prices are down over 20% year-over-year. 
Four shale basins in the United States are currently producing 36 billion cubic feet of associated gas daily.",channel1
1569,Oil prices fell more than 2% on Tuesday due to lingering economic concerns and expectations of further interest rate hikes that could curtail fuel demand growth.,channel1
1570,The national average price of diesel has fallen 5.3 cents in the last week and stands at $4.07 per gallon.,channel1
1571,"Oil prices fell by 1% on May 10, 2023, due to US data pointing to further rate hikes, and US crude oil stocks building on SPR release and export drop.",channel1
1572,The average price of gasoline is influenced by the wholesale price of gasoline and the price of crude oil.,channel1
1573,"As of May 23, the average May spot price for Brent crude oil was $76 per barrel, a 35% decrease from the inflation-adjusted average last May.",channel1
1574,"The United States produced more crude oil than any nation, at any time.",channel1
1575,"Saudi Arabia is slashing oil supply, which could lead to higher gas prices.",channel1
1576,"Consumer prices have increased by 3.0% over the year ended June 2023, with gas prices falling 18.6% and fuel oil prices falling 36.6%.",channel1
1577,"Washington state has the highest gas prices in the US, with prices up 6 cents from a month ago, according to AAA.",channel1
1578,California has implemented a new gas price gouging law to hold Big Oil accountable and track refiners' profits.,channel1
1579,"Oil prices are being influenced by tighter supplies, with U.S. gasoline and distillate inventories dropping.",channel1
1580,"The U.S. average motor gasoline fuel price rose from 2021 to 2022, with states in all areas experiencing an increase.",channel1
1581,"Washington state has the highest gas prices in the nation, with carbon cap-and-trade compliance costs raising gasoline prices by about 10 percent in the state.",channel1
1582,"Gasoline inventories in the United States are lower than the five-year average, with GasBuddy reporting the lowest level for July since 2015.",channel1
1583,"The national average for gas prices in the US stood at about $3.78 a gallon on August 2, 2023.",channel1
1584,"The EIA forecasts U.S. regular gasoline prices will average about $3.63 per gallon for the rest of 2023, an increase from its previous forecast of $3.27 per gallon.",channel1
1585,"Gasoline prices in the US have been rising despite high oil production in the country, with factors such as oil supply cuts abroad and issues at refineries contributing to the increase.",channel1
1586,"Fossil fuel subsidies surged to a record $7 trillion in 2023, according to the IMF.",channel1
1587,"Over the past five weeks, oil production cuts by Saudi Arabia, low U.S. gasoline inventories, and announced refinery maintenance in the Northeast have increased U.S. gasoline prices.",channel1
1588,U.S. gasoline prices have declined slightly from their recent year-to-date high but remain at their highest summertime levels in over a decade.,channel1
1589,"The current average gasoline price in the US is $3.29 per gallon, with Mississippi having the cheapest prices.",channel1
1590,"The current U.S. gasoline price is rising, with the daily average price per gallon increasing.",channel1
1591,"Oil prices have rallied, causing retail fuel prices in the US and Europe to rise to multi-month highs.",channel1
1592,U.S. gasoline prices are expected to fall to $3 a gallon in many places in the coming weeks due to a decline in crude oil futures.,channel1
1593,Wholesale price changes for heating oil and propane are passed to consumers quickly because rates in those markets are not regulated as they are for natural gas.,channel1
1594,The Biden administration sold off over 40% of the Strategic Petroleum Reserve last year to help limit rising fuel prices after Russia invaded Ukraine.,channel1
1595,"Gas prices have plummeted, with some states falling below $3 a gallon, due to a steep drop in the cost of crude oil.",channel1
1596,"The RBOB-Brent crack spread decreased, indicating lower profits for gasoline producers.",channel1
1597,"U.S. national average gasoline prices have dropped to $3.418 from $3.746 in the past month, according to AAA.",channel1
1598,"Gas prices have dropped below $3 per gallon in 11 states in the US, mainly due to falling seasonal demand and the use of less-expensive winter-grade gas.",channel1
1599,"The Brent crude oil price declined 15% from its most recent peak of $96.55 per barrel (b) on September 27 to $82.32/b on November 20, reaching its lowest level.",channel1
1600,"The national average gas price in the US has fallen or remained steady for 10 weeks straight, with each penny decline saving consumers.",channel1
1601,"US gasoline pump prices have reached an 11-month low, currently at $3.185 per gallon as of December 8, 2023.",channel1
1602,"As of December 15, 2023, the national average price for a gallon of regular gasoline in the United States was $3.087.",channel1
1603,"Oil prices have risen sharply due to Houthi rebel attacks in the Red Sea, affecting major shipping routes and potentially leading to higher petrol prices.",channel1
1604,The US Strategic Petroleum Reserve is considering refilling at a price range of $67-72 per barrel.,channel1
1605,"The current retail gasoline price in the United States is $3.088 per gallon, despite an increase in crude oil prices to $73.64 per barrel.",channel1
1606,"The U.S. national average price per gallon of gasoline could decline to under $3 for the first time since 2021, amid sluggish demand.",channel1
1607,"The average retail gasoline price in the United States rose to $3.04 per gallon on Tuesday, after falling for two consecutive weeks.",channel1
1608,"The current average gas price in the US is $3.10 . Average US household expenditures on transportation are high, with fuel being a significant expense .",channel1
1609,"As of 2024, U.S. regular retail prices of gasoline have fallen to 2.43 in 2015 and a record low of 2.14 in 2016, but have since increased.",channel1
1610,The U.S. Energy Information Administration (EIA) publishes historical gasoline price data.,channel1
1611,The average price of regular gasoline in the U.S. is $3.256 per gallon as of February 2024.,channel1
1612,"The U.S. Department of Energy reported that crude oil inventories in the Strategic Petroleum Reserve (SPR) rose by 0.7 million barrels as of February 21, 2024.",channel1
1613,"As of January 2024, the average price of gasoline in Nigeria was 668.3 Nigerian naira (NGN) per liter, around 0.41 U.S. dollars.",channel1
1614,"As of April 2024, gasoline prices in the United States increased to 0.95 USD/Liter from 0.90 USD/Liter in March of 2024.",channel1
1615,The national average price for a gallon of gasoline in the United States is currently sitting at around $3.50.,channel1
1616,"The current average U.S. gasoline price is $3.44 per gallon, up by 4.4 cents from the previous week.",channel1
1617,"The United States imports and exports petroleum, which includes crude oil, hydrocarbon gas liquids, refined petroleum products, and biofuels.",channel1
1618,The average price of gasoline in the United States has hit a six-month high due to rising seasonal demand and higher oil prices. The average U.S. regular gasoline price is higher than a year ago.,channel1
1619,"Energy prices, including electricity, gasoline, fuel oil, and other power and oil-related goods and services, jumped by 1.1% last month compared to a 0.4% increase the previous month.",channel1
1620,"The average annual price of Brent crude oil stood at 83 U.S. dollars per barrel in 2024, according to preliminary data from March.",channel1
1621,"The nationwide average price of gasoline in the United States has risen for three consecutive weeks, gaining 4.3 cents over the past week, to hit $3.62 per gallon.",channel1
1622,"The current crude oil price is in dollars per barrel, and futures prices after April 5, 2024, are available.",channel1
