date,data,cols
1,94,channel1
2,94,channel1
3,115,channel1
4,95,channel1
5,135,channel1
6,88,channel1
7,74,channel1
8,81,channel1
9,90,channel1
10,95,channel1
11,101,channel1
12,211,channel1
13,52,channel1
14,63,channel1
15,180,channel1
16,71,channel1
17,161,channel1
18,135,channel1
19,115,channel1
20,75,channel1
21,52,channel1
22,90,channel1
23,100,channel1
24,104,channel1
25,77,channel1
26,95,channel1
27,70,channel1
28,89,channel1
29,87,channel1
30,89,channel1
31,85,channel1
32,82,channel1
33,80,channel1
34,57,channel1
35,45,channel1
36,77,channel1
37,85,channel1
38,135,channel1
39,75,channel1
40,78,channel1
41,64,channel1
42,55,channel1
43,74,channel1
44,75,channel1
45,83,channel1
46,85,channel1
47,75,channel1
48,82,channel1
49,52,channel1
50,104,channel1
51,75,channel1
52,128,channel1
53,131,channel1
54,100,channel1
55,85,channel1
56,80,channel1
57,103,channel1
58,79,channel1
59,74,channel1
60,86,channel1
61,75,channel1
62,89,channel1
63,79,channel1
64,98,channel1
65,91,channel1
66,87,channel1
67,84,channel1
68,108,channel1
69,128,channel1
70,89,channel1
71,89,channel1
72,77,channel1
73,98,channel1
74,77,channel1
75,64,channel1
76,62,channel1
77,67,channel1
78,193,channel1
79,90,channel1
80,91,channel1
81,209,channel1
82,76,channel1
83,69,channel1
84,86,channel1
85,92,channel1
86,109,channel1
87,91,channel1
88,75,channel1
89,73,channel1
90,80,channel1
91,67,channel1
92,89,channel1
93,92,channel1
94,109,channel1
95,108,channel1
96,151,channel1
97,91,channel1
98,105,channel1
99,80,channel1
100,121,channel1
101,123,channel1
102,185,channel1
103,118,channel1
104,84,channel1
105,84,channel1
106,91,channel1
107,115,channel1
108,97,channel1
109,73,channel1
110,94,channel1
111,87,channel1
112,119,channel1
113,116,channel1
114,84,channel1
115,102,channel1
116,161,channel1
117,126,channel1
118,83,channel1
119,100,channel1
120,68,channel1
121,128,channel1
122,98,channel1
123,95,channel1
124,90,channel1
125,128,channel1
126,128,channel1
127,192,channel1
128,148,channel1
129,105,channel1
130,90,channel1
131,90,channel1
132,108,channel1
133,82,channel1
134,165,channel1
135,185,channel1
136,156,channel1
137,89,channel1
138,93,channel1
139,150,channel1
140,140,channel1
141,140,channel1
142,129,channel1
143,104,channel1
144,181,channel1
145,200,channel1
146,222,channel1
147,99,channel1
148,60,channel1
149,115,channel1
150,116,channel1
151,143,channel1
152,105,channel1
153,123,channel1
154,126,channel1
155,130,channel1
156,151,channel1
157,123,channel1
158,90,channel1
159,174,channel1
160,100,channel1
161,79,channel1
162,103,channel1
163,184,channel1
164,79,channel1
165,103,channel1
166,224,channel1
167,235,channel1
168,219,channel1
169,96,channel1
170,108,channel1
171,214,channel1
172,201,channel1
173,93,channel1
174,105,channel1
175,147,channel1
176,220,channel1
177,230,channel1
178,212,channel1
179,119,channel1
180,206,channel1
181,172,channel1
182,166,channel1
183,133,channel1
184,154,channel1
185,192,channel1
186,133,channel1
187,201,channel1
188,227,channel1
189,54,channel1
190,109,channel1
191,80,channel1
192,204,channel1
193,217,channel1
194,205,channel1
195,87,channel1
196,129,channel1
197,216,channel1
198,216,channel1
199,219,channel1
200,216,channel1
201,217,channel1
202,220,channel1
203,278,channel1
204,266,channel1
205,228,channel1
206,106,channel1
207,93,channel1
208,185,channel1
209,233,channel1
210,172,channel1
211,93,channel1
212,104,channel1
213,213,channel1
214,232,channel1
215,206,channel1
216,205,channel1
217,187,channel1
218,224,channel1
219,210,channel1
220,219,channel1
221,215,channel1
222,223,channel1
223,156,channel1
224,147,channel1
225,205,channel1
226,138,channel1
227,99,channel1
228,208,channel1
229,120,channel1
230,87,channel1
231,90,channel1
232,90,channel1
233,164,channel1
234,101,channel1
235,93,channel1
236,84,channel1
237,90,channel1
238,192,channel1
239,205,channel1
240,260,channel1
241,222,channel1
242,238,channel1
243,112,channel1
244,201,channel1
245,140,channel1
246,190,channel1
247,201,channel1
248,126,channel1
249,195,channel1
250,163,channel1
251,190,channel1
252,133,channel1
253,97,channel1
254,182,channel1
255,113,channel1
256,93,channel1
257,182,channel1
258,208,channel1
259,176,channel1
260,115,channel1
261,68,channel1
262,84,channel1
263,95,channel1
264,102,channel1
265,177,channel1
266,192,channel1
267,200,channel1
268,158,channel1
269,75,channel1
270,97,channel1
271,111,channel1
272,75,channel1
273,81,channel1
274,86,channel1
275,109,channel1
276,93,channel1
277,109,channel1
278,97,channel1
279,84,channel1
280,63,channel1
281,82,channel1
282,82,channel1
283,101,channel1
284,125,channel1
285,83,channel1
286,80,channel1
287,72,channel1
288,60,channel1
289,84,channel1
290,166,channel1
291,120,channel1
292,147,channel1
293,84,channel1
294,65,channel1
295,88,channel1
296,76,channel1
297,89,channel1
298,104,channel1
299,108,channel1
300,61,channel1
301,49,channel1
302,82,channel1
303,85,channel1
304,86,channel1
305,89,channel1
306,88,channel1
307,75,channel1
308,78,channel1
309,73,channel1
310,75,channel1
311,97,channel1
312,77,channel1
313,95,channel1
314,63,channel1
315,76,channel1
316,90,channel1
317,59,channel1
318,82,channel1
319,81,channel1
320,101,channel1
321,77,channel1
322,51,channel1
323,89,channel1
324,106,channel1
325,81,channel1
326,94,channel1
327,136,channel1
328,81,channel1
329,94,channel1
330,99,channel1
331,91,channel1
332,77,channel1
333,62,channel1
334,75,channel1
335,69,channel1
336,67,channel1
337,86,channel1
338,97,channel1
339,73,channel1
340,108,channel1
341,121,channel1
342,81,channel1
343,72,channel1
344,100,channel1
345,93,channel1
346,95,channel1
347,84,channel1
348,88,channel1
349,66,channel1
350,48,channel1
351,72,channel1
352,91,channel1
353,103,channel1
354,91,channel1
355,80,channel1
356,80,channel1
357,48,channel1
358,90,channel1
359,165,channel1
360,150,channel1
361,51,channel1
362,78,channel1
363,117,channel1
364,66,channel1
365,138,channel1
366,93,channel1
367,83,channel1
368,87,channel1
369,100,channel1
370,70,channel1
371,42,channel1
372,97,channel1
373,110,channel1
374,71,channel1
375,103,channel1
376,106,channel1
377,92,channel1
378,53,channel1
379,136,channel1
380,93,channel1
381,159,channel1
382,145,channel1
383,102,channel1
384,79,channel1
385,42,channel1
386,59,channel1
387,103,channel1
388,136,channel1
389,131,channel1
390,91,channel1
391,73,channel1
392,67,channel1
393,106,channel1
394,98,channel1
395,78,channel1
396,84,channel1
397,76,channel1
398,91,channel1
399,102,channel1
400,75,channel1
401,78,channel1
402,67,channel1
403,67,channel1
404,78,channel1
405,76,channel1
406,91,channel1
407,80,channel1
408,67,channel1
409,63,channel1
410,63,channel1
411,98,channel1
412,76,channel1
413,70,channel1
414,97,channel1
415,102,channel1
416,131,channel1
417,111,channel1
418,83,channel1
419,65,channel1
420,59,channel1
421,83,channel1
422,102,channel1
423,81,channel1
424,85,channel1
425,79,channel1
426,89,channel1
427,71,channel1
428,65,channel1
429,71,channel1
430,64,channel1
431,65,channel1
432,92,channel1
433,63,channel1
434,73,channel1
435,111,channel1
436,94,channel1
437,82,channel1
438,75,channel1
439,96,channel1
440,73,channel1
441,154,channel1
442,125,channel1
443,77,channel1
444,75,channel1
445,77,channel1
446,81,channel1
447,60,channel1
448,62,channel1
449,93,channel1
450,79,channel1
451,66,channel1
452,101,channel1
453,88,channel1
454,67,channel1
455,133,channel1
456,78,channel1
457,135,channel1
458,83,channel1
459,104,channel1
460,87,channel1
461,87,channel1
462,59,channel1
463,97,channel1
464,78,channel1
465,108,channel1
466,63,channel1
467,93,channel1
468,88,channel1
469,97,channel1
470,61,channel1
471,82,channel1
472,73,channel1
473,95,channel1
474,82,channel1
475,76,channel1
476,89,channel1
477,79,channel1
478,74,channel1
479,81,channel1
480,170,channel1
481,142,channel1
482,55,channel1
483,61,channel1
484,104,channel1
485,131,channel1
486,147,channel1
487,97,channel1
488,91,channel1
489,68,channel1
490,65,channel1
491,85,channel1
492,99,channel1
493,145,channel1
494,92,channel1
495,84,channel1
496,73,channel1
497,71,channel1
498,74,channel1
499,94,channel1
500,97,channel1
501,195,channel1
502,73,channel1
503,66,channel1
504,77,channel1
505,89,channel1
506,84,channel1
507,93,channel1
508,140,channel1
509,108,channel1
510,75,channel1
511,102,channel1
512,219,channel1
513,202,channel1
514,159,channel1
515,68,channel1
516,115,channel1
517,185,channel1
518,77,channel1
519,77,channel1
520,93,channel1
521,92,channel1
522,125,channel1
523,136,channel1
524,96,channel1
525,62,channel1
526,166,channel1
527,151,channel1
528,120,channel1
529,109,channel1
530,182,channel1
531,209,channel1
532,84,channel1
533,201,channel1
534,206,channel1
535,115,channel1
536,205,channel1
537,200,channel1
538,103,channel1
539,204,channel1
540,147,channel1
541,99,channel1
542,166,channel1
543,133,channel1
544,89,channel1
545,69,channel1
546,108,channel1
547,204,channel1
548,106,channel1
549,77,channel1
550,159,channel1
551,119,channel1
552,66,channel1
553,126,channel1
554,169,channel1
555,192,channel1
556,209,channel1
557,203,channel1
558,210,channel1
559,182,channel1
560,215,channel1
561,215,channel1
562,95,channel1
563,109,channel1
564,105,channel1
565,172,channel1
566,197,channel1
567,279,channel1
568,126,channel1
569,133,channel1
570,90,channel1
571,150,channel1
572,177,channel1
573,112,channel1
574,53,channel1
575,99,channel1
576,110,channel1
577,98,channel1
578,103,channel1
579,169,channel1
580,197,channel1
581,214,channel1
582,115,channel1
583,216,channel1
584,109,channel1
585,103,channel1
586,172,channel1
587,133,channel1
588,204,channel1
589,216,channel1
590,213,channel1
591,97,channel1
592,104,channel1
593,190,channel1
594,136,channel1
595,67,channel1
596,78,channel1
597,150,channel1
598,159,channel1
599,64,channel1
600,136,channel1
601,67,channel1
602,169,channel1
603,122,channel1
604,77,channel1
605,115,channel1
606,179,channel1
607,90,channel1
608,154,channel1
609,71,channel1
610,68,channel1
611,95,channel1
612,72,channel1
613,78,channel1
614,93,channel1
615,129,channel1
616,159,channel1
617,108,channel1
618,92,channel1
619,90,channel1
620,103,channel1
621,133,channel1
622,161,channel1
623,119,channel1
624,192,channel1
625,131,channel1
626,90,channel1
627,91,channel1
628,79,channel1
629,103,channel1
630,85,channel1
631,79,channel1
632,150,channel1
633,84,channel1
634,78,channel1
635,95,channel1
636,88,channel1
637,209,channel1
638,87,channel1
639,64,channel1
640,66,channel1
641,82,channel1
642,97,channel1
643,68,channel1
644,60,channel1
645,111,channel1
646,116,channel1
647,76,channel1
648,63,channel1
649,76,channel1
650,78,channel1
651,70,channel1
652,79,channel1
653,89,channel1
654,103,channel1
655,109,channel1
656,125,channel1
657,72,channel1
658,75,channel1
659,72,channel1
660,61,channel1
661,103,channel1
662,94,channel1
663,151,channel1
664,84,channel1
665,66,channel1
666,93,channel1
667,156,channel1
668,92,channel1
669,79,channel1
670,82,channel1
671,69,channel1
672,64,channel1
673,159,channel1
674,120,channel1
675,153,channel1
676,133,channel1
677,80,channel1
678,74,channel1
679,86,channel1
680,89,channel1
681,87,channel1
682,68,channel1
683,86,channel1
684,143,channel1
685,111,channel1
686,64,channel1
687,145,channel1
688,90,channel1
689,113,channel1
690,98,channel1
691,186,channel1
692,90,channel1
693,59,channel1
694,121,channel1
695,108,channel1
696,68,channel1
697,67,channel1
698,115,channel1
699,76,channel1
700,61,channel1
701,73,channel1
702,113,channel1
703,113,channel1
704,87,channel1
705,123,channel1
706,73,channel1
707,42,channel1
708,91,channel1
709,142,channel1
710,92,channel1
711,82,channel1
712,87,channel1
713,63,channel1
714,77,channel1
715,120,channel1
716,108,channel1
717,101,channel1
718,116,channel1
719,96,channel1
720,53,channel1
721,62,channel1
722,91,channel1
723,103,channel1
724,92,channel1
725,95,channel1
726,103,channel1
727,120,channel1
728,66,channel1
729,140,channel1
730,73,channel1
731,102,channel1
732,108,channel1
733,61,channel1
734,100,channel1
735,80,channel1
736,93,channel1
737,76,channel1
738,81,channel1
739,82,channel1
740,67,channel1
741,57,channel1
742,33,channel1
743,64,channel1
744,72,channel1
745,89,channel1
746,78,channel1
747,85,channel1
748,76,channel1
749,44,channel1
750,76,channel1
751,85,channel1
752,108,channel1
753,78,channel1
754,83,channel1
755,62,channel1
756,38,channel1
757,105,channel1
758,75,channel1
759,104,channel1
760,91,channel1
761,98,channel1
762,111,channel1
763,84,channel1
764,70,channel1
765,82,channel1
766,200,channel1
767,118,channel1
768,95,channel1
769,76,channel1
770,45,channel1
771,87,channel1
772,86,channel1
773,74,channel1
774,70,channel1
775,72,channel1
776,72,channel1
777,68,channel1
778,74,channel1
779,104,channel1
780,60,channel1
781,61,channel1
782,113,channel1
783,73,channel1
784,58,channel1
785,123,channel1
786,73,channel1
787,72,channel1
788,66,channel1
789,81,channel1
790,73,channel1
791,64,channel1
792,63,channel1
793,76,channel1
794,78,channel1
795,87,channel1
796,106,channel1
797,69,channel1
798,77,channel1
799,66,channel1
800,70,channel1
801,70,channel1
802,103,channel1
803,109,channel1
804,128,channel1
805,89,channel1
806,83,channel1
807,66,channel1
808,78,channel1
809,77,channel1
810,91,channel1
811,74,channel1
812,66,channel1
813,92,channel1
814,87,channel1
815,111,channel1
816,106,channel1
817,67,channel1
818,53,channel1
819,71,channel1
820,106,channel1
821,85,channel1
822,92,channel1
823,73,channel1
824,84,channel1
825,73,channel1
826,49,channel1
827,70,channel1
828,54,channel1
829,60,channel1
830,89,channel1
831,74,channel1
832,79,channel1
833,80,channel1
834,84,channel1
835,101,channel1
836,80,channel1
837,82,channel1
838,100,channel1
839,72,channel1
840,87,channel1
841,77,channel1
842,122,channel1
843,106,channel1
844,77,channel1
845,97,channel1
846,187,channel1
847,203,channel1
848,84,channel1
849,101,channel1
850,67,channel1
851,81,channel1
852,100,channel1
853,164,channel1
854,177,channel1
855,105,channel1
856,108,channel1
857,136,channel1
858,182,channel1
859,122,channel1
860,90,channel1
861,59,channel1
862,66,channel1
863,84,channel1
864,103,channel1
865,108,channel1
866,93,channel1
867,206,channel1
868,240,channel1
869,190,channel1
870,129,channel1
871,133,channel1
872,112,channel1
873,94,channel1
874,83,channel1
875,54,channel1
876,76,channel1
877,114,channel1
878,190,channel1
879,226,channel1
880,119,channel1
881,69,channel1
882,140,channel1
883,93,channel1
884,88,channel1
885,94,channel1
886,107,channel1
887,136,channel1
888,61,channel1
889,48,channel1
890,72,channel1
891,89,channel1
892,166,channel1
893,115,channel1
894,101,channel1
895,68,channel1
896,62,channel1
897,104,channel1
898,187,channel1
899,177,channel1
900,99,channel1
901,223,channel1
902,112,channel1
903,89,channel1
904,90,channel1
905,156,channel1
906,88,channel1
907,76,channel1
908,177,channel1
909,221,channel1
910,200,channel1
911,172,channel1
912,91,channel1
913,96,channel1
914,73,channel1
915,80,channel1
916,123,channel1
917,123,channel1
918,150,channel1
919,133,channel1
920,187,channel1
921,177,channel1
922,174,channel1
923,223,channel1
924,159,channel1
925,101,channel1
926,150,channel1
927,244,channel1
928,248,channel1
929,246,channel1
930,219,channel1
931,208,channel1
932,172,channel1
933,87,channel1
934,92,channel1
935,129,channel1
936,101,channel1
937,112,channel1
938,223,channel1
939,190,channel1
940,156,channel1
941,105,channel1
942,87,channel1
943,95,channel1
944,190,channel1
945,87,channel1
946,105,channel1
947,105,channel1
948,235,channel1
949,164,channel1
950,79,channel1
951,177,channel1
952,84,channel1
953,122,channel1
954,150,channel1
955,80,channel1
956,126,channel1
957,90,channel1
958,126,channel1
959,159,channel1
960,182,channel1
961,101,channel1
962,74,channel1
963,151,channel1
964,115,channel1
965,58,channel1
966,74,channel1
967,85,channel1
968,112,channel1
969,79,channel1
970,87,channel1
971,83,channel1
972,58,channel1
973,70,channel1
974,58,channel1
975,140,channel1
976,115,channel1
977,114,channel1
978,84,channel1
979,106,channel1
980,112,channel1
981,190,channel1
982,108,channel1
983,112,channel1
984,110,channel1
985,133,channel1
986,161,channel1
987,216,channel1
988,217,channel1
989,212,channel1
990,213,channel1
991,91,channel1
992,111,channel1
993,142,channel1
994,111,channel1
995,74,channel1
996,81,channel1
997,73,channel1
998,67,channel1
999,85,channel1
1000,91,channel1
1001,75,channel1
1002,75,channel1
1003,97,channel1
1004,88,channel1
1005,78,channel1
1006,93,channel1
1007,65,channel1
1008,179,channel1
1009,126,channel1
1010,89,channel1
1011,172,channel1
1012,106,channel1
1013,108,channel1
1014,66,channel1
1015,61,channel1
1016,64,channel1
1017,119,channel1
1018,115,channel1
1019,94,channel1
1020,92,channel1
1021,61,channel1
1022,61,channel1
1023,83,channel1
1024,71,channel1
1025,95,channel1
1026,109,channel1
1027,68,channel1
1028,60,channel1
1029,60,channel1
1030,99,channel1
1031,85,channel1
1032,104,channel1
1033,106,channel1
1034,113,channel1
1035,106,channel1
1036,106,channel1
1037,118,channel1
1038,109,channel1
1039,82,channel1
1040,74,channel1
1041,90,channel1
1042,71,channel1
1043,84,channel1
1044,83,channel1
1045,78,channel1
1046,87,channel1
1047,86,channel1
1048,108,channel1
1049,56,channel1
1050,68,channel1
1051,92,channel1
1052,84,channel1
1053,147,channel1
1054,163,channel1
1055,87,channel1
1056,93,channel1
1057,103,channel1
1058,111,channel1
1059,159,channel1
1060,90,channel1
1061,53,channel1
1062,93,channel1
1063,57,channel1
1064,73,channel1
1065,100,channel1
1066,123,channel1
1067,183,channel1
1068,99,channel1
1069,151,channel1
1070,91,channel1
1071,111,channel1
1072,115,channel1
1073,77,channel1
1074,91,channel1
1075,89,channel1
1076,111,channel1
1077,79,channel1
1078,52,channel1
1079,102,channel1
1080,104,channel1
1081,108,channel1
1082,123,channel1
1083,68,channel1
1084,64,channel1
1085,85,channel1
1086,97,channel1
1087,90,channel1
1088,101,channel1
1089,154,channel1
1090,181,channel1
1091,110,channel1
1092,52,channel1
1093,133,channel1
1094,83,channel1
1095,98,channel1
1096,78,channel1
1097,118,channel1
1098,46,channel1
1099,55,channel1
1100,73,channel1
1101,82,channel1
1102,116,channel1
1103,82,channel1
1104,82,channel1
1105,55,channel1
1106,71,channel1
1107,69,channel1
1108,63,channel1
1109,66,channel1
1110,69,channel1
1111,130,channel1
1112,71,channel1
1113,42,channel1
1114,159,channel1
1115,71,channel1
1116,85,channel1
1117,67,channel1
1118,121,channel1
1119,116,channel1
1120,107,channel1
1121,123,channel1
1122,85,channel1
1123,103,channel1
1124,83,channel1
1125,80,channel1
1126,102,channel1
1127,98,channel1
1128,76,channel1
1129,110,channel1
1130,115,channel1
1131,71,channel1
1132,81,channel1
1133,69,channel1
1134,66,channel1
1135,64,channel1
1136,64,channel1
1137,71,channel1
1138,87,channel1
1139,65,channel1
1140,83,channel1
1141,105,channel1
1142,154,channel1
1143,143,channel1
1144,106,channel1
1145,110,channel1
1146,80,channel1
1147,85,channel1
1148,78,channel1
1149,100,channel1
1150,99,channel1
1151,101,channel1
1152,73,channel1
1153,72,channel1
1154,45,channel1
1155,55,channel1
1156,107,channel1
1157,92,channel1
1158,68,channel1
1159,77,channel1
1160,92,channel1
1161,78,channel1
1162,70,channel1
1163,72,channel1
1164,65,channel1
1165,80,channel1
1166,93,channel1
1167,87,channel1
1168,43,channel1
1169,56,channel1
1170,77,channel1
1171,101,channel1
1172,65,channel1
1173,68,channel1
1174,57,channel1
1175,96,channel1
1176,60,channel1
1177,83,channel1
1178,71,channel1
1179,72,channel1
1180,60,channel1
1181,57,channel1
1182,103,channel1
1183,104,channel1
1184,86,channel1
1185,62,channel1
1186,59,channel1
1187,143,channel1
1188,83,channel1
1189,95,channel1
1190,61,channel1
1191,86,channel1
1192,73,channel1
1193,77,channel1
1194,85,channel1
1195,142,channel1
1196,80,channel1
1197,59,channel1
1198,90,channel1
1199,69,channel1
1200,72,channel1
1201,77,channel1
1202,57,channel1
1203,56,channel1
1204,71,channel1
1205,68,channel1
1206,88,channel1
1207,77,channel1
1208,98,channel1
1209,106,channel1
1210,147,channel1
1211,80,channel1
1212,79,channel1
1213,87,channel1
1214,119,channel1
1215,229,channel1
1216,122,channel1
1217,122,channel1
1218,126,channel1
1219,69,channel1
1220,93,channel1
1221,84,channel1
1222,90,channel1
1223,108,channel1
1224,136,channel1
1225,119,channel1
1226,67,channel1
1227,62,channel1
1228,69,channel1
1229,85,channel1
1230,101,channel1
1231,105,channel1
1232,104,channel1
1233,81,channel1
1234,97,channel1
1235,112,channel1
1236,108,channel1
1237,115,channel1
1238,82,channel1
1239,112,channel1
1240,101,channel1
1241,73,channel1
1242,94,channel1
1243,82,channel1
1244,92,channel1
1245,136,channel1
1246,87,channel1
1247,77,channel1
1248,100,channel1
1249,81,channel1
1250,81,channel1
1251,126,channel1
1252,90,channel1
1253,150,channel1
1254,136,channel1
1255,81,channel1
1256,112,channel1
1257,85,channel1
1258,126,channel1
1259,220,channel1
1260,190,channel1
1261,225,channel1
1262,256,channel1
1263,248,channel1
1264,276,channel1
1265,224,channel1
1266,192,channel1
1267,154,channel1
1268,138,channel1
1269,99,channel1
1270,207,channel1
1271,208,channel1
1272,169,channel1
1273,84,channel1
1274,156,channel1
1275,233,channel1
1276,97,channel1
1277,140,channel1
1278,129,channel1
1279,101,channel1
1280,195,channel1
1281,234,channel1
1282,213,channel1
1283,90,channel1
1284,79,channel1
1285,101,channel1
1286,179,channel1
1287,190,channel1
1288,82,channel1
1289,164,channel1
1290,219,channel1
1291,103,channel1
1292,94,channel1
1293,210,channel1
1294,179,channel1
1295,192,channel1
1296,226,channel1
1297,115,channel1
1298,182,channel1
1299,213,channel1
1300,78,channel1
1301,126,channel1
1302,126,channel1
1303,147,channel1
1304,109,channel1
1305,164,channel1
1306,220,channel1
1307,195,channel1
1308,210,channel1
1309,203,channel1
1310,172,channel1
1311,92,channel1
1312,207,channel1
1313,192,channel1
1314,102,channel1
1315,166,channel1
1316,212,channel1
1317,221,channel1
1318,106,channel1
1319,140,channel1
1320,97,channel1
1321,103,channel1
1322,91,channel1
1323,90,channel1
1324,221,channel1
1325,213,channel1
1326,256,channel1
1327,185,channel1
1328,182,channel1
1329,208,channel1
1330,74,channel1
1331,217,channel1
1332,122,channel1
1333,122,channel1
1334,159,channel1
1335,237,channel1
1336,240,channel1
1337,161,channel1
1338,105,channel1
1339,169,channel1
1340,99,channel1
1341,101,channel1
1342,161,channel1
1343,220,channel1
1344,204,channel1
1345,226,channel1
1346,206,channel1
1347,136,channel1
1348,87,channel1
1349,164,channel1
1350,233,channel1
1351,214,channel1
1352,101,channel1
1353,81,channel1
1354,70,channel1
1355,86,channel1
1356,105,channel1
1357,171,channel1
1358,161,channel1
1359,166,channel1
1360,185,channel1
1361,101,channel1
1362,76,channel1
1363,74,channel1
1364,97,channel1
1365,106,channel1
1366,124,channel1
1367,117,channel1
1368,102,channel1
1369,84,channel1
1370,80,channel1
1371,76,channel1
1372,79,channel1
1373,119,channel1
1374,172,channel1
1375,121,channel1
1376,84,channel1
1377,74,channel1
1378,95,channel1
1379,64,channel1
1380,45,channel1
1381,65,channel1
1382,80,channel1
1383,77,channel1
1384,85,channel1
1385,64,channel1
1386,67,channel1
1387,89,channel1
1388,105,channel1
1389,78,channel1
1390,72,channel1
1391,78,channel1
1392,76,channel1
1393,62,channel1
1394,86,channel1
1395,69,channel1
1396,88,channel1
1397,74,channel1
1398,65,channel1
1399,55,channel1
1400,72,channel1
1401,87,channel1
1402,113,channel1
1403,113,channel1
1404,98,channel1
1405,77,channel1
1406,71,channel1
1407,71,channel1
1408,88,channel1
1409,103,channel1
1410,107,channel1
1411,117,channel1
1412,65,channel1
1413,59,channel1
1414,58,channel1
1415,67,channel1
1416,81,channel1
1417,96,channel1
1418,80,channel1
1419,77,channel1
1420,105,channel1
1421,80,channel1
1422,90,channel1
1423,99,channel1
1424,96,channel1
1425,64,channel1
1426,63,channel1
1427,61,channel1
1428,68,channel1
1429,81,channel1
1430,94,channel1
1431,61,channel1
1432,90,channel1
1433,79,channel1
1434,82,channel1
1435,68,channel1
1436,89,channel1
1437,79,channel1
1438,72,channel1
1439,125,channel1
1440,159,channel1
1441,80,channel1
1442,50,channel1
1443,74,channel1
1444,106,channel1
1445,131,channel1
1446,136,channel1
1447,100,channel1
1448,71,channel1
1449,65,channel1
1450,93,channel1
1451,76,channel1
1452,95,channel1
1453,95,channel1
1454,83,channel1
1455,56,channel1
1456,34,channel1
1457,47,channel1
1458,84,channel1
1459,101,channel1
1460,87,channel1
1461,74,channel1
1462,71,channel1
1463,63,channel1
1464,67,channel1
1465,70,channel1
1466,84,channel1
1467,106,channel1
1468,88,channel1
1469,62,channel1
1470,60,channel1
1471,65,channel1
1472,84,channel1
1473,54,channel1
1474,60,channel1
1475,70,channel1
1476,75,channel1
1477,59,channel1
1478,109,channel1
1479,108,channel1
1480,106,channel1
1481,73,channel1
1482,71,channel1
1483,91,channel1
1484,90,channel1
1485,109,channel1
1486,216,channel1
1487,128,channel1
1488,217,channel1
1489,230,channel1
1490,76,channel1
1491,67,channel1
1492,98,channel1
1493,80,channel1
1494,77,channel1
1495,107,channel1
1496,151,channel1
1497,91,channel1
1498,90,channel1
1499,78,channel1
1500,77,channel1
1501,75,channel1
1502,90,channel1
1503,89,channel1
1504,133,channel1
1505,103,channel1
1506,97,channel1
1507,113,channel1
1508,116,channel1
1509,86,channel1
1510,111,channel1
1511,70,channel1
1512,69,channel1
1513,54,channel1
1514,87,channel1
1515,87,channel1
1516,86,channel1
1517,83,channel1
1518,84,channel1
1519,60,channel1
1520,96,channel1
1521,85,channel1
1522,69,channel1
1523,70,channel1
1524,87,channel1
1525,66,channel1
1526,74,channel1
1527,106,channel1
1528,87,channel1
1529,70,channel1
1530,76,channel1
1531,55,channel1
1532,84,channel1
1533,100,channel1
1534,60,channel1
1535,56,channel1
1536,74,channel1
1537,79,channel1
1538,99,channel1
1539,69,channel1
1540,59,channel1
1541,71,channel1
1542,82,channel1
1543,89,channel1
1544,67,channel1
1545,73,channel1
1546,66,channel1
1547,71,channel1
1548,70,channel1
1549,79,channel1
1550,90,channel1
1551,62,channel1
1552,86,channel1
1553,65,channel1
1554,67,channel1
1555,77,channel1
1556,73,channel1
1557,150,channel1
1558,84,channel1
1559,85,channel1
1560,61,channel1
1561,76,channel1
1562,92,channel1
1563,94,channel1
1564,92,channel1
1565,89,channel1
1566,103,channel1
1567,94,channel1
1568,75,channel1
1569,123,channel1
1570,84,channel1
1571,111,channel1
1572,168,channel1
1573,87,channel1
1574,57,channel1
1575,66,channel1
1576,104,channel1
1577,83,channel1
1578,98,channel1
1579,130,channel1
1580,100,channel1
1581,90,channel1
1582,154,channel1
1583,126,channel1
1584,73,channel1
1585,70,channel1
1586,140,channel1
1587,126,channel1
1588,64,channel1
1589,73,channel1
1590,106,channel1
1591,90,channel1
1592,62,channel1
1593,73,channel1
1594,108,channel1
1595,130,channel1
1596,108,channel1
1597,80,channel1
1598,65,channel1
1599,61,channel1
1600,92,channel1
1601,89,channel1
1602,79,channel1
1603,90,channel1
1604,122,channel1
1605,154,channel1
1606,87,channel1
1607,90,channel1
1608,182,channel1
1609,182,channel1
1610,101,channel1
1611,70,channel1
1612,89,channel1
1613,101,channel1
1614,113,channel1
1615,118,channel1
1616,95,channel1
1617,104,channel1
1618,121,channel1
1619,192,channel1
1620,200,channel1
1621,227,channel1
1622,251,channel1
1623,177,channel1
1624,220,channel1
1625,179,channel1
1626,190,channel1
1627,226,channel1
1628,105,channel1
1629,73,channel1
1630,140,channel1
1631,80,channel1
1632,121,channel1
1633,100,channel1
1634,151,channel1
1635,143,channel1
1636,202,channel1
1637,119,channel1
1638,58,channel1
1639,115,channel1
1640,83,channel1
1641,195,channel1
1642,185,channel1
1643,182,channel1
1644,131,channel1
1645,125,channel1
1646,172,channel1
1647,164,channel1
1648,177,channel1
1649,147,channel1
1650,99,channel1
1651,118,channel1
1652,66,channel1
1653,75,channel1
1654,115,channel1
1655,208,channel1
1656,98,channel1
1657,169,channel1
1658,209,channel1
1659,203,channel1
1660,108,channel1
1661,143,channel1
1662,89,channel1
1663,76,channel1
1664,201,channel1
1665,100,channel1
1666,91,channel1
1667,77,channel1
1668,100,channel1
1669,127,channel1
1670,151,channel1
1671,151,channel1
1672,121,channel1
1673,154,channel1
1674,136,channel1
1675,244,channel1
1676,222,channel1
1677,187,channel1
1678,147,channel1
1679,207,channel1
1680,96,channel1
1681,164,channel1
1682,136,channel1
1683,177,channel1
1684,140,channel1
1685,94,channel1
1686,112,channel1
1687,109,channel1
1688,136,channel1
1689,198,channel1
1690,93,channel1
1691,151,channel1
1692,99,channel1
1693,204,channel1
1694,147,channel1
1695,86,channel1
1696,129,channel1
1697,207,channel1
1698,102,channel1
1699,104,channel1
1700,104,channel1
1701,213,channel1
1702,126,channel1
1703,174,channel1
1704,92,channel1
1705,156,channel1
1706,81,channel1
1707,79,channel1
1708,90,channel1
1709,164,channel1
1710,178,channel1
1711,103,channel1
1712,85,channel1
1713,113,channel1
1714,110,channel1
1715,97,channel1
1716,106,channel1
1717,130,channel1
1718,104,channel1
1719,97,channel1
1720,150,channel1
1721,140,channel1
1722,97,channel1
1723,98,channel1
1724,102,channel1
1725,112,channel1
1726,166,channel1
1727,118,channel1
1728,115,channel1
1729,138,channel1
1730,105,channel1
1731,130,channel1
1732,77,channel1
1733,90,channel1
1734,130,channel1
1735,116,channel1
1736,131,channel1
1737,103,channel1
1738,88,channel1
1739,73,channel1
1740,83,channel1
1741,101,channel1
1742,101,channel1
1743,91,channel1
1744,77,channel1
1745,109,channel1
1746,100,channel1
1747,130,channel1
1748,193,channel1
1749,175,channel1
1750,108,channel1
1751,138,channel1
1752,116,channel1
1753,109,channel1
1754,105,channel1
1755,113,channel1
1756,101,channel1
1757,121,channel1
1758,90,channel1
1759,109,channel1
1760,120,channel1
1761,96,channel1
1762,154,channel1
1763,158,channel1
1764,108,channel1
1765,111,channel1
1766,94,channel1
1767,86,channel1
1768,83,channel1
1769,77,channel1
1770,121,channel1
1771,116,channel1
1772,145,channel1
1773,69,channel1
1774,123,channel1
1775,109,channel1
1776,111,channel1
1777,86,channel1
1778,88,channel1
1779,62,channel1
1780,90,channel1
1781,100,channel1
1782,98,channel1
1783,89,channel1
1784,71,channel1
1785,61,channel1
1786,99,channel1
1787,67,channel1
1788,85,channel1
1789,77,channel1
1790,81,channel1
1791,88,channel1
1792,86,channel1
1793,111,channel1
1794,125,channel1
1795,121,channel1
1796,67,channel1
1797,91,channel1
1798,72,channel1
1799,99,channel1
1800,100,channel1
1801,81,channel1
1802,90,channel1
1803,81,channel1
1804,62,channel1
1805,80,channel1
1806,85,channel1
1807,142,channel1
1808,115,channel1
1809,96,channel1
1810,111,channel1
1811,125,channel1
1812,128,channel1
1813,126,channel1
1814,89,channel1
1815,130,channel1
1816,106,channel1
1817,86,channel1
1818,180,channel1
1819,130,channel1
1820,87,channel1
1821,170,channel1
1822,86,channel1
1823,68,channel1
1824,90,channel1
1825,156,channel1
1826,101,channel1
1827,79,channel1
1828,147,channel1
1829,65,channel1
1830,82,channel1
1831,97,channel1
1832,105,channel1
1833,98,channel1
1834,109,channel1
1835,109,channel1
1836,68,channel1
1837,77,channel1
1838,91,channel1
1839,85,channel1
1840,56,channel1
1841,96,channel1
1842,89,channel1
1843,82,channel1
1844,98,channel1
1845,86,channel1
1846,97,channel1
1847,97,channel1
1848,78,channel1
1849,97,channel1
1850,125,channel1
1851,121,channel1
1852,113,channel1
1853,104,channel1
1854,79,channel1
1855,125,channel1
1856,100,channel1
1857,89,channel1
1858,102,channel1
1859,108,channel1
1860,158,channel1
1861,109,channel1
1862,82,channel1
1863,101,channel1
1864,102,channel1
1865,93,channel1
1866,103,channel1
1867,93,channel1
1868,70,channel1
1869,73,channel1
1870,103,channel1
1871,90,channel1
1872,65,channel1
1873,82,channel1
1874,89,channel1
1875,84,channel1
1876,83,channel1
1877,88,channel1
1878,115,channel1
1879,106,channel1
1880,107,channel1
1881,138,channel1
1882,133,channel1
1883,215,channel1
1884,192,channel1
1885,128,channel1
1886,101,channel1
1887,91,channel1
1888,96,channel1
1889,102,channel1
1890,90,channel1
1891,120,channel1
1892,89,channel1
1893,74,channel1
1894,67,channel1
1895,89,channel1
1896,103,channel1
1897,91,channel1
1898,113,channel1
1899,105,channel1
1900,88,channel1
1901,85,channel1
1902,79,channel1
1903,78,channel1
1904,72,channel1
1905,85,channel1
1906,80,channel1
1907,98,channel1
1908,76,channel1
1909,86,channel1
1910,94,channel1
1911,95,channel1
1912,76,channel1
1913,86,channel1
1914,176,channel1
1915,205,channel1
1916,197,channel1
1917,178,channel1
1918,66,channel1
1919,76,channel1
1920,91,channel1
1921,96,channel1
1922,100,channel1
1923,126,channel1
1924,78,channel1
1925,77,channel1
1926,85,channel1
1927,85,channel1
1928,95,channel1
1929,115,channel1
1930,103,channel1
1931,104,channel1
1932,98,channel1
1933,170,channel1
1934,92,channel1
1935,66,channel1
1936,112,channel1
1937,151,channel1
1938,159,channel1
1939,156,channel1
1940,166,channel1
1941,104,channel1
1942,87,channel1
1943,109,channel1
1944,132,channel1
1945,95,channel1
1946,80,channel1
1947,89,channel1
1948,201,channel1
1949,205,channel1
1950,94,channel1
1951,91,channel1
1952,106,channel1
1953,136,channel1
1954,99,channel1
1955,84,channel1
1956,86,channel1
1957,108,channel1
1958,174,channel1
1959,169,channel1
1960,96,channel1
1961,140,channel1
1962,87,channel1
1963,90,channel1
1964,87,channel1
1965,113,channel1
1966,88,channel1
1967,93,channel1
1968,166,channel1
1969,112,channel1
1970,106,channel1
1971,118,channel1
1972,151,channel1
1973,217,channel1
1974,192,channel1
1975,203,channel1
1976,116,channel1
1977,126,channel1
1978,129,channel1
1979,97,channel1
1980,84,channel1
1981,156,channel1
1982,214,channel1
1983,156,channel1
1984,156,channel1
1985,108,channel1
1986,86,channel1
1987,94,channel1
1988,166,channel1
1989,143,channel1
1990,177,channel1
1991,165,channel1
1992,96,channel1
1993,97,channel1
1994,119,channel1
1995,100,channel1
1996,122,channel1
1997,128,channel1
1998,100,channel1
1999,91,channel1
2000,122,channel1
2001,169,channel1
2002,174,channel1
2003,140,channel1
2004,108,channel1
2005,99,channel1
2006,98,channel1
2007,120,channel1
2008,104,channel1
2009,204,channel1
2010,105,channel1
2011,174,channel1
2012,150,channel1
2013,203,channel1
2014,101,channel1
2015,112,channel1
2016,87,channel1
2017,99,channel1
2018,223,channel1
2019,133,channel1
2020,104,channel1
2021,203,channel1
2022,249,channel1
2023,213,channel1
2024,126,channel1
2025,164,channel1
2026,197,channel1
2027,174,channel1
2028,248,channel1
2029,213,channel1
2030,216,channel1
2031,169,channel1
2032,106,channel1
2033,126,channel1
2034,80,channel1
2035,165,channel1
2036,165,channel1
2037,140,channel1
2038,197,channel1
2039,216,channel1
2040,116,channel1
2041,98,channel1
2042,93,channel1
2043,143,channel1
2044,172,channel1
2045,179,channel1
2046,90,channel1
2047,115,channel1
2048,126,channel1
2049,246,channel1
2050,151,channel1
2051,192,channel1
2052,112,channel1
2053,239,channel1
2054,210,channel1
2055,221,channel1
2056,86,channel1
2057,151,channel1
2058,83,channel1
2059,96,channel1
2060,103,channel1
2061,104,channel1
2062,99,channel1
2063,177,channel1
2064,172,channel1
2065,136,channel1
2066,97,channel1
2067,115,channel1
2068,101,channel1
2069,97,channel1
2070,156,channel1
2071,91,channel1
2072,91,channel1
2073,154,channel1
2074,208,channel1
2075,136,channel1
2076,122,channel1
2077,130,channel1
2078,192,channel1
2079,103,channel1
2080,120,channel1
2081,121,channel1
2082,90,channel1
2083,81,channel1
2084,81,channel1
2085,80,channel1
2086,79,channel1
2087,80,channel1
2088,136,channel1
2089,195,channel1
2090,209,channel1
2091,213,channel1
2092,187,channel1
2093,159,channel1
2094,102,channel1
2095,126,channel1
2096,75,channel1
2097,120,channel1
2098,100,channel1
2099,87,channel1
2100,169,channel1
2101,143,channel1
2102,143,channel1
2103,92,channel1
2104,128,channel1
2105,121,channel1
2106,101,channel1
2107,97,channel1
2108,77,channel1
2109,105,channel1
2110,98,channel1
2111,126,channel1
2112,116,channel1
2113,99,channel1
2114,85,channel1
2115,131,channel1
2116,138,channel1
2117,94,channel1
2118,84,channel1
2119,96,channel1
2120,128,channel1
2121,116,channel1
2122,97,channel1
2123,86,channel1
2124,102,channel1
2125,83,channel1
2126,67,channel1
2127,80,channel1
2128,89,channel1
2129,69,channel1
2130,72,channel1
2131,104,channel1
2132,101,channel1
2133,113,channel1
2134,126,channel1
2135,65,channel1
2136,81,channel1
2137,94,channel1
2138,78,channel1
2139,95,channel1
2140,109,channel1
2141,91,channel1
2142,89,channel1
2143,75,channel1
2144,135,channel1
2145,133,channel1
2146,120,channel1
2147,80,channel1
2148,80,channel1
2149,81,channel1
2150,85,channel1
2151,135,channel1
2152,135,channel1
2153,89,channel1
2154,113,channel1
2155,80,channel1
2156,87,channel1
2157,72,channel1
2158,159,channel1
2159,131,channel1
2160,103,channel1
2161,100,channel1
2162,85,channel1
2163,96,channel1
2164,90,channel1
2165,91,channel1
2166,87,channel1
2167,109,channel1
2168,100,channel1
2169,83,channel1
2170,92,channel1
2171,83,channel1
2172,77,channel1
2173,153,channel1
2174,103,channel1
2175,130,channel1
2176,82,channel1
2177,86,channel1
2178,86,channel1
2179,80,channel1
2180,85,channel1
2181,92,channel1
2182,140,channel1
2183,101,channel1
2184,78,channel1
2185,147,channel1
2186,142,channel1
2187,89,channel1
2188,86,channel1
2189,92,channel1
2190,93,channel1
2191,61,channel1
2192,81,channel1
2193,96,channel1
2194,54,channel1
2195,173,channel1
2196,173,channel1
2197,81,channel1
2198,88,channel1
2199,81,channel1
2200,56,channel1
2201,66,channel1
2202,99,channel1
2203,101,channel1
2204,90,channel1
2205,120,channel1
2206,116,channel1
2207,90,channel1
2208,88,channel1
2209,135,channel1
2210,214,channel1
2211,109,channel1
2212,133,channel1
2213,118,channel1
2214,99,channel1
2215,103,channel1
2216,78,channel1
2217,86,channel1
2218,97,channel1
2219,71,channel1
2220,83,channel1
2221,87,channel1
2222,76,channel1
2223,88,channel1
2224,104,channel1
2225,95,channel1
2226,81,channel1
2227,86,channel1
2228,93,channel1
2229,113,channel1
2230,78,channel1
2231,70,channel1
2232,82,channel1
2233,75,channel1
2234,95,channel1
2235,63,channel1
2236,76,channel1
2237,96,channel1
2238,86,channel1
2239,72,channel1
2240,68,channel1
2241,91,channel1
2242,100,channel1
2243,102,channel1
2244,101,channel1
2245,130,channel1
2246,106,channel1
2247,95,channel1
2248,82,channel1
2249,76,channel1
2250,80,channel1
2251,91,channel1
2252,71,channel1
2253,61,channel1
2254,73,channel1
2255,71,channel1
2256,98,channel1
2257,76,channel1
2258,108,channel1
2259,69,channel1
2260,77,channel1
2261,104,channel1
2262,103,channel1
2263,84,channel1
2264,75,channel1
2265,104,channel1
2266,138,channel1
2267,109,channel1
2268,93,channel1
2269,80,channel1
2270,95,channel1
2271,89,channel1
2272,88,channel1
2273,82,channel1
2274,96,channel1
2275,101,channel1
2276,96,channel1
2277,114,channel1
2278,105,channel1
2279,83,channel1
2280,101,channel1
2281,136,channel1
2282,166,channel1
2283,88,channel1
2284,114,channel1
2285,93,channel1
2286,66,channel1
2287,78,channel1
2288,75,channel1
2289,93,channel1
2290,100,channel1
2291,115,channel1
2292,57,channel1
2293,80,channel1
2294,82,channel1
2295,81,channel1
2296,58,channel1
2297,111,channel1
2298,119,channel1
2299,80,channel1
2300,121,channel1
2301,95,channel1
2302,91,channel1
2303,115,channel1
2304,93,channel1
2305,89,channel1
2306,70,channel1
2307,74,channel1
2308,90,channel1
2309,91,channel1
2310,125,channel1
2311,192,channel1
2312,97,channel1
2313,98,channel1
2314,150,channel1
2315,65,channel1
2316,125,channel1
2317,71,channel1
2318,179,channel1
2319,200,channel1
2320,123,channel1
2321,83,channel1
2322,71,channel1
2323,112,channel1
2324,105,channel1
2325,79,channel1
2326,87,channel1
2327,60,channel1
2328,53,channel1
2329,93,channel1
2330,140,channel1
2331,204,channel1
2332,151,channel1
2333,54,channel1
2334,84,channel1
2335,90,channel1
2336,83,channel1
2337,100,channel1
2338,101,channel1
2339,177,channel1
2340,140,channel1
2341,101,channel1
2342,105,channel1
2343,235,channel1
2344,209,channel1
2345,208,channel1
2346,84,channel1
2347,90,channel1
2348,185,channel1
2349,207,channel1
2350,89,channel1
2351,70,channel1
2352,97,channel1
2353,61,channel1
2354,166,channel1
2355,154,channel1
2356,101,channel1
2357,75,channel1
2358,150,channel1
2359,201,channel1
2360,147,channel1
2361,54,channel1
2362,53,channel1
2363,126,channel1
2364,96,channel1
2365,150,channel1
2366,166,channel1
2367,126,channel1
2368,106,channel1
2369,56,channel1
2370,161,channel1
2371,228,channel1
2372,87,channel1
2373,77,channel1
2374,58,channel1
2375,130,channel1
2376,87,channel1
2377,72,channel1
2378,166,channel1
2379,208,channel1
2380,235,channel1
2381,197,channel1
2382,140,channel1
2383,97,channel1
2384,67,channel1
2385,103,channel1
2386,89,channel1
2387,80,channel1
2388,71,channel1
2389,73,channel1
2390,96,channel1
2391,201,channel1
2392,236,channel1
2393,150,channel1
2394,108,channel1
2395,123,channel1
2396,151,channel1
2397,212,channel1
2398,136,channel1
2399,159,channel1
2400,69,channel1
2401,129,channel1
2402,187,channel1
2403,106,channel1
2404,153,channel1
2405,153,channel1
2406,119,channel1
2407,108,channel1
2408,174,channel1
2409,159,channel1
2410,192,channel1
2411,204,channel1
2412,140,channel1
2413,161,channel1
2414,108,channel1
2415,179,channel1
2416,74,channel1
2417,81,channel1
2418,147,channel1
2419,201,channel1
2420,197,channel1
2421,94,channel1
2422,74,channel1
2423,85,channel1
2424,126,channel1
2425,97,channel1
2426,108,channel1
2427,192,channel1
2428,174,channel1
2429,73,channel1
2430,68,channel1
2431,202,channel1
2432,89,channel1
2433,85,channel1
2434,71,channel1
2435,85,channel1
2436,147,channel1
2437,200,channel1
2438,81,channel1
2439,96,channel1
2440,92,channel1
2441,150,channel1
2442,120,channel1
2443,77,channel1
2444,90,channel1
2445,101,channel1
2446,108,channel1
2447,156,channel1
2448,121,channel1
2449,98,channel1
2450,98,channel1
2451,101,channel1
2452,75,channel1
2453,82,channel1
2454,150,channel1
2455,103,channel1
2456,143,channel1
2457,82,channel1
2458,78,channel1
2459,131,channel1
2460,120,channel1
2461,113,channel1
2462,192,channel1
2463,100,channel1
2464,97,channel1
2465,103,channel1
2466,192,channel1
2467,147,channel1
2468,115,channel1
2469,115,channel1
2470,200,channel1
2471,163,channel1
2472,80,channel1
2473,71,channel1
2474,84,channel1
2475,95,channel1
2476,125,channel1
2477,100,channel1
2478,65,channel1
2479,61,channel1
2480,74,channel1
2481,59,channel1
2482,87,channel1
2483,116,channel1
2484,46,channel1
2485,73,channel1
2486,80,channel1
2487,110,channel1
2488,106,channel1
2489,104,channel1
2490,98,channel1
2491,121,channel1
2492,111,channel1
2493,136,channel1
2494,136,channel1
2495,138,channel1
2496,94,channel1
2497,83,channel1
2498,195,channel1
2499,161,channel1
2500,76,channel1
2501,88,channel1
2502,98,channel1
2503,87,channel1
2504,113,channel1
2505,109,channel1
2506,100,channel1
2507,85,channel1
2508,111,channel1
2509,101,channel1
2510,90,channel1
2511,192,channel1
2512,93,channel1
2513,86,channel1
2514,88,channel1
2515,87,channel1
2516,77,channel1
2517,130,channel1
2518,74,channel1
2519,93,channel1
2520,90,channel1
2521,95,channel1
2522,101,channel1
2523,147,channel1
2524,88,channel1
2525,92,channel1
2526,81,channel1
2527,81,channel1
2528,103,channel1
2529,89,channel1
2530,133,channel1
2531,85,channel1
2532,81,channel1
2533,86,channel1
2534,86,channel1
2535,84,channel1
2536,131,channel1
2537,115,channel1
2538,148,channel1
2539,101,channel1
2540,91,channel1
2541,75,channel1
2542,98,channel1
2543,116,channel1
2544,95,channel1
2545,123,channel1
2546,73,channel1
2547,83,channel1
2548,96,channel1
2549,93,channel1
2550,98,channel1
2551,121,channel1
2552,68,channel1
2553,69,channel1
2554,78,channel1
2555,85,channel1
2556,78,channel1
2557,95,channel1
2558,84,channel1
2559,60,channel1
2560,88,channel1
2561,66,channel1
2562,76,channel1
2563,75,channel1
2564,103,channel1
2565,104,channel1
2566,93,channel1
2567,94,channel1
2568,101,channel1
2569,72,channel1
2570,93,channel1
2571,87,channel1
2572,154,channel1
2573,118,channel1
2574,82,channel1
2575,85,channel1
2576,80,channel1
2577,104,channel1
2578,109,channel1
2579,93,channel1
2580,103,channel1
2581,67,channel1
2582,64,channel1
2583,67,channel1
2584,50,channel1
2585,142,channel1
2586,106,channel1
2587,110,channel1
2588,135,channel1
2589,87,channel1
2590,78,channel1
2591,115,channel1
2592,111,channel1
2593,80,channel1
2594,64,channel1
2595,92,channel1
2596,98,channel1
2597,90,channel1
2598,88,channel1
2599,85,channel1
2600,85,channel1
2601,86,channel1
2602,81,channel1
2603,96,channel1
2604,76,channel1
2605,95,channel1
2606,84,channel1
2607,74,channel1
2608,70,channel1
2609,73,channel1
2610,78,channel1
2611,85,channel1
2612,79,channel1
2613,64,channel1
2614,66,channel1
2615,83,channel1
2616,85,channel1
2617,103,channel1
2618,80,channel1
2619,80,channel1
2620,76,channel1
2621,79,channel1
2622,81,channel1
2623,89,channel1
2624,101,channel1
2625,180,channel1
2626,165,channel1
2627,97,channel1
2628,171,channel1
2629,99,channel1
2630,90,channel1
2631,82,channel1
2632,79,channel1
2633,71,channel1
2634,57,channel1
2635,82,channel1
2636,79,channel1
2637,67,channel1
2638,79,channel1
2639,75,channel1
2640,80,channel1
2641,109,channel1
2642,236,channel1
2643,86,channel1
2644,89,channel1
2645,95,channel1
2646,113,channel1
2647,84,channel1
2648,65,channel1
2649,75,channel1
2650,78,channel1
2651,85,channel1
2652,82,channel1
2653,74,channel1
2654,92,channel1
2655,77,channel1
2656,73,channel1
2657,77,channel1
2658,126,channel1
2659,112,channel1
2660,97,channel1
2661,65,channel1
2662,97,channel1
2663,103,channel1
2664,118,channel1
2665,87,channel1
2666,121,channel1
2667,75,channel1
2668,76,channel1
2669,101,channel1
2670,93,channel1
2671,93,channel1
2672,125,channel1
2673,81,channel1
2674,76,channel1
2675,83,channel1
2676,86,channel1
2677,91,channel1
2678,89,channel1
2679,85,channel1
2680,83,channel1
2681,86,channel1
2682,77,channel1
2683,72,channel1
2684,80,channel1
2685,156,channel1
2686,86,channel1
2687,119,channel1
2688,209,channel1
2689,185,channel1
2690,140,channel1
2691,67,channel1
2692,105,channel1
2693,77,channel1
2694,102,channel1
2695,169,channel1
2696,190,channel1
2697,88,channel1
2698,101,channel1
2699,91,channel1
2700,107,channel1
2701,85,channel1
2702,105,channel1
2703,59,channel1
2704,87,channel1
2705,87,channel1
2706,195,channel1
2707,228,channel1
2708,244,channel1
2709,221,channel1
2710,204,channel1
2711,102,channel1
2712,86,channel1
2713,113,channel1
2714,96,channel1
2715,79,channel1
2716,105,channel1
2717,204,channel1
2718,113,channel1
2719,77,channel1
2720,112,channel1
2721,102,channel1
2722,122,channel1
2723,187,channel1
2724,251,channel1
2725,190,channel1
2726,96,channel1
2727,187,channel1
2728,228,channel1
2729,262,channel1
2730,104,channel1
2731,105,channel1
2732,116,channel1
2733,179,channel1
2734,169,channel1
2735,121,channel1
2736,161,channel1
2737,111,channel1
2738,201,channel1
2739,214,channel1
2740,208,channel1
2741,116,channel1
2742,109,channel1
2743,150,channel1
2744,147,channel1
2745,81,channel1
2746,76,channel1
2747,182,channel1
2748,166,channel1
2749,227,channel1
2750,244,channel1
2751,226,channel1
2752,241,channel1
2753,92,channel1
2754,81,channel1
2755,85,channel1
2756,119,channel1
2757,218,channel1
2758,169,channel1
2759,207,channel1
2760,125,channel1
2761,207,channel1
2762,209,channel1
2763,232,channel1
2764,221,channel1
2765,82,channel1
2766,101,channel1
2767,143,channel1
2768,119,channel1
2769,192,channel1
2770,164,channel1
2771,182,channel1
2772,88,channel1
2773,131,channel1
2774,174,channel1
2775,95,channel1
2776,89,channel1
2777,133,channel1
2778,154,channel1
2779,86,channel1
2780,103,channel1
2781,99,channel1
2782,129,channel1
2783,140,channel1
2784,128,channel1
2785,126,channel1
2786,151,channel1
2787,214,channel1
2788,126,channel1
2789,174,channel1
2790,82,channel1
2791,103,channel1
2792,105,channel1
2793,72,channel1
2794,69,channel1
2795,83,channel1
2796,105,channel1
2797,106,channel1
2798,126,channel1
2799,99,channel1
2800,72,channel1
2801,85,channel1
2802,80,channel1
2803,88,channel1
2804,75,channel1
2805,90,channel1
2806,97,channel1
2807,80,channel1
2808,87,channel1
2809,128,channel1
2810,108,channel1
2811,109,channel1
2812,129,channel1
2813,86,channel1
2814,96,channel1
2815,89,channel1
2816,100,channel1
2817,112,channel1
2818,106,channel1
2819,103,channel1
2820,80,channel1
2821,73,channel1
2822,86,channel1
2823,94,channel1
2824,86,channel1
2825,87,channel1
2826,69,channel1
2827,81,channel1
2828,97,channel1
2829,147,channel1
2830,105,channel1
2831,97,channel1
2832,82,channel1
2833,108,channel1
2834,63,channel1
2835,58,channel1
2836,106,channel1
2837,104,channel1
2838,81,channel1
2839,90,channel1
2840,79,channel1
2841,93,channel1
2842,82,channel1
2843,76,channel1
2844,66,channel1
2845,90,channel1
2846,105,channel1
2847,95,channel1
2848,91,channel1
2849,84,channel1
2850,101,channel1
2851,102,channel1
2852,77,channel1
2853,69,channel1
2854,86,channel1
2855,70,channel1
2856,62,channel1
2857,103,channel1
2858,106,channel1
2859,91,channel1
2860,96,channel1
2861,99,channel1
2862,108,channel1
2863,106,channel1
2864,86,channel1
2865,147,channel1
2866,171,channel1
2867,147,channel1
2868,81,channel1
2869,83,channel1
2870,115,channel1
2871,99,channel1
2872,90,channel1
2873,66,channel1
2874,89,channel1
2875,111,channel1
2876,118,channel1
2877,73,channel1
2878,102,channel1
2879,72,channel1
2880,84,channel1
2881,76,channel1
2882,78,channel1
2883,67,channel1
2884,65,channel1
2885,72,channel1
2886,105,channel1
2887,150,channel1
2888,83,channel1
2889,75,channel1
2890,97,channel1
2891,95,channel1
2892,87,channel1
2893,92,channel1
2894,83,channel1
2895,76,channel1
2896,101,channel1
2897,88,channel1
2898,79,channel1
2899,89,channel1
2900,107,channel1
2901,113,channel1
2902,103,channel1
2903,121,channel1
2904,108,channel1
2905,90,channel1
2906,89,channel1
2907,97,channel1
2908,89,channel1
2909,84,channel1
2910,82,channel1
2911,77,channel1
2912,96,channel1
2913,104,channel1
2914,100,channel1
2915,84,channel1
2916,98,channel1
2917,67,channel1
2918,68,channel1
2919,97,channel1
2920,83,channel1
2921,55,channel1
2922,69,channel1
2923,92,channel1
2924,58,channel1
2925,67,channel1
2926,75,channel1
2927,63,channel1
2928,59,channel1
2929,52,channel1
2930,77,channel1
2931,59,channel1
2932,68,channel1
2933,82,channel1
2934,122,channel1
2935,110,channel1
2936,99,channel1
2937,63,channel1
2938,93,channel1
2939,106,channel1
2940,80,channel1
2941,104,channel1
2942,84,channel1
2943,90,channel1
2944,84,channel1
2945,64,channel1
2946,62,channel1
2947,81,channel1
2948,121,channel1
2949,67,channel1
2950,64,channel1
2951,86,channel1
2952,87,channel1
2953,98,channel1
2954,110,channel1
2955,116,channel1
2956,101,channel1
2957,70,channel1
2958,89,channel1
2959,69,channel1
2960,67,channel1
2961,53,channel1
2962,66,channel1
2963,84,channel1
2964,88,channel1
2965,74,channel1
2966,96,channel1
2967,69,channel1
2968,73,channel1
2969,138,channel1
2970,86,channel1
2971,103,channel1
2972,90,channel1
2973,104,channel1
2974,78,channel1
2975,67,channel1
2976,99,channel1
2977,101,channel1
2978,58,channel1
2979,54,channel1
2980,63,channel1
2981,99,channel1
2982,80,channel1
2983,73,channel1
2984,66,channel1
2985,89,channel1
2986,70,channel1
2987,70,channel1
2988,61,channel1
2989,103,channel1
2990,88,channel1
2991,86,channel1
2992,98,channel1
2993,79,channel1
2994,82,channel1
2995,85,channel1
2996,70,channel1
2997,45,channel1
2998,49,channel1
2999,60,channel1
3000,50,channel1
3001,61,channel1
3002,51,channel1
3003,67,channel1
3004,42,channel1
3005,64,channel1
3006,85,channel1
3007,136,channel1
3008,103,channel1
3009,79,channel1
3010,49,channel1
3011,75,channel1
3012,99,channel1
3013,68,channel1
3014,101,channel1
3015,81,channel1
3016,102,channel1
3017,68,channel1
3018,116,channel1
3019,118,channel1
3020,54,channel1
3021,51,channel1
3022,45,channel1
3023,35,channel1
3024,43,channel1
3025,63,channel1
3026,62,channel1
3027,54,channel1
3028,66,channel1
3029,91,channel1
3030,54,channel1
3031,81,channel1
3032,88,channel1
3033,71,channel1
3034,74,channel1
3035,80,channel1
3036,81,channel1
3037,67,channel1
3038,63,channel1
3039,72,channel1
3040,97,channel1
3041,104,channel1
3042,87,channel1
3043,68,channel1
3044,62,channel1
3045,70,channel1
3046,85,channel1
3047,76,channel1
3048,67,channel1
3049,108,channel1
3050,123,channel1
3051,109,channel1
3052,74,channel1
3053,97,channel1
3054,102,channel1
3055,87,channel1
3056,101,channel1
3057,151,channel1
3058,63,channel1
3059,74,channel1
3060,100,channel1
3061,101,channel1
3062,111,channel1
3063,96,channel1
3064,97,channel1
3065,94,channel1
3066,100,channel1
3067,177,channel1
3068,121,channel1
3069,80,channel1
3070,92,channel1
3071,147,channel1
3072,214,channel1
3073,221,channel1
3074,242,channel1
3075,150,channel1
3076,133,channel1
3077,74,channel1
3078,73,channel1
3079,62,channel1
3080,69,channel1
3081,67,channel1
3082,73,channel1
3083,79,channel1
3084,89,channel1
3085,67,channel1
3086,76,channel1
3087,140,channel1
3088,205,channel1
3089,223,channel1
3090,241,channel1
3091,220,channel1
3092,108,channel1
3093,224,channel1
3094,206,channel1
3095,223,channel1
3096,192,channel1
3097,241,channel1
3098,90,channel1
3099,87,channel1
3100,159,channel1
3101,77,channel1
3102,85,channel1
3103,115,channel1
3104,87,channel1
3105,65,channel1
3106,58,channel1
3107,57,channel1
3108,119,channel1
3109,177,channel1
3110,195,channel1
3111,240,channel1
3112,254,channel1
3113,247,channel1
3114,217,channel1
3115,266,channel1
3116,261,channel1
3117,129,channel1
3118,201,channel1
3119,227,channel1
3120,207,channel1
3121,253,channel1
3122,182,channel1
3123,224,channel1
3124,143,channel1
3125,90,channel1
3126,104,channel1
3127,98,channel1
3128,81,channel1
3129,119,channel1
3130,161,channel1
3131,143,channel1
3132,166,channel1
3133,190,channel1
3134,238,channel1
3135,232,channel1
3136,209,channel1
3137,197,channel1
3138,217,channel1
3139,216,channel1
3140,93,channel1
3141,94,channel1
3142,83,channel1
3143,166,channel1
3144,126,channel1
3145,223,channel1
3146,161,channel1
3147,225,channel1
3148,203,channel1
3149,232,channel1
3150,200,channel1
3151,182,channel1
3152,89,channel1
3153,129,channel1
3154,84,channel1
3155,102,channel1
3156,105,channel1
3157,70,channel1
3158,73,channel1
3159,61,channel1
3160,82,channel1
3161,151,channel1
3162,200,channel1
3163,182,channel1
3164,71,channel1
3165,74,channel1
3166,81,channel1
3167,143,channel1
3168,119,channel1
3169,187,channel1
3170,214,channel1
3171,161,channel1
3172,63,channel1
3173,68,channel1
3174,71,channel1
3175,129,channel1
3176,102,channel1
3177,140,channel1
3178,62,channel1
3179,87,channel1
3180,115,channel1
3181,70,channel1
3182,65,channel1
3183,98,channel1
3184,89,channel1
3185,85,channel1
3186,140,channel1
3187,62,channel1
3188,81,channel1
3189,65,channel1
3190,97,channel1
3191,71,channel1
3192,61,channel1
3193,81,channel1
3194,119,channel1
3195,115,channel1
3196,76,channel1
3197,65,channel1
3198,108,channel1
3199,67,channel1
3200,101,channel1
3201,57,channel1
3202,70,channel1
3203,68,channel1
3204,65,channel1
3205,62,channel1
3206,58,channel1
3207,62,channel1
3208,68,channel1
3209,59,channel1
3210,53,channel1
3211,64,channel1
3212,99,channel1
3213,106,channel1
3214,85,channel1
3215,78,channel1
3216,73,channel1
3217,69,channel1
3218,79,channel1
3219,63,channel1
3220,55,channel1
3221,57,channel1
3222,73,channel1
3223,76,channel1
3224,68,channel1
3225,87,channel1
3226,62,channel1
3227,57,channel1
3228,63,channel1
3229,85,channel1
3230,69,channel1
3231,79,channel1
3232,103,channel1
3233,73,channel1
3234,52,channel1
3235,60,channel1
3236,62,channel1
3237,72,channel1
3238,74,channel1
3239,59,channel1
3240,64,channel1
3241,64,channel1
3242,70,channel1
3243,102,channel1
3244,81,channel1
3245,75,channel1
3246,65,channel1
3247,66,channel1
3248,66,channel1
3249,58,channel1
3250,104,channel1
3251,102,channel1
3252,80,channel1
3253,102,channel1
3254,135,channel1
3255,101,channel1
3256,58,channel1
3257,70,channel1
3258,77,channel1
3259,56,channel1
3260,62,channel1
3261,69,channel1
3262,63,channel1
3263,64,channel1
3264,66,channel1
3265,79,channel1
3266,66,channel1
3267,71,channel1
3268,61,channel1
3269,53,channel1
3270,66,channel1
3271,76,channel1
3272,66,channel1
3273,82,channel1
3274,74,channel1
3275,74,channel1
3276,73,channel1
3277,76,channel1
3278,75,channel1
3279,75,channel1
3280,94,channel1
3281,90,channel1
3282,96,channel1
3283,62,channel1
3284,52,channel1
3285,63,channel1
3286,80,channel1
3287,62,channel1
3288,58,channel1
3289,45,channel1
3290,45,channel1
3291,61,channel1
3292,59,channel1
3293,47,channel1
3294,56,channel1
3295,58,channel1
3296,65,channel1
3297,66,channel1
3298,61,channel1
3299,56,channel1
3300,53,channel1
3301,87,channel1
3302,82,channel1
3303,66,channel1
3304,62,channel1
3305,59,channel1
3306,62,channel1
3307,98,channel1
3308,83,channel1
3309,82,channel1
3310,53,channel1
3311,58,channel1
3312,120,channel1
3313,161,channel1
3314,63,channel1
3315,59,channel1
3316,68,channel1
3317,76,channel1
3318,72,channel1
3319,98,channel1
3320,85,channel1
3321,83,channel1
3322,79,channel1
3323,81,channel1
3324,61,channel1
3325,59,channel1
3326,70,channel1
3327,60,channel1
3328,52,channel1
3329,56,channel1
3330,51,channel1
3331,54,channel1
3332,58,channel1
3333,55,channel1
3334,63,channel1
3335,84,channel1
3336,63,channel1
3337,53,channel1
3338,58,channel1
3339,58,channel1
3340,59,channel1
3341,80,channel1
3342,71,channel1
3343,57,channel1
3344,41,channel1
3345,54,channel1
3346,60,channel1
3347,72,channel1
3348,69,channel1
3349,66,channel1
3350,90,channel1
3351,71,channel1
3352,61,channel1
3353,62,channel1
3354,54,channel1
3355,63,channel1
3356,61,channel1
3357,71,channel1
3358,78,channel1
3359,90,channel1
3360,76,channel1
3361,69,channel1
3362,101,channel1
3363,140,channel1
3364,108,channel1
3365,81,channel1
3366,88,channel1
3367,51,channel1
3368,68,channel1
3369,58,channel1
3370,70,channel1
3371,77,channel1
3372,58,channel1
3373,69,channel1
3374,84,channel1
3375,119,channel1
3376,128,channel1
3377,104,channel1
3378,71,channel1
3379,75,channel1
3380,69,channel1
3381,64,channel1
3382,104,channel1
3383,120,channel1
3384,104,channel1
3385,76,channel1
3386,71,channel1
3387,53,channel1
3388,54,channel1
3389,64,channel1
3390,62,channel1
3391,112,channel1
3392,69,channel1
3393,87,channel1
3394,87,channel1
3395,75,channel1
3396,103,channel1
3397,89,channel1
3398,67,channel1
3399,77,channel1
3400,89,channel1
3401,62,channel1
3402,59,channel1
3403,64,channel1
3404,74,channel1
3405,99,channel1
3406,97,channel1
3407,69,channel1
3408,80,channel1
3409,91,channel1
3410,104,channel1
3411,87,channel1
3412,61,channel1
3413,87,channel1
3414,82,channel1
3415,80,channel1
3416,47,channel1
3417,57,channel1
3418,116,channel1
3419,74,channel1
3420,72,channel1
3421,64,channel1
3422,87,channel1
3423,103,channel1
3424,90,channel1
3425,103,channel1
3426,112,channel1
3427,147,channel1
3428,136,channel1
3429,209,channel1
3430,101,channel1
3431,129,channel1
3432,112,channel1
3433,90,channel1
3434,174,channel1
3435,150,channel1
3436,104,channel1
3437,57,channel1
3438,126,channel1
3439,136,channel1
3440,105,channel1
3441,143,channel1
3442,151,channel1
3443,185,channel1
3444,115,channel1
3445,108,channel1
3446,64,channel1
3447,93,channel1
3448,133,channel1
3449,83,channel1
3450,93,channel1
3451,57,channel1
3452,97,channel1
3453,105,channel1
3454,79,channel1
3455,78,channel1
3456,100,channel1
3457,84,channel1
3458,154,channel1
3459,205,channel1
3460,187,channel1
3461,83,channel1
3462,73,channel1
3463,103,channel1
3464,174,channel1
3465,182,channel1
3466,140,channel1
3467,209,channel1
3468,81,channel1
3469,73,channel1
3470,112,channel1
3471,197,channel1
3472,213,channel1
3473,220,channel1
3474,179,channel1
3475,116,channel1
3476,105,channel1
3477,179,channel1
3478,68,channel1
3479,195,channel1
3480,200,channel1
3481,101,channel1
3482,89,channel1
3483,94,channel1
3484,101,channel1
3485,151,channel1
3486,126,channel1
3487,115,channel1
3488,161,channel1
3489,201,channel1
3490,109,channel1
3491,93,channel1
3492,84,channel1
3493,207,channel1
3494,172,channel1
3495,203,channel1
3496,205,channel1
3497,204,channel1
3498,78,channel1
3499,108,channel1
3500,80,channel1
3501,77,channel1
3502,77,channel1
3503,140,channel1
3504,161,channel1
3505,204,channel1
3506,84,channel1
3507,202,channel1
3508,83,channel1
3509,62,channel1
3510,93,channel1
3511,136,channel1
3512,79,channel1
3513,90,channel1
3514,70,channel1
3515,133,channel1
3516,103,channel1
3517,161,channel1
3518,112,channel1
3519,83,channel1
3520,79,channel1
3521,126,channel1
3522,129,channel1
3523,140,channel1
3524,90,channel1
3525,128,channel1
3526,113,channel1
3527,129,channel1
3528,105,channel1
3529,119,channel1
3530,121,channel1
3531,111,channel1
3532,57,channel1
3533,133,channel1
3534,42,channel1
3535,72,channel1
3536,80,channel1
3537,101,channel1
3538,97,channel1
3539,174,channel1
3540,169,channel1
3541,212,channel1
3542,207,channel1
3543,204,channel1
3544,77,channel1
3545,115,channel1
3546,115,channel1
3547,87,channel1
3548,72,channel1
3549,66,channel1
3550,79,channel1
3551,73,channel1
3552,97,channel1
3553,98,channel1
3554,73,channel1
3555,68,channel1
3556,52,channel1
3557,65,channel1
3558,78,channel1
3559,61,channel1
3560,97,channel1
3561,85,channel1
3562,63,channel1
3563,63,channel1
3564,79,channel1
3565,70,channel1
3566,56,channel1
3567,64,channel1
3568,69,channel1
3569,54,channel1
3570,53,channel1
3571,38,channel1
3572,67,channel1
3573,63,channel1
3574,105,channel1
3575,107,channel1
3576,126,channel1
3577,129,channel1
3578,112,channel1
3579,74,channel1
3580,76,channel1
3581,66,channel1
3582,89,channel1
3583,76,channel1
3584,49,channel1
3585,102,channel1
3586,118,channel1
3587,106,channel1
3588,126,channel1
3589,148,channel1
3590,120,channel1
3591,143,channel1
3592,115,channel1
3593,87,channel1
3594,70,channel1
3595,66,channel1
3596,50,channel1
3597,55,channel1
3598,72,channel1
3599,84,channel1
3600,89,channel1
3601,94,channel1
3602,69,channel1
3603,63,channel1
3604,65,channel1
3605,67,channel1
3606,59,channel1
3607,96,channel1
3608,92,channel1
3609,64,channel1
3610,63,channel1
3611,60,channel1
3612,65,channel1
3613,64,channel1
3614,53,channel1
3615,68,channel1
3616,61,channel1
3617,57,channel1
3618,50,channel1
3619,48,channel1
3620,67,channel1
3621,64,channel1
3622,60,channel1
3623,72,channel1
3624,66,channel1
3625,75,channel1
3626,65,channel1
3627,63,channel1
3628,69,channel1
3629,76,channel1
3630,69,channel1
3631,73,channel1
3632,71,channel1
3633,85,channel1
3634,82,channel1
3635,90,channel1
3636,71,channel1
3637,75,channel1
3638,78,channel1
3639,68,channel1
3640,71,channel1
3641,65,channel1
3642,85,channel1
3643,75,channel1
3644,59,channel1
3645,61,channel1
3646,58,channel1
3647,59,channel1
3648,57,channel1
3649,64,channel1
3650,59,channel1
3651,62,channel1
3652,68,channel1
3653,60,channel1
3654,91,channel1
3655,63,channel1
3656,57,channel1
3657,88,channel1
3658,78,channel1
3659,74,channel1
3660,70,channel1
3661,51,channel1
3662,96,channel1
3663,83,channel1
3664,56,channel1
3665,57,channel1
3666,53,channel1
3667,51,channel1
3668,50,channel1
3669,66,channel1
3670,82,channel1
3671,110,channel1
3672,65,channel1
3673,54,channel1
3674,64,channel1
3675,67,channel1
3676,68,channel1
3677,61,channel1
3678,77,channel1
3679,72,channel1
3680,65,channel1
3681,72,channel1
3682,55,channel1
3683,62,channel1
3684,67,channel1
3685,98,channel1
3686,72,channel1
3687,93,channel1
3688,75,channel1
3689,56,channel1
3690,57,channel1
3691,68,channel1
3692,76,channel1
3693,91,channel1
3694,73,channel1
3695,79,channel1
3696,57,channel1
3697,58,channel1
3698,61,channel1
3699,84,channel1
3700,100,channel1
3701,103,channel1
3702,88,channel1
3703,67,channel1
3704,61,channel1
3705,55,channel1
3706,72,channel1
3707,59,channel1
3708,87,channel1
3709,68,channel1
3710,62,channel1
3711,48,channel1
3712,57,channel1
3713,53,channel1
3714,55,channel1
3715,69,channel1
3716,84,channel1
3717,63,channel1
3718,59,channel1
3719,59,channel1
3720,66,channel1
3721,88,channel1
3722,86,channel1
3723,85,channel1
3724,131,channel1
3725,121,channel1
3726,104,channel1
3727,102,channel1
3728,109,channel1
3729,108,channel1
3730,88,channel1
3731,63,channel1
3732,64,channel1
3733,65,channel1
3734,60,channel1
3735,79,channel1
3736,70,channel1
3737,54,channel1
3738,62,channel1
3739,62,channel1
3740,54,channel1
3741,72,channel1
3742,51,channel1
3743,67,channel1
3744,79,channel1
3745,64,channel1
3746,63,channel1
3747,65,channel1
3748,79,channel1
3749,68,channel1
3750,119,channel1
3751,55,channel1
3752,56,channel1
3753,78,channel1
3754,64,channel1
3755,53,channel1
3756,57,channel1
3757,54,channel1
3758,64,channel1
3759,58,channel1
3760,90,channel1
3761,87,channel1
3762,55,channel1
3763,69,channel1
3764,77,channel1
3765,76,channel1
3766,95,channel1
3767,93,channel1
3768,73,channel1
3769,80,channel1
3770,201,channel1
3771,197,channel1
3772,185,channel1
3773,90,channel1
3774,84,channel1
3775,84,channel1
3776,62,channel1
3777,66,channel1
3778,77,channel1
3779,81,channel1
3780,64,channel1
3781,70,channel1
3782,129,channel1
3783,122,channel1
3784,103,channel1
3785,96,channel1
3786,91,channel1
3787,122,channel1
3788,108,channel1
3789,90,channel1
3790,90,channel1
3791,90,channel1
3792,90,channel1
3793,67,channel1
3794,58,channel1
3795,77,channel1
3796,69,channel1
3797,71,channel1
3798,66,channel1
3799,81,channel1
3800,77,channel1
3801,133,channel1
3802,129,channel1
3803,87,channel1
3804,73,channel1
3805,63,channel1
3806,147,channel1
3807,206,channel1
3808,80,channel1
3809,76,channel1
3810,61,channel1
3811,147,channel1
3812,77,channel1
3813,100,channel1
3814,87,channel1
3815,71,channel1
3816,62,channel1
3817,80,channel1
3818,161,channel1
3819,101,channel1
3820,179,channel1
3821,187,channel1
3822,133,channel1
3823,100,channel1
3824,80,channel1
3825,65,channel1
3826,101,channel1
3827,185,channel1
3828,122,channel1
3829,67,channel1
3830,54,channel1
3831,136,channel1
3832,206,channel1
3833,182,channel1
3834,227,channel1
3835,150,channel1
3836,90,channel1
3837,70,channel1
3838,143,channel1
3839,221,channel1
3840,195,channel1
3841,80,channel1
3842,122,channel1
3843,93,channel1
3844,205,channel1
3845,161,channel1
3846,108,channel1
3847,74,channel1
3848,62,channel1
3849,65,channel1
3850,65,channel1
3851,101,channel1
3852,185,channel1
3853,224,channel1
3854,205,channel1
3855,227,channel1
3856,166,channel1
3857,202,channel1
3858,115,channel1
3859,68,channel1
3860,200,channel1
3861,169,channel1
3862,61,channel1
3863,55,channel1
3864,129,channel1
3865,84,channel1
3866,156,channel1
3867,58,channel1
3868,74,channel1
3869,185,channel1
3870,218,channel1
3871,133,channel1
3872,105,channel1
3873,71,channel1
3874,164,channel1
3875,90,channel1
3876,72,channel1
3877,122,channel1
3878,244,channel1
3879,185,channel1
3880,105,channel1
3881,182,channel1
3882,213,channel1
3883,206,channel1
3884,204,channel1
3885,55,channel1
3886,65,channel1
3887,69,channel1
3888,75,channel1
3889,81,channel1
3890,83,channel1
3891,78,channel1
3892,161,channel1
3893,174,channel1
3894,150,channel1
3895,84,channel1
3896,126,channel1
3897,112,channel1
3898,223,channel1
3899,206,channel1
3900,54,channel1
3901,62,channel1
3902,77,channel1
3903,185,channel1
3904,154,channel1
3905,57,channel1
3906,59,channel1
3907,87,channel1
3908,215,channel1
3909,150,channel1
3910,103,channel1
3911,74,channel1
3912,64,channel1
3913,59,channel1
3914,53,channel1
3915,59,channel1
3916,65,channel1
3917,74,channel1
3918,72,channel1
3919,66,channel1
3920,63,channel1
3921,74,channel1
3922,90,channel1
3923,100,channel1
3924,98,channel1
3925,174,channel1
3926,159,channel1
3927,105,channel1
3928,49,channel1
3929,53,channel1
3930,84,channel1
3931,84,channel1
3932,65,channel1
3933,100,channel1
3934,159,channel1
3935,103,channel1
3936,72,channel1
3937,63,channel1
3938,64,channel1
3939,69,channel1
3940,72,channel1
3941,68,channel1
3942,65,channel1
3943,58,channel1
3944,105,channel1
3945,79,channel1
3946,54,channel1
3947,77,channel1
3948,80,channel1
3949,70,channel1
3950,78,channel1
3951,58,channel1
3952,56,channel1
3953,44,channel1
3954,55,channel1
3955,65,channel1
3956,52,channel1
3957,64,channel1
3958,84,channel1
3959,83,channel1
3960,103,channel1
3961,93,channel1
3962,93,channel1
3963,143,channel1
3964,50,channel1
3965,56,channel1
3966,60,channel1
3967,68,channel1
3968,57,channel1
3969,56,channel1
3970,52,channel1
3971,52,channel1
3972,77,channel1
3973,78,channel1
3974,93,channel1
3975,64,channel1
3976,50,channel1
3977,51,channel1
3978,55,channel1
3979,96,channel1
3980,103,channel1
3981,62,channel1
3982,61,channel1
3983,78,channel1
3984,73,channel1
3985,90,channel1
3986,86,channel1
3987,72,channel1
3988,59,channel1
3989,63,channel1
3990,66,channel1
3991,54,channel1
3992,61,channel1
3993,50,channel1
3994,80,channel1
3995,101,channel1
3996,65,channel1
3997,67,channel1
3998,62,channel1
3999,51,channel1
4000,100,channel1
4001,84,channel1
4002,71,channel1
4003,94,channel1
4004,58,channel1
4005,57,channel1
4006,90,channel1
4007,66,channel1
4008,73,channel1
4009,92,channel1
4010,78,channel1
4011,79,channel1
4012,53,channel1
4013,42,channel1
4014,54,channel1
4015,46,channel1
4016,43,channel1
4017,64,channel1
4018,81,channel1
4019,71,channel1
4020,45,channel1
4021,83,channel1
4022,79,channel1
4023,45,channel1
4024,62,channel1
4025,41,channel1
4026,41,channel1
4027,42,channel1
4028,47,channel1
4029,59,channel1
4030,63,channel1
4031,56,channel1
4032,42,channel1
4033,68,channel1
4034,112,channel1
4035,121,channel1
4036,85,channel1
4037,60,channel1
4038,57,channel1
4039,56,channel1
4040,48,channel1
4041,48,channel1
4042,52,channel1
4043,54,channel1
4044,66,channel1
4045,66,channel1
4046,53,channel1
4047,68,channel1
4048,94,channel1
4049,83,channel1
4050,60,channel1
4051,63,channel1
4052,57,channel1
4053,72,channel1
4054,81,channel1
4055,98,channel1
4056,70,channel1
4057,54,channel1
4058,63,channel1
4059,65,channel1
4060,59,channel1
4061,50,channel1
4062,49,channel1
4063,70,channel1
4064,70,channel1
4065,63,channel1
4066,53,channel1
4067,54,channel1
4068,56,channel1
4069,125,channel1
4070,123,channel1
4071,69,channel1
4072,62,channel1
4073,47,channel1
4074,54,channel1
4075,73,channel1
4076,61,channel1
4077,65,channel1
4078,61,channel1
4079,109,channel1
4080,79,channel1
4081,86,channel1
4082,65,channel1
4083,67,channel1
4084,80,channel1
4085,61,channel1
4086,86,channel1
4087,55,channel1
4088,56,channel1
4089,51,channel1
4090,55,channel1
4091,64,channel1
4092,69,channel1
4093,52,channel1
4094,52,channel1
4095,67,channel1
4096,64,channel1
4097,57,channel1
4098,51,channel1
4099,58,channel1
4100,61,channel1
4101,66,channel1
4102,52,channel1
4103,68,channel1
4104,66,channel1
4105,71,channel1
4106,74,channel1
4107,62,channel1
4108,55,channel1
4109,57,channel1
4110,64,channel1
4111,53,channel1
4112,66,channel1
4113,90,channel1
4114,77,channel1
4115,136,channel1
4116,195,channel1
4117,133,channel1
4118,71,channel1
4119,69,channel1
4120,55,channel1
4121,57,channel1
4122,70,channel1
4123,61,channel1
4124,68,channel1
4125,74,channel1
4126,84,channel1
4127,57,channel1
4128,57,channel1
4129,67,channel1
4130,55,channel1
4131,58,channel1
4132,93,channel1
4133,90,channel1
4134,98,channel1
4135,143,channel1
4136,169,channel1
4137,91,channel1
4138,56,channel1
4139,102,channel1
4140,126,channel1
4141,67,channel1
4142,53,channel1
4143,68,channel1
4144,143,channel1
4145,100,channel1
4146,65,channel1
4147,64,channel1
4148,65,channel1
4149,69,channel1
4150,151,channel1
4151,101,channel1
4152,151,channel1
4153,129,channel1
4154,156,channel1
4155,208,channel1
4156,133,channel1
4157,70,channel1
4158,61,channel1
4159,101,channel1
4160,112,channel1
4161,159,channel1
4162,202,channel1
4163,192,channel1
4164,177,channel1
4165,84,channel1
4166,154,channel1
4167,84,channel1
4168,154,channel1
4169,226,channel1
4170,108,channel1
4171,102,channel1
4172,108,channel1
4173,119,channel1
4174,53,channel1
4175,56,channel1
4176,69,channel1
4177,93,channel1
4178,71,channel1
4179,161,channel1
4180,187,channel1
4181,205,channel1
4182,122,channel1
4183,70,channel1
4184,154,channel1
4185,210,channel1
4186,201,channel1
4187,87,channel1
4188,60,channel1
4189,63,channel1
4190,179,channel1
4191,164,channel1
4192,81,channel1
4193,64,channel1
4194,80,channel1
4195,172,channel1
4196,177,channel1
4197,206,channel1
4198,233,channel1
4199,192,channel1
4200,101,channel1
4201,101,channel1
4202,101,channel1
4203,71,channel1
4204,156,channel1
4205,86,channel1
4206,177,channel1
4207,93,channel1
4208,119,channel1
4209,77,channel1
4210,156,channel1
4211,112,channel1
4212,133,channel1
4213,136,channel1
4214,100,channel1
4215,150,channel1
4216,204,channel1
4217,221,channel1
4218,222,channel1
4219,210,channel1
4220,227,channel1
4221,197,channel1
4222,159,channel1
4223,205,channel1
4224,129,channel1
4225,151,channel1
4226,81,channel1
4227,69,channel1
4228,129,channel1
4229,63,channel1
4230,93,channel1
4231,119,channel1
4232,204,channel1
4233,205,channel1
4234,129,channel1
4235,169,channel1
4236,104,channel1
4237,104,channel1
4238,147,channel1
4239,182,channel1
4240,122,channel1
4241,77,channel1
4242,95,channel1
4243,96,channel1
4244,166,channel1
4245,202,channel1
4246,84,channel1
4247,182,channel1
4248,197,channel1
4249,154,channel1
4250,71,channel1
4251,69,channel1
4252,119,channel1
4253,129,channel1
4254,203,channel1
4255,97,channel1
4256,56,channel1
4257,100,channel1
4258,119,channel1
4259,136,channel1
4260,241,channel1
4261,230,channel1
4262,84,channel1
4263,41,channel1
4264,64,channel1
4265,79,channel1
4266,77,channel1
4267,79,channel1
4268,66,channel1
4269,119,channel1
4270,200,channel1
4271,172,channel1
4272,136,channel1
4273,66,channel1
4274,83,channel1
4275,126,channel1
4276,119,channel1
4277,84,channel1
4278,190,channel1
4279,169,channel1
4280,100,channel1
4281,89,channel1
4282,88,channel1
4283,77,channel1
4284,78,channel1
4285,70,channel1
4286,71,channel1
4287,82,channel1
4288,69,channel1
4289,92,channel1
4290,70,channel1
4291,69,channel1
4292,62,channel1
4293,76,channel1
4294,93,channel1
4295,103,channel1
4296,97,channel1
4297,68,channel1
4298,66,channel1
4299,69,channel1
4300,66,channel1
4301,57,channel1
4302,95,channel1
4303,70,channel1
4304,72,channel1
4305,61,channel1
4306,55,channel1
4307,64,channel1
4308,56,channel1
4309,65,channel1
4310,69,channel1
4311,106,channel1
4312,52,channel1
4313,70,channel1
4314,78,channel1
4315,119,channel1
4316,102,channel1
4317,101,channel1
4318,85,channel1
4319,87,channel1
4320,83,channel1
4321,65,channel1
4322,64,channel1
4323,62,channel1
4324,62,channel1
4325,69,channel1
4326,60,channel1
4327,44,channel1
4328,64,channel1
4329,80,channel1
4330,93,channel1
4331,65,channel1
4332,45,channel1
4333,40,channel1
4334,41,channel1
4335,41,channel1
4336,45,channel1
4337,93,channel1
4338,96,channel1
4339,69,channel1
4340,60,channel1
4341,88,channel1
4342,86,channel1
4343,73,channel1
4344,99,channel1
4345,94,channel1
4346,68,channel1
4347,69,channel1
4348,66,channel1
4349,62,channel1
4350,68,channel1
4351,49,channel1
4352,142,channel1
4353,159,channel1
4354,72,channel1
4355,59,channel1
4356,63,channel1
4357,59,channel1
4358,54,channel1
4359,57,channel1
4360,67,channel1
4361,75,channel1
4362,75,channel1
4363,68,channel1
4364,73,channel1
4365,71,channel1
4366,66,channel1
4367,74,channel1
4368,64,channel1
4369,60,channel1
4370,78,channel1
4371,72,channel1
4372,57,channel1
4373,67,channel1
4374,67,channel1
4375,65,channel1
4376,62,channel1
4377,57,channel1
4378,47,channel1
4379,58,channel1
4380,70,channel1
4381,70,channel1
4382,72,channel1
4383,45,channel1
4384,77,channel1
4385,99,channel1
4386,93,channel1
4387,69,channel1
4388,49,channel1
4389,47,channel1
4390,55,channel1
4391,53,channel1
4392,77,channel1
4393,79,channel1
4394,55,channel1
4395,51,channel1
4396,59,channel1
4397,71,channel1
4398,61,channel1
4399,51,channel1
4400,48,channel1
4401,57,channel1
4402,56,channel1
4403,56,channel1
4404,57,channel1
4405,55,channel1
4406,63,channel1
4407,85,channel1
4408,51,channel1
4409,53,channel1
4410,45,channel1
4411,67,channel1
4412,100,channel1
4413,104,channel1
4414,104,channel1
4415,80,channel1
4416,45,channel1
4417,42,channel1
4418,55,channel1
4419,74,channel1
4420,45,channel1
4421,70,channel1
4422,71,channel1
4423,65,channel1
4424,49,channel1
4425,69,channel1
4426,55,channel1
4427,48,channel1
4428,73,channel1
4429,65,channel1
4430,77,channel1
4431,59,channel1
4432,65,channel1
4433,66,channel1
4434,67,channel1
4435,68,channel1
4436,62,channel1
4437,74,channel1
4438,102,channel1
4439,50,channel1
4440,78,channel1
4441,48,channel1
4442,57,channel1
4443,63,channel1
4444,56,channel1
4445,66,channel1
4446,54,channel1
4447,59,channel1
4448,84,channel1
4449,63,channel1
4450,70,channel1
4451,74,channel1
4452,98,channel1
4453,68,channel1
4454,56,channel1
4455,50,channel1
4456,57,channel1
4457,55,channel1
4458,53,channel1
4459,54,channel1
4460,61,channel1
4461,57,channel1
4462,61,channel1
4463,45,channel1
4464,68,channel1
4465,52,channel1
4466,60,channel1
4467,49,channel1
4468,66,channel1
4469,87,channel1
4470,65,channel1
4471,57,channel1
4472,50,channel1
4473,57,channel1
4474,78,channel1
4475,60,channel1
4476,107,channel1
4477,49,channel1
4478,49,channel1
4479,53,channel1
4480,50,channel1
4481,55,channel1
4482,90,channel1
4483,78,channel1
4484,84,channel1
4485,91,channel1
4486,67,channel1
4487,54,channel1
4488,61,channel1
4489,62,channel1
4490,64,channel1
4491,68,channel1
4492,74,channel1
4493,77,channel1
4494,53,channel1
4495,91,channel1
4496,74,channel1
4497,80,channel1
4498,72,channel1
4499,85,channel1
4500,61,channel1
4501,52,channel1
4502,55,channel1
4503,57,channel1
4504,84,channel1
4505,64,channel1
4506,76,channel1
4507,150,channel1
4508,58,channel1
4509,52,channel1
4510,51,channel1
4511,52,channel1
4512,59,channel1
4513,56,channel1
4514,77,channel1
4515,67,channel1
4516,62,channel1
4517,66,channel1
4518,91,channel1
4519,97,channel1
4520,64,channel1
4521,53,channel1
4522,48,channel1
4523,63,channel1
4524,47,channel1
4525,99,channel1
4526,129,channel1
4527,161,channel1
4528,222,channel1
4529,136,channel1
4530,42,channel1
4531,56,channel1
4532,54,channel1
4533,72,channel1
4534,102,channel1
4535,78,channel1
4536,50,channel1
4537,52,channel1
4538,77,channel1
4539,129,channel1
4540,156,channel1
4541,52,channel1
4542,76,channel1
4543,143,channel1
4544,122,channel1
4545,87,channel1
4546,64,channel1
4547,80,channel1
4548,119,channel1
4549,187,channel1
4550,192,channel1
4551,159,channel1
4552,97,channel1
4553,182,channel1
4554,90,channel1
4555,84,channel1
4556,79,channel1
4557,51,channel1
4558,43,channel1
4559,100,channel1
4560,84,channel1
4561,93,channel1
4562,136,channel1
4563,105,channel1
4564,136,channel1
4565,203,channel1
4566,201,channel1
4567,174,channel1
4568,76,channel1
4569,90,channel1
4570,90,channel1
4571,150,channel1
4572,68,channel1
4573,51,channel1
4574,122,channel1
4575,140,channel1
4576,161,channel1
4577,77,channel1
4578,96,channel1
4579,79,channel1
4580,161,channel1
4581,136,channel1
4582,66,channel1
4583,57,channel1
4584,74,channel1
4585,143,channel1
4586,166,channel1
4587,129,channel1
4588,159,channel1
4589,62,channel1
4590,54,channel1
4591,90,channel1
4592,98,channel1
4593,105,channel1
4594,57,channel1
4595,172,channel1
4596,93,channel1
4597,74,channel1
4598,58,channel1
4599,100,channel1
4600,147,channel1
4601,128,channel1
4602,47,channel1
4603,105,channel1
4604,154,channel1
4605,77,channel1
4606,74,channel1
4607,156,channel1
4608,150,channel1
4609,53,channel1
4610,60,channel1
4611,66,channel1
4612,42,channel1
4613,38,channel1
4614,72,channel1
4615,76,channel1
4616,119,channel1
4617,50,channel1
4618,84,channel1
4619,83,channel1
4620,182,channel1
4621,201,channel1
4622,192,channel1
4623,202,channel1
4624,151,channel1
4625,133,channel1
4626,41,channel1
4627,87,channel1
4628,61,channel1
4629,63,channel1
4630,73,channel1
4631,74,channel1
4632,95,channel1
4633,73,channel1
4634,66,channel1
4635,55,channel1
4636,72,channel1
4637,87,channel1
4638,77,channel1
4639,67,channel1
4640,59,channel1
4641,77,channel1
4642,108,channel1
4643,108,channel1
4644,143,channel1
4645,147,channel1
4646,150,channel1
4647,82,channel1
4648,82,channel1
4649,71,channel1
4650,49,channel1
4651,42,channel1
4652,41,channel1
4653,43,channel1
4654,45,channel1
4655,58,channel1
4656,78,channel1
4657,40,channel1
4658,39,channel1
4659,51,channel1
4660,77,channel1
4661,84,channel1
4662,61,channel1
4663,42,channel1
4664,60,channel1
4665,109,channel1
4666,78,channel1
4667,75,channel1
4668,79,channel1
4669,105,channel1
4670,44,channel1
4671,60,channel1
4672,101,channel1
4673,103,channel1
4674,104,channel1
4675,56,channel1
4676,57,channel1
4677,42,channel1
4678,60,channel1
4679,56,channel1
4680,51,channel1
4681,86,channel1
4682,70,channel1
4683,43,channel1
4684,51,channel1
4685,72,channel1
4686,82,channel1
4687,81,channel1
4688,54,channel1
4689,53,channel1
4690,53,channel1
4691,57,channel1
4692,52,channel1
4693,62,channel1
4694,55,channel1
4695,49,channel1
4696,42,channel1
4697,49,channel1
4698,64,channel1
4699,69,channel1
4700,101,channel1
4701,61,channel1
4702,47,channel1
4703,44,channel1
4704,52,channel1
4705,58,channel1
4706,48,channel1
4707,56,channel1
4708,42,channel1
4709,60,channel1
4710,79,channel1
4711,64,channel1
4712,54,channel1
4713,47,channel1
4714,84,channel1
4715,71,channel1
4716,54,channel1
4717,49,channel1
4718,55,channel1
4719,43,channel1
4720,74,channel1
4721,57,channel1
4722,50,channel1
4723,74,channel1
4724,42,channel1
4725,38,channel1
4726,45,channel1
4727,43,channel1
4728,52,channel1
4729,67,channel1
4730,62,channel1
4731,34,channel1
4732,60,channel1
4733,89,channel1
4734,102,channel1
4735,61,channel1
4736,76,channel1
4737,54,channel1
4738,81,channel1
4739,61,channel1
4740,71,channel1
4741,71,channel1
4742,79,channel1
4743,44,channel1
4744,49,channel1
4745,37,channel1
4746,46,channel1
4747,56,channel1
4748,63,channel1
4749,77,channel1
4750,75,channel1
4751,55,channel1
4752,43,channel1
4753,53,channel1
4754,53,channel1
4755,44,channel1
4756,45,channel1
4757,62,channel1
4758,64,channel1
4759,33,channel1
4760,39,channel1
4761,48,channel1
4762,58,channel1
4763,52,channel1
4764,56,channel1
4765,57,channel1
4766,56,channel1
4767,41,channel1
4768,42,channel1
4769,44,channel1
4770,52,channel1
4771,62,channel1
4772,60,channel1
4773,56,channel1
4774,69,channel1
4775,45,channel1
4776,52,channel1
4777,44,channel1
4778,49,channel1
4779,44,channel1
4780,35,channel1
4781,47,channel1
4782,30,channel1
4783,43,channel1
4784,46,channel1
4785,43,channel1
4786,56,channel1
4787,48,channel1
4788,52,channel1
4789,43,channel1
4790,73,channel1
4791,74,channel1
4792,83,channel1
4793,42,channel1
4794,40,channel1
4795,47,channel1
4796,56,channel1
4797,62,channel1
4798,48,channel1
4799,48,channel1
4800,45,channel1
4801,50,channel1
4802,52,channel1
4803,74,channel1
4804,60,channel1
4805,47,channel1
4806,48,channel1
4807,62,channel1
4808,51,channel1
4809,54,channel1
4810,66,channel1
4811,91,channel1
4812,98,channel1
4813,79,channel1
4814,63,channel1
4815,44,channel1
4816,69,channel1
4817,77,channel1
4818,50,channel1
4819,49,channel1
4820,43,channel1
4821,60,channel1
4822,53,channel1
4823,44,channel1
4824,57,channel1
4825,70,channel1
4826,84,channel1
4827,56,channel1
4828,65,channel1
4829,73,channel1
4830,63,channel1
4831,79,channel1
4832,81,channel1
4833,61,channel1
4834,54,channel1
4835,97,channel1
4836,105,channel1
4837,43,channel1
4838,55,channel1
4839,50,channel1
4840,71,channel1
4841,56,channel1
4842,53,channel1
4843,50,channel1
4844,45,channel1
4845,66,channel1
4846,64,channel1
4847,71,channel1
4848,86,channel1
4849,58,channel1
4850,59,channel1
4851,47,channel1
4852,35,channel1
4853,46,channel1
4854,68,channel1
4855,63,channel1
4856,58,channel1
4857,49,channel1
4858,69,channel1
4859,80,channel1
4860,87,channel1
4861,71,channel1
4862,56,channel1
4863,47,channel1
4864,80,channel1
4865,140,channel1
4866,53,channel1
4867,54,channel1
4868,80,channel1
4869,102,channel1
4870,108,channel1
4871,172,channel1
4872,108,channel1
4873,50,channel1
4874,62,channel1
4875,59,channel1
4876,61,channel1
4877,69,channel1
4878,115,channel1
4879,195,channel1
4880,151,channel1
4881,195,channel1
4882,108,channel1
4883,55,channel1
4884,57,channel1
4885,140,channel1
4886,112,channel1
4887,66,channel1
4888,96,channel1
4889,62,channel1
4890,66,channel1
4891,65,channel1
4892,77,channel1
4893,100,channel1
4894,151,channel1
4895,156,channel1
4896,58,channel1
4897,56,channel1
4898,187,channel1
4899,82,channel1
4900,61,channel1
4901,62,channel1
4902,50,channel1
4903,55,channel1
4904,83,channel1
4905,70,channel1
4906,74,channel1
4907,64,channel1
4908,97,channel1
4909,156,channel1
4910,129,channel1
4911,122,channel1
4912,61,channel1
4913,67,channel1
4914,93,channel1
4915,150,channel1
4916,80,channel1
4917,115,channel1
4918,154,channel1
4919,205,channel1
4920,174,channel1
4921,147,channel1
4922,136,channel1
4923,74,channel1
4924,47,channel1
4925,93,channel1
4926,202,channel1
4927,169,channel1
4928,150,channel1
4929,187,channel1
4930,143,channel1
4931,177,channel1
4932,126,channel1
4933,69,channel1
4934,133,channel1
4935,119,channel1
4936,172,channel1
4937,222,channel1
4938,221,channel1
4939,247,channel1
4940,179,channel1
4941,190,channel1
4942,156,channel1
4943,115,channel1
4944,179,channel1
4945,203,channel1
4946,84,channel1
4947,71,channel1
4948,50,channel1
4949,93,channel1
4950,56,channel1
4951,122,channel1
4952,55,channel1
4953,52,channel1
4954,53,channel1
4955,143,channel1
4956,212,channel1
4957,42,channel1
4958,156,channel1
4959,166,channel1
4960,174,channel1
4961,80,channel1
4962,74,channel1
4963,159,channel1
4964,197,channel1
4965,185,channel1
4966,207,channel1
4967,113,channel1
4968,74,channel1
4969,61,channel1
4970,154,channel1
4971,122,channel1
4972,151,channel1
4973,71,channel1
4974,64,channel1
4975,79,channel1
4976,203,channel1
4977,150,channel1
4978,82,channel1
4979,64,channel1
4980,64,channel1
4981,112,channel1
4982,95,channel1
4983,55,channel1
4984,67,channel1
4985,161,channel1
4986,154,channel1
4987,164,channel1
4988,207,channel1
4989,205,channel1
4990,187,channel1
4991,136,channel1
4992,108,channel1
4993,105,channel1
4994,112,channel1
4995,58,channel1
4996,115,channel1
4997,42,channel1
4998,164,channel1
4999,174,channel1
5000,100,channel1
5001,75,channel1
5002,62,channel1
5003,49,channel1
5004,54,channel1
5005,71,channel1
5006,122,channel1
5007,90,channel1
5008,143,channel1
5009,39,channel1
5010,74,channel1
5011,58,channel1
5012,48,channel1
5013,60,channel1
5014,69,channel1
5015,56,channel1
5016,74,channel1
5017,124,channel1
5018,98,channel1
5019,110,channel1
5020,94,channel1
5021,48,channel1
5022,51,channel1
5023,53,channel1
5024,65,channel1
5025,61,channel1
5026,48,channel1
5027,63,channel1
5028,52,channel1
5029,100,channel1
5030,81,channel1
5031,80,channel1
5032,88,channel1
5033,40,channel1
5034,52,channel1
5035,71,channel1
5036,40,channel1
5037,82,channel1
5038,81,channel1
5039,87,channel1
5040,52,channel1
5041,55,channel1
5042,60,channel1
5043,76,channel1
5044,77,channel1
5045,57,channel1
5046,59,channel1
5047,61,channel1
5048,102,channel1
5049,58,channel1
5050,73,channel1
5051,54,channel1
5052,69,channel1
5053,53,channel1
5054,40,channel1
5055,40,channel1
5056,79,channel1
5057,79,channel1
5058,64,channel1
5059,69,channel1
5060,51,channel1
5061,41,channel1
5062,67,channel1
5063,81,channel1
5064,87,channel1
5065,106,channel1
5066,61,channel1
5067,57,channel1
5068,67,channel1
5069,66,channel1
5070,68,channel1
5071,63,channel1
5072,54,channel1
5073,104,channel1
5074,59,channel1
5075,48,channel1
5076,80,channel1
5077,73,channel1
5078,72,channel1
5079,41,channel1
5080,56,channel1
5081,102,channel1
5082,38,channel1
5083,50,channel1
5084,47,channel1
5085,55,channel1
5086,63,channel1
5087,53,channel1
5088,66,channel1
5089,41,channel1
5090,58,channel1
5091,55,channel1
5092,52,channel1
5093,61,channel1
5094,52,channel1
5095,42,channel1
5096,42,channel1
5097,49,channel1
5098,44,channel1
5099,59,channel1
5100,39,channel1
5101,101,channel1
5102,75,channel1
5103,56,channel1
5104,100,channel1
5105,56,channel1
5106,43,channel1
5107,63,channel1
5108,62,channel1
5109,51,channel1
5110,38,channel1
5111,44,channel1
5112,47,channel1
5113,55,channel1
5114,43,channel1
5115,44,channel1
5116,55,channel1
5117,48,channel1
5118,42,channel1
5119,47,channel1
5120,48,channel1
5121,52,channel1
5122,52,channel1
5123,37,channel1
5124,41,channel1
5125,82,channel1
5126,90,channel1
5127,97,channel1
5128,60,channel1
5129,89,channel1
5130,42,channel1
5131,48,channel1
5132,68,channel1
5133,43,channel1
5134,49,channel1
5135,59,channel1
5136,74,channel1
5137,49,channel1
5138,50,channel1
5139,80,channel1
5140,66,channel1
5141,49,channel1
5142,58,channel1
5143,76,channel1
5144,47,channel1
5145,45,channel1
5146,47,channel1
5147,71,channel1
5148,72,channel1
5149,65,channel1
5150,62,channel1
5151,94,channel1
5152,69,channel1
5153,58,channel1
5154,52,channel1
5155,45,channel1
5156,68,channel1
5157,54,channel1
5158,84,channel1
5159,49,channel1
5160,52,channel1
5161,103,channel1
5162,82,channel1
5163,93,channel1
5164,113,channel1
5165,143,channel1
5166,81,channel1
5167,84,channel1
5168,57,channel1
5169,61,channel1
5170,55,channel1
5171,57,channel1
5172,46,channel1
5173,53,channel1
5174,52,channel1
5175,80,channel1
5176,67,channel1
5177,46,channel1
5178,74,channel1
5179,57,channel1
5180,49,channel1
5181,106,channel1
5182,99,channel1
5183,76,channel1
5184,99,channel1
5185,53,channel1
5186,53,channel1
5187,60,channel1
5188,93,channel1
5189,81,channel1
5190,53,channel1
5191,56,channel1
5192,69,channel1
5193,60,channel1
5194,51,channel1
5195,63,channel1
5196,67,channel1
5197,84,channel1
5198,112,channel1
5199,93,channel1
5200,71,channel1
5201,58,channel1
5202,57,channel1
5203,59,channel1
5204,62,channel1
5205,66,channel1
5206,67,channel1
5207,67,channel1
5208,90,channel1
5209,68,channel1
5210,84,channel1
5211,82,channel1
5212,61,channel1
5213,63,channel1
5214,62,channel1
5215,51,channel1
5216,72,channel1
5217,64,channel1
5218,70,channel1
5219,85,channel1
5220,119,channel1
5221,73,channel1
5222,50,channel1
5223,65,channel1
5224,104,channel1
5225,102,channel1
5226,66,channel1
5227,53,channel1
5228,58,channel1
5229,93,channel1
5230,122,channel1
5231,100,channel1
5232,105,channel1
5233,64,channel1
5234,55,channel1
5235,93,channel1
5236,54,channel1
5237,52,channel1
5238,64,channel1
5239,69,channel1
5240,69,channel1
5241,69,channel1
5242,78,channel1
5243,71,channel1
5244,97,channel1
5245,56,channel1
5246,97,channel1
5247,84,channel1
5248,58,channel1
5249,77,channel1
5250,133,channel1
5251,86,channel1
5252,40,channel1
5253,39,channel1
5254,53,channel1
5255,62,channel1
5256,105,channel1
5257,177,channel1
5258,150,channel1
5259,129,channel1
5260,185,channel1
5261,93,channel1
5262,49,channel1
5263,71,channel1
5264,147,channel1
5265,129,channel1
5266,108,channel1
5267,129,channel1
5268,44,channel1
5269,69,channel1
5270,105,channel1
5271,154,channel1
5272,79,channel1
5273,147,channel1
5274,62,channel1
5275,74,channel1
5276,136,channel1
5277,154,channel1
5278,44,channel1
5279,154,channel1
5280,202,channel1
5281,225,channel1
5282,156,channel1
5283,195,channel1
5284,202,channel1
5285,97,channel1
5286,84,channel1
5287,74,channel1
5288,67,channel1
5289,174,channel1
5290,101,channel1
5291,97,channel1
5292,129,channel1
5293,53,channel1
5294,115,channel1
5295,103,channel1
5296,84,channel1
5297,169,channel1
5298,187,channel1
5299,185,channel1
5300,100,channel1
5301,164,channel1
5302,202,channel1
5303,195,channel1
5304,156,channel1
5305,172,channel1
5306,93,channel1
5307,73,channel1
5308,179,channel1
5309,218,channel1
5310,126,channel1
5311,129,channel1
5312,159,channel1
5313,179,channel1
5314,129,channel1
5315,147,channel1
5316,204,channel1
5317,100,channel1
5318,90,channel1
5319,53,channel1
5320,172,channel1
5321,136,channel1
5322,108,channel1
5323,200,channel1
5324,55,channel1
5325,96,channel1
5326,101,channel1
5327,147,channel1
5328,101,channel1
5329,166,channel1
5330,156,channel1
5331,204,channel1
5332,101,channel1
5333,62,channel1
5334,140,channel1
5335,169,channel1
5336,197,channel1
5337,63,channel1
5338,64,channel1
5339,74,channel1
5340,205,channel1
5341,101,channel1
5342,42,channel1
5343,74,channel1
5344,67,channel1
5345,84,channel1
5346,52,channel1
5347,129,channel1
5348,67,channel1
5349,48,channel1
5350,53,channel1
5351,70,channel1
5352,150,channel1
5353,150,channel1
5354,140,channel1
5355,156,channel1
5356,46,channel1
5357,53,channel1
5358,90,channel1
5359,54,channel1
5360,51,channel1
5361,57,channel1
5362,51,channel1
5363,57,channel1
5364,77,channel1
5365,65,channel1
5366,78,channel1
5367,112,channel1
5368,57,channel1
5369,34,channel1
5370,52,channel1
5371,143,channel1
5372,93,channel1
5373,87,channel1
5374,84,channel1
5375,150,channel1
5376,54,channel1
5377,51,channel1
5378,77,channel1
5379,103,channel1
5380,74,channel1
5381,58,channel1
5382,57,channel1
5383,80,channel1
5384,77,channel1
5385,64,channel1
5386,66,channel1
5387,44,channel1
5388,63,channel1
5389,68,channel1
5390,50,channel1
5391,48,channel1
5392,41,channel1
5393,43,channel1
5394,51,channel1
5395,74,channel1
5396,74,channel1
5397,54,channel1
5398,40,channel1
5399,51,channel1
5400,66,channel1
5401,73,channel1
5402,85,channel1
5403,57,channel1
5404,58,channel1
5405,84,channel1
5406,103,channel1
5407,102,channel1
5408,72,channel1
5409,61,channel1
5410,55,channel1
5411,73,channel1
5412,82,channel1
5413,55,channel1
5414,63,channel1
5415,56,channel1
5416,71,channel1
5417,67,channel1
5418,82,channel1
5419,105,channel1
5420,64,channel1
5421,51,channel1
5422,73,channel1
5423,88,channel1
5424,89,channel1
5425,68,channel1
5426,45,channel1
5427,63,channel1
5428,63,channel1
5429,42,channel1
5430,53,channel1
5431,60,channel1
5432,59,channel1
5433,71,channel1
5434,60,channel1
5435,43,channel1
5436,43,channel1
5437,58,channel1
5438,48,channel1
5439,54,channel1
5440,46,channel1
5441,45,channel1
5442,42,channel1
5443,44,channel1
5444,48,channel1
5445,42,channel1
5446,45,channel1
5447,65,channel1
5448,49,channel1
5449,60,channel1
5450,74,channel1
5451,74,channel1
5452,64,channel1
5453,121,channel1
5454,120,channel1
5455,48,channel1
5456,51,channel1
5457,39,channel1
5458,51,channel1
5459,58,channel1
5460,41,channel1
5461,44,channel1
5462,45,channel1
5463,44,channel1
5464,45,channel1
5465,54,channel1
5466,69,channel1
5467,53,channel1
5468,41,channel1
5469,74,channel1
5470,70,channel1
5471,113,channel1
5472,109,channel1
5473,33,channel1
5474,35,channel1
5475,64,channel1
5476,73,channel1
5477,68,channel1
5478,44,channel1
5479,45,channel1
5480,66,channel1
5481,52,channel1
5482,39,channel1
5483,55,channel1
5484,45,channel1
5485,41,channel1
5486,51,channel1
5487,57,channel1
5488,41,channel1
5489,60,channel1
5490,48,channel1
5491,49,channel1
5492,94,channel1
5493,118,channel1
5494,116,channel1
5495,42,channel1
5496,52,channel1
5497,42,channel1
5498,41,channel1
5499,45,channel1
5500,47,channel1
5501,41,channel1
5502,43,channel1
5503,47,channel1
5504,42,channel1
5505,42,channel1
5506,42,channel1
5507,46,channel1
5508,42,channel1
5509,57,channel1
5510,96,channel1
5511,57,channel1
5512,48,channel1
5513,46,channel1
5514,60,channel1
5515,46,channel1
5516,40,channel1
5517,46,channel1
5518,52,channel1
5519,78,channel1
5520,50,channel1
5521,65,channel1
5522,60,channel1
5523,42,channel1
5524,46,channel1
5525,53,channel1
5526,88,channel1
5527,55,channel1
5528,71,channel1
5529,110,channel1
5530,104,channel1
5531,86,channel1
5532,47,channel1
5533,47,channel1
5534,59,channel1
5535,58,channel1
5536,42,channel1
5537,49,channel1
5538,51,channel1
5539,106,channel1
5540,43,channel1
5541,42,channel1
5542,54,channel1
5543,50,channel1
5544,60,channel1
5545,55,channel1
5546,69,channel1
5547,49,channel1
5548,43,channel1
5549,49,channel1
5550,60,channel1
5551,64,channel1
5552,102,channel1
5553,91,channel1
5554,110,channel1
5555,67,channel1
5556,86,channel1
5557,48,channel1
5558,55,channel1
5559,51,channel1
5560,71,channel1
5561,52,channel1
5562,54,channel1
5563,52,channel1
5564,50,channel1
5565,52,channel1
5566,55,channel1
5567,60,channel1
5568,60,channel1
5569,77,channel1
5570,50,channel1
5571,49,channel1
5572,50,channel1
5573,60,channel1
5574,64,channel1
5575,49,channel1
5576,57,channel1
5577,70,channel1
5578,56,channel1
5579,84,channel1
5580,54,channel1
5581,65,channel1
5582,58,channel1
5583,57,channel1
5584,44,channel1
5585,50,channel1
5586,64,channel1
5587,55,channel1
5588,82,channel1
5589,105,channel1
5590,82,channel1
5591,69,channel1
5592,67,channel1
5593,48,channel1
5594,60,channel1
5595,63,channel1
5596,70,channel1
5597,129,channel1
5598,66,channel1
5599,64,channel1
5600,55,channel1
5601,58,channel1
5602,62,channel1
5603,67,channel1
5604,77,channel1
5605,71,channel1
5606,54,channel1
5607,54,channel1
5608,51,channel1
5609,80,channel1
5610,73,channel1
5611,54,channel1
5612,68,channel1
5613,77,channel1
5614,43,channel1
5615,58,channel1
5616,93,channel1
5617,69,channel1
5618,63,channel1
5619,59,channel1
5620,100,channel1
5621,147,channel1
5622,58,channel1
5623,100,channel1
5624,197,channel1
5625,57,channel1
5626,51,channel1
5627,67,channel1
5628,41,channel1
5629,53,channel1
5630,45,channel1
5631,87,channel1
5632,154,channel1
5633,65,channel1
5634,67,channel1
5635,54,channel1
5636,133,channel1
5637,108,channel1
5638,136,channel1
5639,105,channel1
5640,74,channel1
5641,49,channel1
5642,105,channel1
5643,52,channel1
5644,50,channel1
5645,53,channel1
5646,93,channel1
5647,143,channel1
5648,185,channel1
5649,203,channel1
5650,226,channel1
5651,213,channel1
5652,67,channel1
5653,57,channel1
5654,61,channel1
5655,62,channel1
5656,66,channel1
5657,70,channel1
5658,61,channel1
5659,51,channel1
5660,174,channel1
5661,154,channel1
5662,80,channel1
5663,65,channel1
5664,81,channel1
5665,174,channel1
5666,112,channel1
5667,97,channel1
5668,61,channel1
5669,140,channel1
5670,39,channel1
5671,122,channel1
5672,115,channel1
5673,190,channel1
5674,208,channel1
5675,244,channel1
5676,220,channel1
5677,84,channel1
5678,95,channel1
5679,182,channel1
5680,105,channel1
5681,164,channel1
5682,119,channel1
5683,214,channel1
5684,108,channel1
5685,147,channel1
5686,200,channel1
5687,133,channel1
5688,192,channel1
5689,140,channel1
5690,122,channel1
5691,74,channel1
5692,190,channel1
5693,220,channel1
5694,215,channel1
5695,166,channel1
5696,190,channel1
5697,72,channel1
5698,55,channel1
5699,58,channel1
5700,51,channel1
5701,115,channel1
5702,126,channel1
5703,90,channel1
5704,164,channel1
5705,74,channel1
5706,174,channel1
5707,100,channel1
5708,161,channel1
5709,108,channel1
5710,115,channel1
5711,87,channel1
5712,133,channel1
5713,213,channel1
5714,69,channel1
5715,80,channel1
5716,150,channel1
5717,72,channel1
5718,169,channel1
5719,154,channel1
5720,49,channel1
5721,115,channel1
5722,81,channel1
5723,207,channel1
5724,87,channel1
5725,46,channel1
5726,61,channel1
5727,108,channel1
5728,150,channel1
5729,143,channel1
5730,201,channel1
5731,61,channel1
5732,48,channel1
5733,40,channel1
5734,63,channel1
5735,80,channel1
5736,90,channel1
5737,87,channel1
5738,56,channel1
5739,43,channel1
5740,45,channel1
5741,42,channel1
5742,55,channel1
5743,71,channel1
5744,72,channel1
5745,77,channel1
5746,47,channel1
5747,62,channel1
5748,55,channel1
5749,48,channel1
5750,68,channel1
5751,63,channel1
5752,79,channel1
5753,57,channel1
5754,82,channel1
5755,83,channel1
5756,102,channel1
5757,52,channel1
5758,65,channel1
5759,60,channel1
5760,39,channel1
5761,39,channel1
5762,52,channel1
5763,80,channel1
5764,86,channel1
5765,101,channel1
5766,119,channel1
5767,73,channel1
5768,42,channel1
5769,48,channel1
5770,51,channel1
5771,60,channel1
5772,93,channel1
5773,70,channel1
5774,46,channel1
5775,50,channel1
5776,94,channel1
5777,64,channel1
5778,47,channel1
5779,49,channel1
5780,86,channel1
5781,48,channel1
5782,44,channel1
5783,51,channel1
5784,50,channel1
5785,61,channel1
5786,51,channel1
5787,57,channel1
5788,78,channel1
5789,42,channel1
5790,62,channel1
5791,70,channel1
5792,41,channel1
5793,48,channel1
5794,55,channel1
5795,59,channel1
5796,38,channel1
5797,55,channel1
5798,50,channel1
5799,36,channel1
5800,50,channel1
5801,68,channel1
5802,73,channel1
5803,41,channel1
5804,49,channel1
5805,56,channel1
5806,44,channel1
5807,45,channel1
5808,38,channel1
5809,46,channel1
5810,51,channel1
5811,79,channel1
5812,62,channel1
5813,45,channel1
5814,54,channel1
5815,50,channel1
5816,43,channel1
5817,62,channel1
5818,47,channel1
5819,51,channel1
5820,43,channel1
5821,44,channel1
5822,44,channel1
5823,44,channel1
5824,38,channel1
5825,42,channel1
5826,47,channel1
5827,51,channel1
5828,77,channel1
5829,103,channel1
5830,76,channel1
5831,42,channel1
5832,55,channel1
5833,45,channel1
5834,36,channel1
5835,45,channel1
5836,42,channel1
5837,37,channel1
5838,36,channel1
5839,35,channel1
5840,38,channel1
5841,40,channel1
5842,42,channel1
5843,49,channel1
5844,58,channel1
5845,79,channel1
5846,79,channel1
5847,49,channel1
5848,53,channel1
5849,51,channel1
5850,50,channel1
5851,48,channel1
5852,44,channel1
5853,40,channel1
5854,60,channel1
5855,49,channel1
5856,61,channel1
5857,64,channel1
5858,37,channel1
5859,45,channel1
5860,53,channel1
5861,73,channel1
5862,95,channel1
5863,105,channel1
5864,50,channel1
5865,64,channel1
5866,67,channel1
5867,78,channel1
5868,53,channel1
5869,65,channel1
5870,48,channel1
5871,79,channel1
5872,42,channel1
5873,44,channel1
5874,57,channel1
5875,54,channel1
5876,51,channel1
5877,55,channel1
5878,47,channel1
5879,51,channel1
5880,44,channel1
5881,59,channel1
5882,90,channel1
5883,101,channel1
5884,60,channel1
5885,47,channel1
5886,46,channel1
5887,45,channel1
5888,44,channel1
5889,51,channel1
5890,76,channel1
5891,53,channel1
5892,50,channel1
5893,49,channel1
5894,51,channel1
5895,62,channel1
5896,70,channel1
5897,99,channel1
5898,106,channel1
5899,74,channel1
5900,50,channel1
5901,45,channel1
5902,51,channel1
5903,102,channel1
5904,53,channel1
5905,47,channel1
5906,48,channel1
5907,52,channel1
5908,50,channel1
5909,54,channel1
5910,73,channel1
5911,77,channel1
5912,49,channel1
5913,45,channel1
5914,44,channel1
5915,57,channel1
5916,99,channel1
5917,80,channel1
5918,89,channel1
5919,79,channel1
5920,100,channel1
5921,51,channel1
5922,54,channel1
5923,63,channel1
5924,60,channel1
5925,44,channel1
5926,47,channel1
5927,45,channel1
5928,44,channel1
5929,69,channel1
5930,71,channel1
5931,56,channel1
5932,46,channel1
5933,49,channel1
5934,63,channel1
5935,65,channel1
5936,81,channel1
5937,94,channel1
5938,49,channel1
5939,52,channel1
5940,71,channel1
5941,64,channel1
5942,45,channel1
5943,42,channel1
5944,57,channel1
5945,68,channel1
5946,52,channel1
5947,64,channel1
5948,119,channel1
5949,55,channel1
5950,42,channel1
5951,47,channel1
5952,58,channel1
5953,52,channel1
5954,68,channel1
5955,108,channel1
5956,74,channel1
5957,87,channel1
5958,90,channel1
5959,95,channel1
5960,51,channel1
5961,80,channel1
5962,57,channel1
5963,54,channel1
5964,67,channel1
5965,63,channel1
5966,49,channel1
5967,64,channel1
5968,80,channel1
5969,73,channel1
5970,78,channel1
5971,100,channel1
5972,61,channel1
5973,68,channel1
5974,71,channel1
5975,52,channel1
5976,74,channel1
5977,84,channel1
5978,46,channel1
5979,55,channel1
5980,62,channel1
5981,93,channel1
5982,67,channel1
5983,86,channel1
5984,77,channel1
5985,172,channel1
5986,177,channel1
5987,154,channel1
5988,77,channel1
5989,122,channel1
5990,97,channel1
5991,64,channel1
5992,54,channel1
5993,56,channel1
5994,55,channel1
5995,60,channel1
5996,46,channel1
5997,77,channel1
5998,150,channel1
5999,156,channel1
6000,69,channel1
6001,115,channel1
6002,97,channel1
6003,159,channel1
6004,179,channel1
6005,179,channel1
6006,77,channel1
6007,40,channel1
6008,77,channel1
6009,100,channel1
6010,151,channel1
6011,150,channel1
6012,159,channel1
6013,159,channel1
6014,159,channel1
6015,140,channel1
6016,87,channel1
6017,65,channel1
6018,84,channel1
6019,150,channel1
6020,61,channel1
6021,136,channel1
6022,90,channel1
6023,73,channel1
6024,93,channel1
6025,90,channel1
6026,64,channel1
6027,41,channel1
6028,101,channel1
6029,133,channel1
6030,87,channel1
6031,58,channel1
6032,84,channel1
6033,201,channel1
6034,209,channel1
6035,159,channel1
6036,177,channel1
6037,51,channel1
6038,100,channel1
6039,112,channel1
6040,43,channel1
6041,187,channel1
6042,63,channel1
6043,159,channel1
6044,151,channel1
6045,179,channel1
6046,133,channel1
6047,39,channel1
6048,44,channel1
6049,83,channel1
6050,58,channel1
6051,140,channel1
6052,129,channel1
6053,97,channel1
6054,57,channel1
6055,115,channel1
6056,93,channel1
6057,48,channel1
6058,48,channel1
6059,86,channel1
6060,161,channel1
6061,119,channel1
6062,187,channel1
6063,190,channel1
6064,215,channel1
6065,200,channel1
6066,159,channel1
6067,71,channel1
6068,97,channel1
6069,55,channel1
6070,46,channel1
6071,49,channel1
6072,122,channel1
6073,151,channel1
6074,71,channel1
6075,151,channel1
6076,133,channel1
6077,80,channel1
6078,112,channel1
6079,61,channel1
6080,143,channel1
6081,203,channel1
6082,108,channel1
6083,115,channel1
6084,151,channel1
6085,154,channel1
6086,80,channel1
6087,100,channel1
6088,88,channel1
6089,129,channel1
6090,101,channel1
6091,67,channel1
6092,126,channel1
6093,156,channel1
6094,112,channel1
6095,112,channel1
6096,42,channel1
6097,67,channel1
6098,101,channel1
6099,93,channel1
6100,45,channel1
6101,40,channel1
6102,45,channel1
6103,41,channel1
6104,64,channel1
6105,64,channel1
6106,64,channel1
6107,44,channel1
6108,46,channel1
6109,55,channel1
6110,87,channel1
6111,71,channel1
6112,42,channel1
6113,64,channel1
6114,42,channel1
6115,66,channel1
6116,52,channel1
6117,43,channel1
6118,42,channel1
6119,53,channel1
6120,90,channel1
6121,67,channel1
6122,38,channel1
6123,63,channel1
6124,41,channel1
6125,40,channel1
6126,78,channel1
6127,49,channel1
6128,56,channel1
6129,52,channel1
6130,47,channel1
6131,53,channel1
6132,66,channel1
6133,54,channel1
6134,51,channel1
6135,78,channel1
6136,147,channel1
6137,72,channel1
6138,38,channel1
6139,42,channel1
6140,45,channel1
6141,49,channel1
6142,85,channel1
6143,56,channel1
6144,55,channel1
6145,66,channel1
6146,74,channel1
6147,47,channel1
6148,59,channel1
6149,68,channel1
6150,55,channel1
6151,51,channel1
6152,36,channel1
6153,36,channel1
6154,52,channel1
6155,55,channel1
6156,63,channel1
6157,49,channel1
6158,38,channel1
6159,41,channel1
6160,43,channel1
6161,35,channel1
6162,41,channel1
6163,46,channel1
6164,48,channel1
6165,87,channel1
6166,65,channel1
6167,102,channel1
6168,113,channel1
6169,99,channel1
6170,40,channel1
6171,41,channel1
6172,31,channel1
6173,50,channel1
6174,43,channel1
6175,82,channel1
6176,58,channel1
6177,40,channel1
6178,45,channel1
6179,64,channel1
6180,64,channel1
6181,44,channel1
6182,56,channel1
6183,89,channel1
6184,67,channel1
6185,54,channel1
6186,43,channel1
6187,47,channel1
6188,63,channel1
6189,70,channel1
6190,42,channel1
6191,66,channel1
6192,48,channel1
6193,44,channel1
6194,28,channel1
6195,35,channel1
6196,51,channel1
6197,64,channel1
6198,44,channel1
6199,43,channel1
6200,38,channel1
6201,48,channel1
6202,42,channel1
6203,64,channel1
6204,55,channel1
6205,35,channel1
6206,61,channel1
6207,61,channel1
6208,56,channel1
6209,45,channel1
6210,42,channel1
6211,56,channel1
6212,48,channel1
6213,49,channel1
6214,62,channel1
6215,48,channel1
6216,61,channel1
6217,53,channel1
6218,39,channel1
6219,45,channel1
6220,103,channel1
6221,57,channel1
6222,42,channel1
6223,36,channel1
6224,42,channel1
6225,44,channel1
6226,63,channel1
6227,73,channel1
6228,42,channel1
6229,39,channel1
6230,40,channel1
6231,47,channel1
6232,62,channel1
6233,57,channel1
6234,46,channel1
6235,52,channel1
6236,48,channel1
6237,33,channel1
6238,49,channel1
6239,52,channel1
6240,46,channel1
6241,51,channel1
6242,54,channel1
6243,41,channel1
6244,51,channel1
6245,62,channel1
6246,43,channel1
6247,56,channel1
6248,48,channel1
6249,45,channel1
6250,42,channel1
6251,56,channel1
6252,62,channel1
6253,56,channel1
6254,51,channel1
6255,61,channel1
6256,61,channel1
6257,46,channel1
6258,46,channel1
6259,48,channel1
6260,55,channel1
6261,71,channel1
6262,56,channel1
6263,61,channel1
6264,51,channel1
6265,45,channel1
6266,46,channel1
6267,50,channel1
6268,67,channel1
6269,59,channel1
6270,50,channel1
6271,54,channel1
6272,60,channel1
6273,47,channel1
6274,54,channel1
6275,55,channel1
6276,49,channel1
6277,48,channel1
6278,51,channel1
6279,44,channel1
6280,67,channel1
6281,80,channel1
6282,50,channel1
6283,50,channel1
6284,50,channel1
6285,44,channel1
6286,43,channel1
6287,65,channel1
6288,61,channel1
6289,52,channel1
6290,63,channel1
6291,55,channel1
6292,51,channel1
6293,36,channel1
6294,54,channel1
6295,61,channel1
6296,50,channel1
6297,63,channel1
6298,71,channel1
6299,66,channel1
6300,61,channel1
6301,46,channel1
6302,46,channel1
6303,50,channel1
6304,80,channel1
6305,71,channel1
6306,62,channel1
6307,69,channel1
6308,70,channel1
6309,50,channel1
6310,42,channel1
6311,50,channel1
6312,63,channel1
6313,61,channel1
6314,46,channel1
6315,46,channel1
6316,63,channel1
6317,101,channel1
6318,88,channel1
6319,60,channel1
6320,43,channel1
6321,44,channel1
6322,72,channel1
6323,81,channel1
6324,95,channel1
6325,61,channel1
6326,67,channel1
6327,65,channel1
6328,93,channel1
6329,84,channel1
6330,72,channel1
6331,115,channel1
6332,90,channel1
6333,65,channel1
6334,58,channel1
6335,56,channel1
6336,87,channel1
6337,81,channel1
6338,44,channel1
6339,61,channel1
6340,76,channel1
6341,45,channel1
6342,64,channel1
6343,112,channel1
6344,82,channel1
6345,77,channel1
6346,80,channel1
6347,58,channel1
6348,60,channel1
6349,80,channel1
6350,177,channel1
6351,55,channel1
6352,41,channel1
6353,48,channel1
6354,61,channel1
6355,136,channel1
6356,101,channel1
6357,61,channel1
6358,54,channel1
6359,85,channel1
6360,91,channel1
6361,52,channel1
6362,67,channel1
6363,45,channel1
6364,58,channel1
6365,52,channel1
6366,56,channel1
6367,87,channel1
6368,60,channel1
6369,56,channel1
6370,56,channel1
6371,98,channel1
6372,133,channel1
6373,174,channel1
6374,182,channel1
6375,77,channel1
6376,105,channel1
6377,60,channel1
6378,87,channel1
6379,68,channel1
6380,54,channel1
6381,101,channel1
6382,195,channel1
6383,219,channel1
6384,166,channel1
6385,71,channel1
6386,100,channel1
6387,213,channel1
6388,150,channel1
6389,57,channel1
6390,161,channel1
6391,200,channel1
6392,192,channel1
6393,105,channel1
6394,69,channel1
6395,166,channel1
6396,119,channel1
6397,54,channel1
6398,119,channel1
6399,136,channel1
6400,195,channel1
6401,164,channel1
6402,97,channel1
6403,133,channel1
6404,140,channel1
6405,201,channel1
6406,227,channel1
6407,247,channel1
6408,218,channel1
6409,200,channel1
6410,190,channel1
6411,54,channel1
6412,71,channel1
6413,166,channel1
6414,93,channel1
6415,97,channel1
6416,43,channel1
6417,116,channel1
6418,190,channel1
6419,179,channel1
6420,159,channel1
6421,43,channel1
6422,77,channel1
6423,119,channel1
6424,112,channel1
6425,192,channel1
6426,169,channel1
6427,65,channel1
6428,71,channel1
6429,79,channel1
6430,71,channel1
6431,101,channel1
6432,172,channel1
6433,185,channel1
6434,202,channel1
6435,69,channel1
6436,66,channel1
6437,65,channel1
6438,101,channel1
6439,172,channel1
6440,133,channel1
6441,51,channel1
6442,61,channel1
6443,55,channel1
6444,45,channel1
6445,80,channel1
6446,38,channel1
6447,48,channel1
6448,87,channel1
6449,112,channel1
6450,80,channel1
6451,61,channel1
6452,81,channel1
6453,72,channel1
6454,129,channel1
6455,93,channel1
6456,129,channel1
6457,42,channel1
6458,37,channel1
6459,63,channel1
6460,77,channel1
6461,169,channel1
6462,56,channel1
6463,63,channel1
6464,56,channel1
6465,42,channel1
6466,66,channel1
6467,57,channel1
6468,42,channel1
6469,62,channel1
6470,58,channel1
6471,101,channel1
6472,72,channel1
6473,103,channel1
6474,93,channel1
6475,33,channel1
6476,64,channel1
6477,47,channel1
6478,42,channel1
6479,70,channel1
6480,47,channel1
6481,55,channel1
6482,51,channel1
6483,53,channel1
6484,90,channel1
6485,68,channel1
6486,67,channel1
6487,103,channel1
6488,84,channel1
6489,112,channel1
6490,143,channel1
6491,69,channel1
6492,63,channel1
6493,105,channel1
6494,65,channel1
6495,41,channel1
6496,62,channel1
6497,79,channel1
6498,58,channel1
6499,42,channel1
6500,44,channel1
6501,47,channel1
6502,52,channel1
6503,47,channel1
6504,56,channel1
6505,41,channel1
6506,42,channel1
6507,46,channel1
6508,55,channel1
6509,41,channel1
6510,39,channel1
6511,49,channel1
6512,45,channel1
6513,101,channel1
6514,101,channel1
6515,95,channel1
6516,43,channel1
6517,40,channel1
6518,57,channel1
6519,65,channel1
6520,57,channel1
6521,56,channel1
6522,37,channel1
6523,29,channel1
6524,31,channel1
6525,39,channel1
6526,36,channel1
6527,45,channel1
6528,47,channel1
6529,40,channel1
6530,39,channel1
6531,42,channel1
6532,47,channel1
6533,53,channel1
6534,97,channel1
6535,76,channel1
6536,106,channel1
6537,51,channel1
6538,51,channel1
6539,51,channel1
6540,48,channel1
6541,64,channel1
6542,38,channel1
6543,42,channel1
6544,61,channel1
6545,62,channel1
6546,43,channel1
6547,51,channel1
6548,56,channel1
6549,54,channel1
6550,49,channel1
6551,34,channel1
6552,32,channel1
6553,42,channel1
6554,74,channel1
6555,83,channel1
6556,49,channel1
6557,68,channel1
6558,39,channel1
6559,39,channel1
6560,49,channel1
6561,81,channel1
6562,109,channel1
6563,55,channel1
6564,57,channel1
6565,74,channel1
6566,44,channel1
6567,62,channel1
6568,45,channel1
6569,57,channel1
6570,40,channel1
6571,34,channel1
6572,32,channel1
6573,44,channel1
6574,71,channel1
6575,67,channel1
6576,42,channel1
6577,38,channel1
6578,60,channel1
6579,50,channel1
6580,55,channel1
6581,83,channel1
6582,67,channel1
6583,44,channel1
6584,76,channel1
6585,49,channel1
6586,42,channel1
6587,44,channel1
6588,45,channel1
6589,61,channel1
6590,42,channel1
6591,65,channel1
6592,41,channel1
6593,41,channel1
6594,38,channel1
6595,44,channel1
6596,39,channel1
6597,43,channel1
6598,46,channel1
6599,55,channel1
6600,40,channel1
6601,43,channel1
6602,57,channel1
6603,55,channel1
6604,44,channel1
6605,70,channel1
6606,79,channel1
6607,39,channel1
6608,58,channel1
6609,91,channel1
6610,54,channel1
6611,50,channel1
6612,43,channel1
6613,57,channel1
6614,49,channel1
6615,49,channel1
6616,86,channel1
6617,99,channel1
6618,82,channel1
6619,57,channel1
6620,39,channel1
6621,41,channel1
6622,81,channel1
6623,95,channel1
6624,53,channel1
6625,69,channel1
6626,60,channel1
6627,43,channel1
6628,36,channel1
6629,52,channel1
6630,50,channel1
6631,45,channel1
6632,47,channel1
6633,51,channel1
6634,78,channel1
6635,72,channel1
6636,71,channel1
6637,77,channel1
6638,60,channel1
6639,37,channel1
6640,37,channel1
6641,56,channel1
6642,63,channel1
6643,45,channel1
6644,56,channel1
6645,52,channel1
6646,49,channel1
6647,52,channel1
6648,124,channel1
6649,54,channel1
6650,43,channel1
6651,68,channel1
6652,66,channel1
6653,64,channel1
6654,76,channel1
6655,64,channel1
6656,42,channel1
6657,44,channel1
6658,63,channel1
6659,56,channel1
6660,65,channel1
6661,97,channel1
6662,140,channel1
6663,87,channel1
6664,74,channel1
6665,90,channel1
6666,112,channel1
6667,45,channel1
6668,64,channel1
6669,49,channel1
6670,42,channel1
6671,41,channel1
6672,48,channel1
6673,100,channel1
6674,101,channel1
6675,67,channel1
6676,53,channel1
6677,79,channel1
6678,74,channel1
6679,80,channel1
6680,101,channel1
6681,99,channel1
6682,82,channel1
6683,86,channel1
6684,99,channel1
6685,102,channel1
6686,54,channel1
6687,81,channel1
6688,82,channel1
6689,68,channel1
6690,77,channel1
6691,86,channel1
6692,54,channel1
6693,44,channel1
6694,54,channel1
6695,84,channel1
6696,98,channel1
6697,104,channel1
6698,54,channel1
6699,64,channel1
6700,90,channel1
6701,77,channel1
6702,65,channel1
6703,85,channel1
6704,74,channel1
6705,44,channel1
6706,32,channel1
6707,39,channel1
6708,57,channel1
6709,71,channel1
6710,80,channel1
6711,166,channel1
6712,202,channel1
6713,159,channel1
6714,101,channel1
6715,154,channel1
6716,166,channel1
6717,140,channel1
6718,43,channel1
6719,67,channel1
6720,108,channel1
6721,70,channel1
6722,90,channel1
6723,108,channel1
6724,159,channel1
6725,182,channel1
6726,182,channel1
6727,161,channel1
6728,67,channel1
6729,151,channel1
6730,51,channel1
6731,58,channel1
6732,63,channel1
6733,44,channel1
6734,42,channel1
6735,35,channel1
6736,58,channel1
6737,77,channel1
6738,62,channel1
6739,50,channel1
6740,64,channel1
6741,87,channel1
6742,87,channel1
6743,126,channel1
6744,112,channel1
6745,49,channel1
6746,147,channel1
6747,218,channel1
6748,187,channel1
6749,122,channel1
6750,64,channel1
6751,126,channel1
6752,208,channel1
6753,202,channel1
6754,61,channel1
6755,97,channel1
6756,58,channel1
6757,90,channel1
6758,45,channel1
6759,78,channel1
6760,154,channel1
6761,207,channel1
6762,93,channel1
6763,74,channel1
6764,54,channel1
6765,52,channel1
6766,90,channel1
6767,67,channel1
6768,41,channel1
6769,80,channel1
6770,185,channel1
6771,166,channel1
6772,156,channel1
6773,177,channel1
6774,126,channel1
6775,133,channel1
6776,156,channel1
6777,151,channel1
6778,197,channel1
6779,156,channel1
6780,166,channel1
6781,164,channel1
6782,93,channel1
6783,115,channel1
6784,161,channel1
6785,166,channel1
6786,182,channel1
6787,140,channel1
6788,74,channel1
6789,93,channel1
6790,93,channel1
6791,154,channel1
6792,187,channel1
6793,192,channel1
6794,177,channel1
6795,100,channel1
6796,90,channel1
6797,101,channel1
6798,53,channel1
6799,84,channel1
6800,74,channel1
6801,50,channel1
6802,66,channel1
6803,136,channel1
6804,169,channel1
6805,51,channel1
6806,126,channel1
6807,49,channel1
6808,64,channel1
6809,182,channel1
6810,177,channel1
6811,197,channel1
6812,205,channel1
6813,147,channel1
6814,108,channel1
6815,87,channel1
6816,100,channel1
6817,182,channel1
6818,169,channel1
6819,105,channel1
6820,71,channel1
6821,112,channel1
6822,105,channel1
6823,150,channel1
6824,64,channel1
6825,172,channel1
6826,122,channel1
6827,58,channel1
6828,32,channel1
6829,43,channel1
6830,101,channel1
6831,172,channel1
6832,77,channel1
6833,161,channel1
6834,156,channel1
6835,154,channel1
6836,67,channel1
6837,58,channel1
6838,80,channel1
6839,101,channel1
6840,85,channel1
6841,58,channel1
6842,41,channel1
6843,62,channel1
6844,69,channel1
6845,140,channel1
6846,172,channel1
6847,57,channel1
6848,56,channel1
6849,71,channel1
6850,47,channel1
6851,58,channel1
6852,41,channel1
6853,45,channel1
6854,62,channel1
6855,55,channel1
6856,64,channel1
6857,80,channel1
6858,33,channel1
6859,31,channel1
6860,26,channel1
6861,41,channel1
6862,42,channel1
6863,62,channel1
6864,35,channel1
6865,49,channel1
6866,56,channel1
6867,105,channel1
6868,55,channel1
6869,70,channel1
6870,43,channel1
6871,34,channel1
6872,53,channel1
6873,52,channel1
6874,65,channel1
6875,66,channel1
6876,45,channel1
6877,64,channel1
6878,37,channel1
6879,44,channel1
6880,33,channel1
6881,33,channel1
6882,40,channel1
6883,42,channel1
6884,41,channel1
6885,52,channel1
6886,40,channel1
6887,52,channel1
6888,38,channel1
6889,50,channel1
6890,61,channel1
6891,50,channel1
6892,47,channel1
6893,82,channel1
6894,55,channel1
6895,40,channel1
6896,46,channel1
6897,48,channel1
6898,56,channel1
6899,70,channel1
6900,55,channel1
6901,29,channel1
6902,51,channel1
6903,53,channel1
6904,47,channel1
6905,113,channel1
6906,36,channel1
6907,27,channel1
6908,48,channel1
6909,93,channel1
6910,65,channel1
6911,57,channel1
6912,52,channel1
6913,68,channel1
6914,56,channel1
6915,57,channel1
6916,62,channel1
6917,80,channel1
6918,44,channel1
6919,47,channel1
6920,62,channel1
6921,42,channel1
6922,49,channel1
6923,48,channel1
6924,50,channel1
6925,56,channel1
6926,74,channel1
6927,67,channel1
6928,55,channel1
6929,67,channel1
6930,48,channel1
6931,49,channel1
6932,40,channel1
6933,53,channel1
6934,47,channel1
6935,53,channel1
6936,69,channel1
6937,58,channel1
6938,82,channel1
6939,43,channel1
6940,40,channel1
6941,48,channel1
6942,36,channel1
6943,52,channel1
6944,52,channel1
6945,47,channel1
6946,44,channel1
6947,84,channel1
6948,46,channel1
6949,69,channel1
6950,104,channel1
6951,65,channel1
6952,66,channel1
6953,81,channel1
6954,64,channel1
6955,49,channel1
6956,74,channel1
6957,57,channel1
6958,71,channel1
6959,72,channel1
6960,81,channel1
6961,57,channel1
6962,137,channel1
6963,53,channel1
6964,47,channel1
6965,55,channel1
6966,47,channel1
6967,60,channel1
6968,102,channel1
6969,52,channel1
6970,46,channel1
6971,67,channel1
6972,64,channel1
6973,68,channel1
6974,78,channel1
6975,76,channel1
6976,83,channel1
6977,42,channel1
6978,45,channel1
6979,41,channel1
6980,79,channel1
6981,71,channel1
6982,52,channel1
6983,84,channel1
6984,64,channel1
6985,39,channel1
6986,59,channel1
6987,57,channel1
6988,110,channel1
6989,136,channel1
6990,78,channel1
6991,90,channel1
6992,55,channel1
6993,39,channel1
6994,51,channel1
6995,71,channel1
6996,53,channel1
6997,47,channel1
6998,54,channel1
6999,63,channel1
7000,61,channel1
7001,46,channel1
7002,66,channel1
7003,73,channel1
7004,47,channel1
7005,55,channel1
7006,57,channel1
7007,45,channel1
7008,47,channel1
7009,53,channel1
7010,52,channel1
7011,46,channel1
7012,42,channel1
7013,45,channel1
7014,55,channel1
7015,50,channel1
7016,64,channel1
7017,78,channel1
7018,76,channel1
7019,48,channel1
7020,57,channel1
7021,60,channel1
7022,49,channel1
7023,60,channel1
7024,70,channel1
7025,51,channel1
7026,64,channel1
7027,60,channel1
7028,46,channel1
7029,67,channel1
7030,73,channel1
7031,90,channel1
7032,72,channel1
7033,60,channel1
7034,52,channel1
7035,48,channel1
7036,66,channel1
7037,86,channel1
7038,73,channel1
7039,101,channel1
7040,58,channel1
7041,48,channel1
7042,49,channel1
7043,48,channel1
7044,58,channel1
7045,67,channel1
7046,71,channel1
7047,133,channel1
7048,68,channel1
7049,42,channel1
7050,102,channel1
7051,69,channel1
7052,80,channel1
7053,74,channel1
7054,60,channel1
7055,50,channel1
7056,67,channel1
7057,84,channel1
7058,50,channel1
7059,64,channel1
7060,58,channel1
7061,61,channel1
7062,58,channel1
7063,80,channel1
7064,60,channel1
7065,50,channel1
7066,71,channel1
7067,82,channel1
7068,54,channel1
7069,71,channel1
7070,58,channel1
7071,44,channel1
7072,60,channel1
7073,105,channel1
7074,71,channel1
7075,51,channel1
7076,49,channel1
7077,50,channel1
7078,67,channel1
7079,56,channel1
7080,47,channel1
7081,50,channel1
7082,92,channel1
7083,187,channel1
7084,105,channel1
7085,131,channel1
7086,63,channel1
7087,64,channel1
7088,53,channel1
7089,87,channel1
7090,156,channel1
7091,204,channel1
7092,201,channel1
7093,169,channel1
7094,179,channel1
7095,101,channel1
7096,64,channel1
7097,119,channel1
7098,169,channel1
7099,207,channel1
7100,161,channel1
7101,100,channel1
7102,61,channel1
7103,101,channel1
7104,49,channel1
7105,39,channel1
7106,90,channel1
7107,87,channel1
7108,64,channel1
7109,59,channel1
7110,56,channel1
7111,90,channel1
7112,71,channel1
7113,53,channel1
7114,136,channel1
7115,185,channel1
7116,129,channel1
7117,126,channel1
7118,185,channel1
7119,174,channel1
7120,105,channel1
7121,112,channel1
7122,56,channel1
7123,68,channel1
7124,92,channel1
7125,182,channel1
7126,110,channel1
7127,122,channel1
7128,202,channel1
7129,150,channel1
7130,101,channel1
7131,210,channel1
7132,77,channel1
7133,75,channel1
7134,61,channel1
7135,97,channel1
7136,108,channel1
7137,197,channel1
7138,232,channel1
7139,232,channel1
7140,210,channel1
7141,212,channel1
7142,129,channel1
7143,80,channel1
7144,58,channel1
7145,218,channel1
7146,205,channel1
7147,203,channel1
7148,166,channel1
7149,159,channel1
7150,179,channel1
7151,185,channel1
7152,205,channel1
7153,209,channel1
7154,174,channel1
7155,136,channel1
7156,97,channel1
7157,179,channel1
7158,164,channel1
7159,147,channel1
7160,151,channel1
7161,126,channel1
7162,45,channel1
7163,64,channel1
7164,182,channel1
7165,182,channel1
7166,172,channel1
7167,177,channel1
7168,67,channel1
7169,90,channel1
7170,192,channel1
7171,108,channel1
7172,58,channel1
7173,42,channel1
7174,33,channel1
7175,36,channel1
7176,78,channel1
7177,150,channel1
7178,90,channel1
7179,53,channel1
7180,112,channel1
7181,126,channel1
7182,122,channel1
7183,33,channel1
7184,89,channel1
7185,67,channel1
7186,154,channel1
7187,143,channel1
7188,50,channel1
7189,30,channel1
7190,47,channel1
7191,57,channel1
7192,108,channel1
7193,143,channel1
7194,51,channel1
7195,63,channel1
7196,100,channel1
7197,101,channel1
7198,90,channel1
7199,90,channel1
7200,37,channel1
7201,40,channel1
7202,49,channel1
7203,80,channel1
7204,90,channel1
7205,58,channel1
7206,31,channel1
7207,60,channel1
7208,91,channel1
7209,105,channel1
7210,47,channel1
7211,72,channel1
7212,100,channel1
7213,70,channel1
7214,70,channel1
7215,58,channel1
7216,71,channel1
7217,77,channel1
7218,56,channel1
7219,33,channel1
7220,52,channel1
7221,42,channel1
7222,67,channel1
7223,68,channel1
7224,89,channel1
7225,48,channel1
7226,49,channel1
7227,97,channel1
7228,39,channel1
7229,54,channel1
7230,71,channel1
7231,85,channel1
7232,56,channel1
7233,46,channel1
7234,64,channel1
7235,62,channel1
7236,77,channel1
7237,37,channel1
7238,38,channel1
7239,44,channel1
7240,59,channel1
7241,56,channel1
7242,55,channel1
7243,100,channel1
7244,137,channel1
7245,91,channel1
7246,101,channel1
7247,130,channel1
7248,40,channel1
7249,49,channel1
7250,67,channel1
7251,56,channel1
7252,38,channel1
7253,56,channel1
7254,73,channel1
7255,97,channel1
7256,61,channel1
7257,55,channel1
7258,58,channel1
7259,91,channel1
7260,42,channel1
7261,44,channel1
7262,46,channel1
7263,60,channel1
7264,68,channel1
7265,75,channel1
7266,51,channel1
7267,55,channel1
7268,113,channel1
7269,61,channel1
7270,61,channel1
7271,98,channel1
7272,43,channel1
7273,40,channel1
7274,54,channel1
7275,33,channel1
7276,43,channel1
7277,58,channel1
7278,103,channel1
7279,82,channel1
7280,97,channel1
7281,75,channel1
7282,42,channel1
7283,89,channel1
7284,108,channel1
7285,83,channel1
7286,64,channel1
7287,48,channel1
7288,88,channel1
7289,60,channel1
7290,45,channel1
7291,50,channel1
7292,59,channel1
7293,56,channel1
7294,42,channel1
7295,72,channel1
7296,45,channel1
7297,50,channel1
7298,75,channel1
7299,51,channel1
7300,43,channel1
7301,68,channel1
7302,47,channel1
7303,60,channel1
7304,74,channel1
7305,69,channel1
7306,93,channel1
7307,118,channel1
7308,121,channel1
7309,92,channel1
7310,64,channel1
7311,42,channel1
7312,50,channel1
7313,76,channel1
7314,64,channel1
7315,82,channel1
7316,73,channel1
7317,48,channel1
7318,48,channel1
7319,55,channel1
7320,43,channel1
7321,49,channel1
7322,56,channel1
7323,44,channel1
7324,46,channel1
7325,110,channel1
7326,83,channel1
7327,44,channel1
7328,56,channel1
7329,48,channel1
7330,115,channel1
7331,72,channel1
7332,52,channel1
7333,42,channel1
7334,56,channel1
7335,78,channel1
7336,98,channel1
7337,86,channel1
7338,78,channel1
7339,49,channel1
7340,82,channel1
7341,72,channel1
7342,62,channel1
7343,53,channel1
7344,56,channel1
7345,61,channel1
7346,90,channel1
7347,132,channel1
7348,121,channel1
7349,62,channel1
7350,69,channel1
7351,70,channel1
7352,62,channel1
7353,78,channel1
7354,56,channel1
7355,66,channel1
7356,63,channel1
7357,66,channel1
7358,77,channel1
7359,108,channel1
7360,103,channel1
7361,120,channel1
7362,83,channel1
7363,98,channel1
7364,79,channel1
7365,44,channel1
7366,65,channel1
7367,66,channel1
7368,49,channel1
7369,46,channel1
7370,49,channel1
7371,50,channel1
7372,53,channel1
7373,78,channel1
7374,111,channel1
7375,115,channel1
7376,77,channel1
7377,79,channel1
7378,41,channel1
7379,61,channel1
7380,65,channel1
7381,73,channel1
7382,79,channel1
7383,57,channel1
7384,63,channel1
7385,53,channel1
7386,52,channel1
7387,68,channel1
7388,60,channel1
7389,95,channel1
7390,102,channel1
7391,78,channel1
7392,58,channel1
7393,74,channel1
7394,68,channel1
7395,56,channel1
7396,58,channel1
7397,48,channel1
7398,60,channel1
7399,77,channel1
7400,98,channel1
7401,56,channel1
7402,47,channel1
7403,87,channel1
7404,80,channel1
7405,90,channel1
7406,45,channel1
7407,55,channel1
7408,70,channel1
7409,61,channel1
7410,62,channel1
7411,77,channel1
7412,94,channel1
7413,60,channel1
7414,50,channel1
7415,75,channel1
7416,60,channel1
7417,63,channel1
7418,51,channel1
7419,40,channel1
7420,34,channel1
7421,60,channel1
7422,56,channel1
7423,48,channel1
7424,64,channel1
7425,83,channel1
7426,73,channel1
7427,61,channel1
7428,87,channel1
7429,74,channel1
7430,105,channel1
7431,97,channel1
7432,100,channel1
7433,174,channel1
7434,151,channel1
7435,192,channel1
7436,192,channel1
7437,80,channel1
7438,62,channel1
7439,87,channel1
7440,84,channel1
7441,74,channel1
7442,67,channel1
7443,84,channel1
7444,108,channel1
7445,101,channel1
7446,70,channel1
7447,49,channel1
7448,68,channel1
7449,61,channel1
7450,84,channel1
7451,101,channel1
7452,93,channel1
7453,77,channel1
7454,51,channel1
7455,45,channel1
7456,36,channel1
7457,93,channel1
7458,66,channel1
7459,164,channel1
7460,209,channel1
7461,64,channel1
7462,80,channel1
7463,99,channel1
7464,42,channel1
7465,58,channel1
7466,112,channel1
7467,220,channel1
7468,227,channel1
7469,212,channel1
7470,75,channel1
7471,57,channel1
7472,61,channel1
7473,78,channel1
7474,126,channel1
7475,119,channel1
7476,60,channel1
7477,50,channel1
7478,122,channel1
7479,100,channel1
7480,108,channel1
7481,80,channel1
7482,164,channel1
7483,147,channel1
7484,159,channel1
7485,115,channel1
7486,80,channel1
7487,73,channel1
7488,74,channel1
7489,105,channel1
7490,151,channel1
7491,150,channel1
7492,115,channel1
7493,97,channel1
7494,77,channel1
7495,42,channel1
7496,48,channel1
7497,154,channel1
7498,112,channel1
7499,67,channel1
7500,101,channel1
7501,147,channel1
7502,67,channel1
7503,54,channel1
7504,112,channel1
7505,105,channel1
7506,150,channel1
7507,45,channel1
7508,64,channel1
7509,161,channel1
7510,67,channel1
7511,71,channel1
7512,74,channel1
7513,56,channel1
7514,94,channel1
7515,59,channel1
7516,61,channel1
7517,59,channel1
7518,60,channel1
7519,76,channel1
7520,74,channel1
7521,140,channel1
7522,77,channel1
7523,69,channel1
7524,84,channel1
7525,100,channel1
7526,154,channel1
7527,147,channel1
7528,133,channel1
7529,105,channel1
7530,115,channel1
7531,49,channel1
7532,36,channel1
7533,37,channel1
7534,60,channel1
7535,69,channel1
7536,46,channel1
7537,63,channel1
7538,49,channel1
7539,56,channel1
7540,45,channel1
7541,93,channel1
7542,85,channel1
7543,106,channel1
7544,74,channel1
7545,129,channel1
7546,136,channel1
7547,105,channel1
7548,66,channel1
7549,58,channel1
7550,98,channel1
7551,41,channel1
7552,62,channel1
7553,74,channel1
7554,56,channel1
7555,41,channel1
7556,64,channel1
7557,67,channel1
7558,60,channel1
7559,151,channel1
7560,103,channel1
7561,101,channel1
7562,78,channel1
7563,45,channel1
7564,100,channel1
7565,94,channel1
7566,30,channel1
7567,51,channel1
7568,72,channel1
7569,74,channel1
7570,122,channel1
7571,70,channel1
7572,47,channel1
7573,55,channel1
7574,52,channel1
7575,36,channel1
7576,33,channel1
7577,59,channel1
7578,94,channel1
7579,52,channel1
7580,64,channel1
7581,57,channel1
7582,92,channel1
7583,94,channel1
7584,90,channel1
7585,53,channel1
7586,89,channel1
7587,36,channel1
7588,28,channel1
7589,36,channel1
7590,42,channel1
7591,54,channel1
7592,67,channel1
7593,74,channel1
7594,80,channel1
7595,101,channel1
7596,74,channel1
7597,60,channel1
7598,62,channel1
7599,55,channel1
7600,72,channel1
7601,100,channel1
7602,38,channel1
7603,46,channel1
7604,64,channel1
7605,99,channel1
7606,155,channel1
7607,162,channel1
7608,69,channel1
7609,36,channel1
7610,37,channel1
7611,42,channel1
7612,46,channel1
7613,54,channel1
7614,76,channel1
7615,80,channel1
7616,47,channel1
7617,42,channel1
7618,45,channel1
7619,77,channel1
7620,90,channel1
7621,46,channel1
7622,37,channel1
7623,27,channel1
7624,63,channel1
7625,83,channel1
7626,51,channel1
7627,70,channel1
7628,71,channel1
7629,58,channel1
7630,79,channel1
7631,128,channel1
7632,63,channel1
7633,57,channel1
7634,39,channel1
7635,52,channel1
7636,80,channel1
7637,88,channel1
7638,57,channel1
7639,68,channel1
7640,84,channel1
7641,52,channel1
7642,41,channel1
7643,36,channel1
7644,54,channel1
7645,85,channel1
7646,82,channel1
7647,46,channel1
7648,65,channel1
7649,95,channel1
7650,91,channel1
7651,68,channel1
7652,128,channel1
7653,52,channel1
7654,57,channel1
7655,66,channel1
7656,58,channel1
7657,58,channel1
7658,48,channel1
7659,62,channel1
7660,91,channel1
7661,78,channel1
7662,76,channel1
7663,92,channel1
7664,64,channel1
7665,82,channel1
7666,36,channel1
7667,53,channel1
7668,71,channel1
7669,52,channel1
7670,64,channel1
7671,66,channel1
7672,48,channel1
7673,48,channel1
7674,54,channel1
7675,84,channel1
7676,108,channel1
7677,90,channel1
7678,74,channel1
7679,105,channel1
7680,118,channel1
7681,61,channel1
7682,62,channel1
7683,82,channel1
7684,78,channel1
7685,119,channel1
7686,143,channel1
7687,101,channel1
7688,83,channel1
7689,72,channel1
7690,56,channel1
7691,87,channel1
7692,66,channel1
7693,50,channel1
7694,117,channel1
7695,150,channel1
7696,121,channel1
7697,119,channel1
7698,68,channel1
7699,80,channel1
7700,91,channel1
7701,83,channel1
7702,77,channel1
7703,112,channel1
7704,71,channel1
7705,76,channel1
7706,50,channel1
7707,58,channel1
7708,81,channel1
7709,115,channel1
7710,77,channel1
7711,73,channel1
7712,114,channel1
7713,53,channel1
7714,39,channel1
7715,85,channel1
7716,82,channel1
7717,118,channel1
7718,112,channel1
7719,74,channel1
7720,54,channel1
7721,69,channel1
7722,68,channel1
7723,83,channel1
7724,72,channel1
7725,50,channel1
7726,74,channel1
7727,75,channel1
7728,58,channel1
7729,54,channel1
7730,117,channel1
7731,51,channel1
7732,88,channel1
7733,97,channel1
7734,87,channel1
7735,66,channel1
7736,58,channel1
7737,43,channel1
7738,62,channel1
7739,73,channel1
7740,65,channel1
7741,57,channel1
7742,90,channel1
7743,66,channel1
7744,79,channel1
7745,60,channel1
7746,74,channel1
7747,73,channel1
7748,141,channel1
7749,43,channel1
7750,49,channel1
7751,58,channel1
7752,48,channel1
7753,46,channel1
7754,54,channel1
7755,55,channel1
7756,45,channel1
7757,70,channel1
7758,42,channel1
7759,58,channel1
7760,87,channel1
7761,52,channel1
7762,73,channel1
7763,72,channel1
7764,61,channel1
7765,60,channel1
7766,62,channel1
7767,76,channel1
7768,91,channel1
7769,77,channel1
7770,55,channel1
7771,112,channel1
7772,59,channel1
7773,49,channel1
7774,82,channel1
7775,66,channel1
7776,52,channel1
7777,77,channel1
7778,82,channel1
7779,55,channel1
7780,47,channel1
7781,63,channel1
7782,87,channel1
7783,87,channel1
7784,97,channel1
7785,101,channel1
7786,71,channel1
7787,55,channel1
7788,64,channel1
7789,77,channel1
7790,61,channel1
7791,64,channel1
7792,101,channel1
7793,151,channel1
7794,174,channel1
7795,204,channel1
7796,203,channel1
7797,84,channel1
7798,45,channel1
7799,58,channel1
7800,52,channel1
7801,87,channel1
7802,147,channel1
7803,179,channel1
7804,147,channel1
7805,49,channel1
7806,49,channel1
7807,64,channel1
7808,89,channel1
7809,60,channel1
7810,72,channel1
7811,97,channel1
7812,57,channel1
7813,47,channel1
7814,64,channel1
7815,61,channel1
7816,51,channel1
7817,69,channel1
7818,53,channel1
7819,67,channel1
7820,71,channel1
7821,63,channel1
7822,44,channel1
7823,54,channel1
7824,81,channel1
7825,58,channel1
7826,56,channel1
7827,77,channel1
7828,97,channel1
7829,68,channel1
7830,74,channel1
7831,80,channel1
7832,93,channel1
7833,87,channel1
7834,154,channel1
7835,154,channel1
7836,202,channel1
7837,159,channel1
7838,112,channel1
7839,57,channel1
7840,50,channel1
7841,115,channel1
7842,216,channel1
7843,205,channel1
7844,108,channel1
7845,52,channel1
7846,46,channel1
7847,48,channel1
7848,112,channel1
7849,164,channel1
7850,161,channel1
7851,179,channel1
7852,161,channel1
7853,209,channel1
7854,143,channel1
7855,39,channel1
7856,93,channel1
7857,120,channel1
7858,87,channel1
7859,54,channel1
7860,133,channel1
7861,54,channel1
7862,151,channel1
7863,169,channel1
7864,67,channel1
7865,56,channel1
7866,44,channel1
7867,41,channel1
7868,67,channel1
7869,80,channel1
7870,195,channel1
7871,136,channel1
7872,54,channel1
7873,74,channel1
7874,151,channel1
7875,177,channel1
7876,172,channel1
7877,156,channel1
7878,177,channel1
7879,49,channel1
7880,61,channel1
7881,97,channel1
7882,67,channel1
7883,83,channel1
7884,133,channel1
7885,169,channel1
7886,164,channel1
7887,151,channel1
7888,73,channel1
7889,164,channel1
7890,177,channel1
7891,218,channel1
7892,179,channel1
7893,209,channel1
7894,174,channel1
7895,92,channel1
7896,60,channel1
7897,67,channel1
7898,122,channel1
7899,126,channel1
7900,133,channel1
7901,119,channel1
7902,108,channel1
7903,154,channel1
7904,100,channel1
7905,77,channel1
7906,115,channel1
7907,127,channel1
7908,140,channel1
7909,71,channel1
7910,122,channel1
7911,87,channel1
7912,115,channel1
7913,71,channel1
7914,100,channel1
7915,119,channel1
7916,49,channel1
7917,47,channel1
7918,101,channel1
7919,78,channel1
7920,58,channel1
7921,64,channel1
7922,164,channel1
7923,143,channel1
7924,87,channel1
7925,50,channel1
7926,67,channel1
7927,52,channel1
7928,140,channel1
7929,39,channel1
7930,49,channel1
7931,65,channel1
7932,77,channel1
7933,73,channel1
7934,126,channel1
7935,65,channel1
7936,58,channel1
7937,104,channel1
7938,80,channel1
7939,148,channel1
7940,85,channel1
7941,45,channel1
7942,58,channel1
7943,49,channel1
7944,32,channel1
7945,37,channel1
7946,45,channel1
7947,99,channel1
7948,105,channel1
7949,115,channel1
7950,115,channel1
7951,46,channel1
7952,46,channel1
7953,34,channel1
7954,72,channel1
7955,61,channel1
7956,61,channel1
7957,71,channel1
7958,100,channel1
7959,53,channel1
7960,43,channel1
7961,59,channel1
7962,39,channel1
7963,57,channel1
7964,66,channel1
7965,82,channel1
7966,93,channel1
7967,71,channel1
7968,70,channel1
7969,73,channel1
7970,62,channel1
7971,44,channel1
7972,26,channel1
7973,36,channel1
7974,54,channel1
7975,52,channel1
7976,66,channel1
7977,90,channel1
7978,70,channel1
7979,53,channel1
7980,51,channel1
7981,33,channel1
7982,35,channel1
7983,50,channel1
7984,71,channel1
7985,51,channel1
7986,89,channel1
7987,40,channel1
7988,58,channel1
7989,77,channel1
7990,80,channel1
7991,118,channel1
7992,87,channel1
7993,42,channel1
7994,67,channel1
7995,67,channel1
7996,40,channel1
7997,56,channel1
7998,77,channel1
7999,108,channel1
8000,79,channel1
8001,43,channel1
8002,57,channel1
8003,64,channel1
8004,79,channel1
8005,65,channel1
8006,84,channel1
8007,52,channel1
8008,54,channel1
8009,92,channel1
8010,93,channel1
8011,76,channel1
8012,72,channel1
8013,42,channel1
8014,51,channel1
8015,52,channel1
8016,79,channel1
8017,67,channel1
8018,74,channel1
8019,90,channel1
8020,101,channel1
8021,41,channel1
8022,35,channel1
8023,66,channel1
8024,44,channel1
8025,48,channel1
8026,47,channel1
8027,36,channel1
8028,52,channel1
8029,72,channel1
8030,59,channel1
8031,38,channel1
8032,56,channel1
8033,71,channel1
8034,63,channel1
8035,54,channel1
8036,54,channel1
8037,59,channel1
8038,52,channel1
8039,51,channel1
8040,59,channel1
8041,55,channel1
8042,87,channel1
8043,96,channel1
8044,45,channel1
8045,65,channel1
8046,74,channel1
8047,84,channel1
8048,83,channel1
8049,52,channel1
8050,35,channel1
8051,57,channel1
8052,74,channel1
8053,44,channel1
8054,71,channel1
8055,52,channel1
8056,63,channel1
8057,70,channel1
8058,101,channel1
8059,57,channel1
8060,67,channel1
8061,69,channel1
8062,42,channel1
8063,59,channel1
8064,64,channel1
8065,77,channel1
8066,83,channel1
8067,59,channel1
8068,52,channel1
8069,64,channel1
8070,46,channel1
8071,54,channel1
8072,63,channel1
8073,45,channel1
8074,67,channel1
8075,113,channel1
8076,71,channel1
8077,58,channel1
8078,56,channel1
8079,42,channel1
8080,58,channel1
8081,48,channel1
8082,57,channel1
8083,54,channel1
8084,76,channel1
8085,48,channel1
8086,50,channel1
8087,88,channel1
8088,78,channel1
8089,60,channel1
8090,54,channel1
8091,42,channel1
8092,53,channel1
8093,76,channel1
8094,71,channel1
8095,40,channel1
8096,51,channel1
8097,64,channel1
8098,74,channel1
8099,55,channel1
8100,42,channel1
8101,57,channel1
8102,73,channel1
8103,82,channel1
8104,98,channel1
8105,73,channel1
8106,39,channel1
8107,56,channel1
8108,78,channel1
8109,75,channel1
8110,73,channel1
8111,120,channel1
8112,77,channel1
8113,44,channel1
8114,55,channel1
8115,64,channel1
8116,49,channel1
8117,59,channel1
8118,42,channel1
8119,58,channel1
8120,64,channel1
8121,56,channel1
8122,54,channel1
8123,55,channel1
8124,57,channel1
8125,61,channel1
8126,60,channel1
8127,58,channel1
8128,48,channel1
8129,70,channel1
8130,62,channel1
8131,44,channel1
8132,52,channel1
8133,43,channel1
8134,55,channel1
8135,80,channel1
8136,64,channel1
8137,62,channel1
8138,67,channel1
8139,56,channel1
8140,50,channel1
8141,71,channel1
8142,74,channel1
8143,143,channel1
8144,129,channel1
8145,108,channel1
8146,105,channel1
8147,60,channel1
8148,49,channel1
8149,57,channel1
8150,50,channel1
8151,68,channel1
8152,73,channel1
8153,56,channel1
8154,58,channel1
8155,70,channel1
8156,43,channel1
8157,56,channel1
8158,68,channel1
8159,95,channel1
8160,54,channel1
8161,58,channel1
8162,101,channel1
8163,112,channel1
8164,79,channel1
8165,59,channel1
8166,52,channel1
8167,80,channel1
8168,71,channel1
8169,60,channel1
8170,60,channel1
8171,52,channel1
8172,60,channel1
8173,119,channel1
8174,100,channel1
8175,38,channel1
8176,46,channel1
8177,49,channel1
8178,41,channel1
8179,54,channel1
8180,93,channel1
8181,166,channel1
8182,53,channel1
8183,63,channel1
8184,87,channel1
8185,70,channel1
8186,75,channel1
8187,62,channel1
8188,119,channel1
8189,147,channel1
8190,67,channel1
8191,63,channel1
8192,97,channel1
8193,166,channel1
8194,64,channel1
8195,46,channel1
8196,77,channel1
8197,147,channel1
8198,125,channel1
8199,197,channel1
8200,166,channel1
8201,110,channel1
8202,42,channel1
8203,52,channel1
8204,87,channel1
8205,74,channel1
8206,80,channel1
8207,108,channel1
8208,172,channel1
8209,174,channel1
8210,202,channel1
8211,179,channel1
8212,192,channel1
8213,172,channel1
8214,161,channel1
8215,133,channel1
8216,77,channel1
8217,105,channel1
8218,122,channel1
8219,185,channel1
8220,221,channel1
8221,185,channel1
8222,150,channel1
8223,47,channel1
8224,107,channel1
8225,167,channel1
8226,223,channel1
8227,236,channel1
8228,108,channel1
8229,63,channel1
8230,119,channel1
8231,166,channel1
8232,112,channel1
8233,159,channel1
8234,100,channel1
8235,212,channel1
8236,224,channel1
8237,204,channel1
8238,119,channel1
8239,119,channel1
8240,192,channel1
8241,177,channel1
8242,60,channel1
8243,48,channel1
8244,44,channel1
8245,49,channel1
8246,143,channel1
8247,154,channel1
8248,101,channel1
8249,151,channel1
8250,208,channel1
8251,204,channel1
8252,172,channel1
8253,210,channel1
8254,147,channel1
8255,38,channel1
8256,41,channel1
8257,48,channel1
8258,87,channel1
8259,187,channel1
8260,206,channel1
8261,225,channel1
8262,221,channel1
8263,234,channel1
8264,169,channel1
8265,169,channel1
8266,172,channel1
8267,129,channel1
8268,179,channel1
8269,119,channel1
8270,108,channel1
8271,151,channel1
8272,62,channel1
8273,54,channel1
8274,126,channel1
8275,90,channel1
8276,126,channel1
8277,43,channel1
8278,28,channel1
8279,39,channel1
8280,43,channel1
8281,36,channel1
8282,44,channel1
8283,90,channel1
8284,126,channel1
8285,47,channel1
8286,73,channel1
8287,133,channel1
8288,200,channel1
8289,182,channel1
8290,202,channel1
8291,58,channel1
8292,49,channel1
8293,129,channel1
8294,150,channel1
8295,51,channel1
8296,60,channel1
8297,62,channel1
8298,55,channel1
8299,60,channel1
8300,71,channel1
8301,64,channel1
8302,44,channel1
8303,40,channel1
8304,55,channel1
8305,48,channel1
8306,54,channel1
8307,36,channel1
8308,42,channel1
8309,50,channel1
8310,61,channel1
8311,69,channel1
8312,101,channel1
8313,84,channel1
8314,52,channel1
8315,67,channel1
8316,37,channel1
8317,50,channel1
8318,52,channel1
8319,50,channel1
8320,53,channel1
8321,54,channel1
8322,45,channel1
8323,36,channel1
8324,48,channel1
8325,50,channel1
8326,37,channel1
8327,51,channel1
8328,43,channel1
8329,59,channel1
8330,48,channel1
8331,47,channel1
8332,55,channel1
8333,60,channel1
8334,51,channel1
8335,52,channel1
8336,50,channel1
8337,41,channel1
8338,61,channel1
8339,42,channel1
8340,42,channel1
8341,60,channel1
8342,61,channel1
8343,51,channel1
8344,44,channel1
8345,97,channel1
8346,58,channel1
8347,42,channel1
8348,65,channel1
8349,58,channel1
8350,78,channel1
8351,61,channel1
8352,52,channel1
8353,55,channel1
8354,42,channel1
8355,72,channel1
8356,71,channel1
8357,51,channel1
8358,35,channel1
8359,42,channel1
8360,77,channel1
8361,90,channel1
8362,114,channel1
8363,83,channel1
8364,37,channel1
8365,57,channel1
8366,102,channel1
8367,53,channel1
8368,35,channel1
8369,81,channel1
8370,69,channel1
8371,58,channel1
8372,42,channel1
8373,60,channel1
8374,42,channel1
8375,64,channel1
8376,58,channel1
8377,60,channel1
8378,107,channel1
8379,75,channel1
8380,62,channel1
8381,108,channel1
8382,72,channel1
8383,42,channel1
8384,92,channel1
8385,43,channel1
8386,50,channel1
8387,57,channel1
8388,45,channel1
8389,90,channel1
8390,89,channel1
8391,63,channel1
8392,43,channel1
8393,59,channel1
8394,46,channel1
8395,40,channel1
8396,38,channel1
8397,42,channel1
8398,51,channel1
8399,76,channel1
8400,64,channel1
8401,49,channel1
8402,99,channel1
8403,75,channel1
8404,38,channel1
8405,57,channel1
8406,39,channel1
8407,59,channel1
8408,79,channel1
8409,49,channel1
8410,63,channel1
8411,60,channel1
8412,58,channel1
8413,34,channel1
8414,52,channel1
8415,59,channel1
8416,41,channel1
8417,59,channel1
8418,62,channel1
8419,66,channel1
8420,65,channel1
8421,77,channel1
8422,46,channel1
8423,49,channel1
8424,42,channel1
8425,43,channel1
8426,48,channel1
8427,64,channel1
8428,85,channel1
8429,58,channel1
8430,67,channel1
8431,143,channel1
8432,122,channel1
8433,90,channel1
8434,66,channel1
8435,60,channel1
8436,61,channel1
8437,68,channel1
8438,52,channel1
8439,59,channel1
8440,79,channel1
8441,68,channel1
8442,79,channel1
8443,85,channel1
8444,62,channel1
8445,56,channel1
8446,52,channel1
8447,60,channel1
8448,62,channel1
8449,57,channel1
8450,72,channel1
8451,60,channel1
8452,105,channel1
8453,98,channel1
8454,122,channel1
8455,72,channel1
8456,59,channel1
8457,59,channel1
8458,50,channel1
8459,84,channel1
8460,83,channel1
8461,65,channel1
8462,99,channel1
8463,63,channel1
8464,43,channel1
8465,68,channel1
8466,105,channel1
8467,57,channel1
8468,62,channel1
8469,82,channel1
8470,57,channel1
8471,58,channel1
8472,70,channel1
8473,103,channel1
8474,93,channel1
8475,49,channel1
8476,67,channel1
8477,66,channel1
8478,77,channel1
8479,97,channel1
8480,59,channel1
8481,57,channel1
8482,64,channel1
8483,59,channel1
8484,57,channel1
8485,66,channel1
8486,84,channel1
8487,77,channel1
8488,57,channel1
8489,68,channel1
8490,48,channel1
8491,38,channel1
8492,45,channel1
8493,57,channel1
8494,98,channel1
8495,124,channel1
8496,75,channel1
8497,73,channel1
8498,46,channel1
8499,52,channel1
8500,63,channel1
8501,65,channel1
8502,58,channel1
8503,51,channel1
8504,80,channel1
8505,55,channel1
8506,67,channel1
8507,143,channel1
8508,154,channel1
8509,46,channel1
8510,52,channel1
8511,71,channel1
8512,67,channel1
8513,57,channel1
8514,61,channel1
8515,41,channel1
8516,58,channel1
8517,85,channel1
8518,58,channel1
8519,77,channel1
8520,108,channel1
8521,81,channel1
8522,48,channel1
8523,101,channel1
8524,61,channel1
8525,61,channel1
8526,53,channel1
8527,74,channel1
8528,79,channel1
8529,92,channel1
8530,85,channel1
8531,102,channel1
8532,95,channel1
8533,99,channel1
8534,59,channel1
8535,36,channel1
8536,38,channel1
8537,76,channel1
8538,40,channel1
8539,45,channel1
8540,84,channel1
8541,76,channel1
8542,85,channel1
8543,83,channel1
8544,31,channel1
8545,39,channel1
8546,60,channel1
8547,55,channel1
8548,38,channel1
8549,52,channel1
8550,61,channel1
8551,90,channel1
8552,88,channel1
8553,87,channel1
8554,74,channel1
8555,51,channel1
8556,80,channel1
8557,80,channel1
8558,76,channel1
8559,100,channel1
8560,112,channel1
8561,97,channel1
8562,87,channel1
8563,133,channel1
8564,140,channel1
8565,122,channel1
8566,74,channel1
8567,105,channel1
8568,62,channel1
8569,44,channel1
8570,52,channel1
8571,59,channel1
8572,94,channel1
8573,80,channel1
8574,42,channel1
8575,42,channel1
8576,115,channel1
8577,206,channel1
8578,226,channel1
8579,223,channel1
8580,207,channel1
8581,147,channel1
8582,151,channel1
8583,122,channel1
8584,133,channel1
8585,166,channel1
8586,108,channel1
8587,182,channel1
8588,169,channel1
8589,100,channel1
8590,166,channel1
8591,129,channel1
8592,64,channel1
8593,50,channel1
8594,75,channel1
8595,105,channel1
8596,100,channel1
8597,93,channel1
8598,154,channel1
8599,122,channel1
8600,105,channel1
8601,108,channel1
8602,80,channel1
8603,136,channel1
8604,115,channel1
8605,76,channel1
8606,80,channel1
8607,97,channel1
8608,133,channel1
8609,147,channel1
8610,156,channel1
8611,115,channel1
8612,80,channel1
8613,133,channel1
8614,77,channel1
8615,75,channel1
8616,90,channel1
8617,54,channel1
8618,58,channel1
8619,58,channel1
8620,112,channel1
8621,91,channel1
8622,74,channel1
8623,54,channel1
8624,53,channel1
8625,53,channel1
8626,67,channel1
8627,152,channel1
8628,100,channel1
8629,115,channel1
8630,136,channel1
8631,67,channel1
8632,61,channel1
8633,119,channel1
8634,177,channel1
8635,150,channel1
8636,185,channel1
8637,40,channel1
8638,46,channel1
8639,151,channel1
8640,108,channel1
8641,93,channel1
8642,87,channel1
8643,105,channel1
8644,93,channel1
8645,80,channel1
8646,53,channel1
8647,44,channel1
8648,57,channel1
8649,69,channel1
8650,41,channel1
8651,58,channel1
8652,90,channel1
8653,56,channel1
8654,40,channel1
8655,64,channel1
8656,57,channel1
8657,54,channel1
8658,45,channel1
8659,31,channel1
8660,44,channel1
8661,51,channel1
8662,58,channel1
8663,51,channel1
8664,59,channel1
8665,108,channel1
8666,60,channel1
8667,60,channel1
8668,63,channel1
8669,66,channel1
8670,74,channel1
8671,69,channel1
8672,43,channel1
8673,35,channel1
8674,41,channel1
8675,52,channel1
8676,53,channel1
8677,38,channel1
8678,40,channel1
8679,47,channel1
8680,37,channel1
8681,51,channel1
8682,83,channel1
8683,93,channel1
8684,167,channel1
8685,135,channel1
8686,71,channel1
8687,62,channel1
8688,44,channel1
8689,52,channel1
8690,37,channel1
8691,42,channel1
8692,49,channel1
8693,53,channel1
8694,55,channel1
8695,55,channel1
8696,79,channel1
8697,37,channel1
8698,30,channel1
8699,45,channel1
8700,60,channel1
8701,45,channel1
8702,53,channel1
8703,49,channel1
8704,35,channel1
8705,63,channel1
8706,71,channel1
8707,80,channel1
8708,84,channel1
8709,102,channel1
8710,79,channel1
8711,80,channel1
8712,56,channel1
8713,42,channel1
8714,37,channel1
8715,40,channel1
8716,74,channel1
8717,85,channel1
8718,84,channel1
8719,33,channel1
8720,43,channel1
8721,40,channel1
8722,72,channel1
8723,126,channel1
8724,80,channel1
8725,47,channel1
8726,51,channel1
8727,45,channel1
8728,62,channel1
8729,88,channel1
8730,59,channel1
8731,37,channel1
8732,103,channel1
8733,87,channel1
8734,59,channel1
8735,33,channel1
8736,42,channel1
8737,42,channel1
8738,40,channel1
8739,48,channel1
8740,63,channel1
8741,94,channel1
8742,54,channel1
8743,48,channel1
8744,72,channel1
8745,80,channel1
8746,90,channel1
8747,44,channel1
8748,30,channel1
8749,33,channel1
8750,40,channel1
8751,33,channel1
8752,73,channel1
8753,84,channel1
8754,42,channel1
8755,54,channel1
8756,52,channel1
8757,48,channel1
8758,58,channel1
8759,84,channel1
8760,46,channel1
8761,31,channel1
8762,48,channel1
8763,40,channel1
8764,66,channel1
8765,92,channel1
8766,47,channel1
8767,49,channel1
8768,96,channel1
8769,72,channel1
8770,102,channel1
8771,69,channel1
8772,43,channel1
8773,31,channel1
8774,53,channel1
8775,55,channel1
8776,49,channel1
8777,51,channel1
8778,58,channel1
8779,85,channel1
8780,73,channel1
8781,50,channel1
8782,41,channel1
8783,54,channel1
8784,48,channel1
8785,70,channel1
8786,44,channel1
8787,36,channel1
8788,49,channel1
8789,81,channel1
8790,34,channel1
8791,50,channel1
8792,42,channel1
8793,55,channel1
8794,69,channel1
8795,64,channel1
8796,55,channel1
8797,43,channel1
8798,62,channel1
8799,43,channel1
8800,74,channel1
8801,90,channel1
8802,51,channel1
8803,56,channel1
8804,80,channel1
8805,54,channel1
8806,45,channel1
8807,74,channel1
8808,63,channel1
8809,42,channel1
8810,81,channel1
8811,76,channel1
8812,66,channel1
8813,49,channel1
8814,52,channel1
8815,65,channel1
8816,64,channel1
8817,88,channel1
8818,103,channel1
8819,70,channel1
8820,43,channel1
8821,64,channel1
8822,64,channel1
8823,49,channel1
8824,60,channel1
8825,49,channel1
8826,62,channel1
8827,66,channel1
8828,92,channel1
8829,72,channel1
8830,69,channel1
8831,111,channel1
8832,97,channel1
8833,61,channel1
8834,46,channel1
8835,63,channel1
8836,60,channel1
8837,62,channel1
8838,60,channel1
8839,56,channel1
8840,39,channel1
8841,46,channel1
8842,54,channel1
8843,53,channel1
8844,59,channel1
8845,81,channel1
8846,75,channel1
8847,74,channel1
8848,56,channel1
8849,50,channel1
8850,71,channel1
8851,69,channel1
8852,87,channel1
8853,104,channel1
8854,52,channel1
8855,44,channel1
8856,48,channel1
8857,58,channel1
8858,62,channel1
8859,56,channel1
8860,55,channel1
8861,60,channel1
8862,40,channel1
8863,48,channel1
8864,51,channel1
8865,71,channel1
8866,64,channel1
8867,63,channel1
8868,62,channel1
8869,55,channel1
8870,73,channel1
8871,60,channel1
8872,60,channel1
8873,46,channel1
8874,58,channel1
8875,115,channel1
8876,126,channel1
8877,147,channel1
8878,66,channel1
8879,47,channel1
8880,93,channel1
8881,47,channel1
8882,67,channel1
8883,47,channel1
8884,73,channel1
8885,61,channel1
8886,54,channel1
8887,100,channel1
8888,93,channel1
8889,71,channel1
8890,37,channel1
8891,37,channel1
8892,58,channel1
8893,77,channel1
8894,66,channel1
8895,109,channel1
8896,51,channel1
8897,87,channel1
8898,119,channel1
8899,169,channel1
8900,154,channel1
8901,166,channel1
8902,83,channel1
8903,119,channel1
8904,53,channel1
8905,61,channel1
8906,84,channel1
8907,56,channel1
8908,74,channel1
8909,83,channel1
8910,112,channel1
8911,136,channel1
8912,147,channel1
8913,90,channel1
8914,103,channel1
8915,64,channel1
8916,68,channel1
8917,51,channel1
8918,100,channel1
8919,67,channel1
8920,58,channel1
8921,108,channel1
8922,52,channel1
8923,54,channel1
8924,47,channel1
8925,38,channel1
8926,143,channel1
8927,201,channel1
8928,192,channel1
8929,75,channel1
8930,56,channel1
8931,80,channel1
8932,74,channel1
8933,66,channel1
8934,115,channel1
8935,164,channel1
8936,100,channel1
8937,108,channel1
8938,66,channel1
8939,45,channel1
8940,105,channel1
8941,93,channel1
8942,122,channel1
8943,159,channel1
8944,93,channel1
8945,66,channel1
8946,87,channel1
8947,97,channel1
8948,87,channel1
8949,150,channel1
8950,150,channel1
8951,151,channel1
8952,97,channel1
8953,93,channel1
8954,97,channel1
8955,44,channel1
8956,119,channel1
8957,136,channel1
8958,58,channel1
8959,87,channel1
8960,84,channel1
8961,60,channel1
8962,42,channel1
8963,65,channel1
8964,51,channel1
8965,51,channel1
8966,93,channel1
8967,91,channel1
8968,71,channel1
8969,140,channel1
8970,161,channel1
8971,192,channel1
8972,127,channel1
8973,52,channel1
8974,41,channel1
8975,58,channel1
8976,43,channel1
8977,60,channel1
8978,119,channel1
8979,71,channel1
8980,37,channel1
8981,59,channel1
8982,105,channel1
8983,101,channel1
8984,185,channel1
8985,42,channel1
8986,42,channel1
8987,34,channel1
8988,46,channel1
8989,68,channel1
8990,133,channel1
8991,81,channel1
8992,66,channel1
8993,56,channel1
8994,57,channel1
8995,44,channel1
8996,67,channel1
8997,61,channel1
8998,96,channel1
8999,81,channel1
9000,143,channel1
9001,75,channel1
9002,51,channel1
9003,140,channel1
9004,67,channel1
9005,58,channel1
9006,46,channel1
9007,80,channel1
9008,100,channel1
9009,87,channel1
9010,32,channel1
9011,42,channel1
9012,58,channel1
9013,43,channel1
9014,58,channel1
9015,140,channel1
9016,49,channel1
9017,37,channel1
9018,53,channel1
9019,43,channel1
9020,50,channel1
9021,43,channel1
9022,48,channel1
9023,90,channel1
9024,119,channel1
9025,40,channel1
9026,49,channel1
9027,58,channel1
9028,76,channel1
9029,38,channel1
9030,29,channel1
9031,39,channel1
9032,65,channel1
9033,105,channel1
9034,97,channel1
9035,58,channel1
9036,59,channel1
9037,65,channel1
9038,68,channel1
9039,51,channel1
9040,46,channel1
9041,56,channel1
9042,62,channel1
9043,63,channel1
9044,42,channel1
9045,60,channel1
9046,34,channel1
9047,52,channel1
9048,77,channel1
9049,104,channel1
9050,83,channel1
9051,82,channel1
9052,30,channel1
9053,43,channel1
9054,60,channel1
9055,62,channel1
9056,96,channel1
9057,35,channel1
9058,31,channel1
9059,44,channel1
9060,36,channel1
9061,42,channel1
9062,54,channel1
9063,30,channel1
9064,34,channel1
9065,45,channel1
9066,53,channel1
9067,51,channel1
9068,53,channel1
9069,55,channel1
9070,56,channel1
9071,87,channel1
9072,59,channel1
9073,35,channel1
9074,40,channel1
9075,41,channel1
9076,49,channel1
9077,42,channel1
9078,42,channel1
9079,53,channel1
9080,37,channel1
9081,36,channel1
9082,77,channel1
9083,70,channel1
9084,45,channel1
9085,36,channel1
9086,41,channel1
9087,71,channel1
9088,74,channel1
9089,88,channel1
9090,112,channel1
9091,66,channel1
9092,62,channel1
9093,70,channel1
9094,67,channel1
9095,74,channel1
9096,110,channel1
9097,34,channel1
9098,42,channel1
9099,55,channel1
9100,38,channel1
9101,39,channel1
9102,59,channel1
9103,40,channel1
9104,63,channel1
9105,60,channel1
9106,53,channel1
9107,58,channel1
9108,58,channel1
9109,71,channel1
9110,55,channel1
9111,60,channel1
9112,102,channel1
9113,63,channel1
9114,31,channel1
9115,40,channel1
9116,42,channel1
9117,42,channel1
9118,64,channel1
9119,58,channel1
9120,70,channel1
9121,71,channel1
9122,51,channel1
9123,69,channel1
9124,126,channel1
9125,85,channel1
9126,35,channel1
9127,53,channel1
9128,68,channel1
9129,41,channel1
9130,58,channel1
9131,88,channel1
9132,73,channel1
9133,84,channel1
9134,72,channel1
9135,38,channel1
9136,79,channel1
9137,58,channel1
9138,49,channel1
9139,68,channel1
9140,56,channel1
9141,90,channel1
9142,57,channel1
9143,76,channel1
9144,104,channel1
9145,76,channel1
9146,121,channel1
9147,48,channel1
9148,46,channel1
9149,62,channel1
9150,42,channel1
9151,39,channel1
9152,78,channel1
9153,59,channel1
9154,43,channel1
9155,75,channel1
9156,38,channel1
9157,52,channel1
9158,69,channel1
9159,87,channel1
9160,42,channel1
9161,65,channel1
9162,104,channel1
9163,73,channel1
9164,71,channel1
9165,132,channel1
9166,121,channel1
9167,99,channel1
9168,55,channel1
9169,59,channel1
9170,83,channel1
9171,82,channel1
9172,123,channel1
9173,110,channel1
9174,59,channel1
9175,52,channel1
9176,71,channel1
9177,42,channel1
9178,49,channel1
9179,61,channel1
9180,67,channel1
9181,45,channel1
9182,46,channel1
9183,44,channel1
9184,58,channel1
9185,60,channel1
9186,65,channel1
9187,65,channel1
9188,65,channel1
9189,57,channel1
9190,80,channel1
9191,60,channel1
9192,67,channel1
9193,59,channel1
9194,54,channel1
9195,52,channel1
9196,57,channel1
9197,58,channel1
9198,65,channel1
9199,82,channel1
9200,69,channel1
9201,52,channel1
9202,52,channel1
9203,96,channel1
9204,69,channel1
9205,57,channel1
9206,45,channel1
9207,57,channel1
9208,57,channel1
9209,69,channel1
9210,66,channel1
9211,58,channel1
9212,98,channel1
9213,73,channel1
9214,60,channel1
9215,84,channel1
9216,56,channel1
9217,60,channel1
9218,62,channel1
9219,52,channel1
9220,51,channel1
9221,47,channel1
9222,68,channel1
9223,63,channel1
9224,89,channel1
9225,49,channel1
9226,40,channel1
9227,74,channel1
9228,63,channel1
9229,81,channel1
9230,84,channel1
9231,51,channel1
9232,58,channel1
9233,87,channel1
9234,56,channel1
9235,56,channel1
9236,52,channel1
9237,51,channel1
9238,53,channel1
9239,54,channel1
9240,90,channel1
9241,136,channel1
9242,161,channel1
9243,154,channel1
9244,58,channel1
9245,53,channel1
9246,67,channel1
9247,64,channel1
9248,45,channel1
9249,90,channel1
9250,62,channel1
9251,53,channel1
9252,51,channel1
9253,72,channel1
9254,61,channel1
9255,63,channel1
9256,51,channel1
9257,71,channel1
9258,61,channel1
9259,67,channel1
9260,67,channel1
9261,48,channel1
9262,54,channel1
9263,67,channel1
9264,101,channel1
9265,64,channel1
9266,47,channel1
9267,101,channel1
9268,64,channel1
9269,63,channel1
9270,51,channel1
9271,64,channel1
9272,57,channel1
9273,57,channel1
9274,53,channel1
9275,43,channel1
9276,42,channel1
9277,42,channel1
9278,35,channel1
9279,35,channel1
9280,129,channel1
9281,93,channel1
9282,58,channel1
9283,64,channel1
9284,80,channel1
9285,62,channel1
9286,62,channel1
9287,57,channel1
9288,77,channel1
9289,147,channel1
9290,129,channel1
9291,129,channel1
9292,172,channel1
9293,172,channel1
9294,71,channel1
9295,80,channel1
9296,101,channel1
9297,105,channel1
9298,108,channel1
9299,126,channel1
9300,71,channel1
9301,49,channel1
9302,35,channel1
9303,42,channel1
9304,87,channel1
9305,177,channel1
9306,112,channel1
9307,87,channel1
9308,156,channel1
9309,179,channel1
9310,201,channel1
9311,64,channel1
9312,77,channel1
9313,57,channel1
9314,80,channel1
9315,108,channel1
9316,61,channel1
9317,64,channel1
9318,93,channel1
9319,80,channel1
9320,95,channel1
9321,55,channel1
9322,35,channel1
9323,58,channel1
9324,50,channel1
9325,147,channel1
9326,129,channel1
9327,71,channel1
9328,100,channel1
9329,126,channel1
9330,56,channel1
9331,63,channel1
9332,140,channel1
9333,129,channel1
9334,136,channel1
9335,197,channel1
9336,182,channel1
9337,51,channel1
9338,87,channel1
9339,105,channel1
9340,203,channel1
9341,164,channel1
9342,53,channel1
9343,136,channel1
9344,119,channel1
9345,140,channel1
9346,115,channel1
9347,156,channel1
9348,172,channel1
9349,190,channel1
9350,197,channel1
9351,122,channel1
9352,112,channel1
9353,122,channel1
9354,61,channel1
9355,84,channel1
9356,185,channel1
9357,217,channel1
9358,190,channel1
9359,161,channel1
9360,54,channel1
9361,64,channel1
9362,119,channel1
9363,84,channel1
9364,63,channel1
9365,82,channel1
9366,108,channel1
9367,105,channel1
9368,64,channel1
9369,38,channel1
9370,61,channel1
9371,108,channel1
9372,54,channel1
9373,41,channel1
9374,67,channel1
9375,51,channel1
9376,44,channel1
9377,57,channel1
9378,122,channel1
9379,38,channel1
9380,49,channel1
9381,49,channel1
9382,77,channel1
9383,150,channel1
9384,174,channel1
9385,73,channel1
9386,61,channel1
9387,93,channel1
9388,150,channel1
9389,192,channel1
9390,108,channel1
9391,55,channel1
9392,54,channel1
9393,63,channel1
9394,47,channel1
9395,90,channel1
9396,96,channel1
9397,68,channel1
9398,100,channel1
9399,112,channel1
9400,39,channel1
9401,46,channel1
9402,53,channel1
9403,41,channel1
9404,46,channel1
9405,42,channel1
9406,43,channel1
9407,64,channel1
9408,115,channel1
9409,74,channel1
9410,66,channel1
9411,74,channel1
9412,55,channel1
9413,44,channel1
9414,29,channel1
9415,17,channel1
9416,39,channel1
9417,21,channel1
9418,42,channel1
9419,49,channel1
9420,36,channel1
9421,42,channel1
9422,31,channel1
9423,41,channel1
9424,60,channel1
9425,63,channel1
9426,37,channel1
9427,56,channel1
9428,52,channel1
9429,30,channel1
9430,74,channel1
9431,34,channel1
9432,40,channel1
9433,37,channel1
9434,51,channel1
9435,37,channel1
9436,52,channel1
9437,72,channel1
9438,72,channel1
9439,42,channel1
9440,62,channel1
9441,72,channel1
9442,99,channel1
9443,119,channel1
9444,50,channel1
9445,56,channel1
9446,64,channel1
9447,44,channel1
9448,44,channel1
9449,64,channel1
9450,59,channel1
9451,49,channel1
9452,65,channel1
9453,39,channel1
9454,34,channel1
9455,43,channel1
9456,70,channel1
9457,65,channel1
9458,127,channel1
9459,47,channel1
9460,42,channel1
9461,37,channel1
9462,38,channel1
9463,61,channel1
9464,83,channel1
9465,70,channel1
9466,50,channel1
9467,43,channel1
9468,38,channel1
9469,35,channel1
9470,49,channel1
9471,66,channel1
9472,66,channel1
9473,135,channel1
9474,55,channel1
9475,50,channel1
9476,97,channel1
9477,82,channel1
9478,90,channel1
9479,63,channel1
9480,50,channel1
9481,49,channel1
9482,90,channel1
9483,46,channel1
9484,54,channel1
9485,84,channel1
9486,58,channel1
9487,63,channel1
9488,116,channel1
9489,79,channel1
9490,80,channel1
9491,93,channel1
9492,107,channel1
9493,55,channel1
9494,49,channel1
9495,64,channel1
9496,62,channel1
9497,40,channel1
9498,59,channel1
9499,75,channel1
9500,134,channel1
9501,36,channel1
9502,64,channel1
9503,69,channel1
9504,40,channel1
9505,48,channel1
9506,67,channel1
9507,74,channel1
9508,65,channel1
9509,141,channel1
9510,58,channel1
9511,114,channel1
9512,48,channel1
9513,40,channel1
9514,53,channel1
9515,67,channel1
9516,49,channel1
9517,55,channel1
9518,62,channel1
9519,56,channel1
9520,44,channel1
9521,60,channel1
9522,68,channel1
9523,48,channel1
9524,43,channel1
9525,55,channel1
9526,81,channel1
9527,94,channel1
9528,105,channel1
9529,46,channel1
9530,51,channel1
9531,95,channel1
9532,68,channel1
9533,93,channel1
9534,37,channel1
9535,48,channel1
9536,47,channel1
9537,47,channel1
9538,46,channel1
9539,66,channel1
9540,87,channel1
9541,42,channel1
9542,67,channel1
9543,80,channel1
9544,112,channel1
9545,151,channel1
9546,54,channel1
9547,40,channel1
9548,62,channel1
9549,66,channel1
9550,82,channel1
9551,96,channel1
9552,94,channel1
9553,50,channel1
9554,54,channel1
9555,45,channel1
9556,49,channel1
9557,59,channel1
9558,60,channel1
9559,89,channel1
9560,39,channel1
9561,42,channel1
9562,50,channel1
9563,57,channel1
9564,51,channel1
9565,62,channel1
9566,84,channel1
9567,72,channel1
9568,71,channel1
9569,85,channel1
9570,116,channel1
9571,71,channel1
9572,54,channel1
9573,54,channel1
9574,61,channel1
9575,54,channel1
9576,44,channel1
9577,44,channel1
9578,42,channel1
9579,40,channel1
9580,45,channel1
9581,83,channel1
9582,51,channel1
9583,43,channel1
9584,67,channel1
9585,68,channel1
9586,84,channel1
9587,102,channel1
9588,122,channel1
9589,77,channel1
9590,84,channel1
9591,88,channel1
9592,54,channel1
9593,50,channel1
9594,53,channel1
9595,79,channel1
9596,62,channel1
9597,60,channel1
9598,50,channel1
9599,115,channel1
9600,97,channel1
9601,64,channel1
9602,93,channel1
9603,93,channel1
9604,71,channel1
9605,50,channel1
9606,53,channel1
9607,64,channel1
9608,115,channel1
9609,54,channel1
9610,45,channel1
9611,51,channel1
9612,70,channel1
9613,74,channel1
9614,50,channel1
9615,71,channel1
9616,58,channel1
9617,74,channel1
9618,64,channel1
9619,74,channel1
9620,65,channel1
9621,45,channel1
9622,119,channel1
9623,119,channel1
9624,101,channel1
9625,44,channel1
9626,56,channel1
9627,51,channel1
9628,57,channel1
9629,69,channel1
9630,78,channel1
9631,77,channel1
9632,44,channel1
9633,58,channel1
9634,67,channel1
9635,76,channel1
9636,74,channel1
9637,66,channel1
9638,52,channel1
9639,58,channel1
9640,38,channel1
9641,44,channel1
9642,61,channel1
9643,100,channel1
9644,147,channel1
9645,92,channel1
9646,97,channel1
9647,182,channel1
9648,187,channel1
9649,126,channel1
9650,195,channel1
9651,94,channel1
9652,48,channel1
9653,36,channel1
9654,68,channel1
9655,77,channel1
9656,43,channel1
9657,59,channel1
9658,67,channel1
9659,80,channel1
9660,50,channel1
9661,51,channel1
9662,62,channel1
9663,93,channel1
9664,51,channel1
9665,70,channel1
9666,166,channel1
9667,208,channel1
9668,172,channel1
9669,122,channel1
9670,105,channel1
9671,159,channel1
9672,122,channel1
9673,81,channel1
9674,56,channel1
9675,57,channel1
9676,48,channel1
9677,74,channel1
9678,151,channel1
9679,84,channel1
9680,147,channel1
9681,159,channel1
9682,156,channel1
9683,139,channel1
9684,94,channel1
9685,64,channel1
9686,63,channel1
9687,80,channel1
9688,133,channel1
9689,143,channel1
9690,185,channel1
9691,156,channel1
9692,72,channel1
9693,122,channel1
9694,93,channel1
9695,115,channel1
9696,190,channel1
9697,226,channel1
9698,159,channel1
9699,58,channel1
9700,105,channel1
9701,87,channel1
9702,48,channel1
9703,90,channel1
9704,119,channel1
9705,151,channel1
9706,126,channel1
9707,71,channel1
9708,105,channel1
9709,70,channel1
9710,150,channel1
9711,192,channel1
9712,195,channel1
9713,177,channel1
9714,58,channel1
9715,156,channel1
9716,74,channel1
9717,119,channel1
9718,59,channel1
9719,87,channel1
9720,101,channel1
9721,51,channel1
9722,47,channel1
9723,45,channel1
9724,133,channel1
9725,77,channel1
9726,100,channel1
9727,112,channel1
9728,126,channel1
9729,84,channel1
9730,87,channel1
9731,61,channel1
9732,108,channel1
9733,100,channel1
9734,77,channel1
9735,93,channel1
9736,40,channel1
9737,147,channel1
9738,61,channel1
9739,42,channel1
9740,59,channel1
9741,52,channel1
9742,42,channel1
9743,37,channel1
9744,49,channel1
9745,54,channel1
9746,72,channel1
9747,65,channel1
9748,79,channel1
9749,85,channel1
9750,102,channel1
9751,54,channel1
9752,52,channel1
9753,42,channel1
9754,49,channel1
9755,56,channel1
9756,54,channel1
9757,51,channel1
9758,63,channel1
9759,84,channel1
9760,125,channel1
9761,63,channel1
9762,57,channel1
9763,84,channel1
9764,84,channel1
9765,82,channel1
9766,60,channel1
9767,67,channel1
9768,91,channel1
9769,87,channel1
9770,58,channel1
9771,56,channel1
9772,57,channel1
9773,61,channel1
9774,95,channel1
9775,120,channel1
9776,37,channel1
9777,39,channel1
9778,44,channel1
9779,56,channel1
9780,69,channel1
9781,87,channel1
9782,74,channel1
9783,58,channel1
9784,45,channel1
9785,54,channel1
9786,56,channel1
9787,66,channel1
9788,65,channel1
9789,56,channel1
9790,86,channel1
9791,73,channel1
9792,49,channel1
9793,64,channel1
9794,42,channel1
9795,48,channel1
9796,47,channel1
9797,33,channel1
9798,56,channel1
9799,41,channel1
9800,39,channel1
9801,55,channel1
9802,75,channel1
9803,82,channel1
9804,54,channel1
9805,37,channel1
9806,49,channel1
9807,66,channel1
9808,87,channel1
9809,82,channel1
9810,54,channel1
9811,73,channel1
9812,56,channel1
9813,92,channel1
9814,78,channel1
9815,49,channel1
9816,41,channel1
9817,67,channel1
9818,53,channel1
9819,41,channel1
9820,31,channel1
9821,33,channel1
9822,36,channel1
9823,51,channel1
9824,55,channel1
9825,36,channel1
9826,42,channel1
9827,57,channel1
9828,66,channel1
9829,111,channel1
9830,136,channel1
9831,124,channel1
9832,71,channel1
9833,50,channel1
9834,35,channel1
9835,37,channel1
9836,80,channel1
9837,59,channel1
9838,78,channel1
9839,65,channel1
9840,52,channel1
9841,56,channel1
9842,60,channel1
9843,88,channel1
9844,80,channel1
9845,95,channel1
9846,103,channel1
9847,105,channel1
9848,67,channel1
9849,69,channel1
9850,69,channel1
9851,53,channel1
9852,59,channel1
9853,75,channel1
9854,64,channel1
9855,47,channel1
9856,52,channel1
9857,51,channel1
9858,52,channel1
9859,53,channel1
9860,70,channel1
9861,62,channel1
9862,66,channel1
9863,47,channel1
9864,61,channel1
9865,52,channel1
9866,74,channel1
9867,79,channel1
9868,70,channel1
9869,113,channel1
9870,46,channel1
9871,57,channel1
9872,98,channel1
9873,54,channel1
9874,58,channel1
9875,73,channel1
9876,75,channel1
9877,66,channel1
9878,81,channel1
9879,52,channel1
9880,51,channel1
9881,96,channel1
9882,68,channel1
9883,54,channel1
9884,156,channel1
9885,78,channel1
9886,66,channel1
9887,65,channel1
9888,55,channel1
9889,50,channel1
9890,72,channel1
9891,69,channel1
9892,59,channel1
9893,75,channel1
9894,62,channel1
9895,78,channel1
9896,122,channel1
9897,64,channel1
9898,52,channel1
9899,55,channel1
9900,61,channel1
9901,58,channel1
9902,71,channel1
9903,58,channel1
9904,60,channel1
9905,64,channel1
9906,70,channel1
9907,61,channel1
9908,61,channel1
9909,55,channel1
9910,63,channel1
9911,69,channel1
9912,59,channel1
9913,58,channel1
9914,89,channel1
9915,75,channel1
9916,104,channel1
9917,42,channel1
9918,46,channel1
9919,60,channel1
9920,87,channel1
9921,106,channel1
9922,56,channel1
9923,72,channel1
9924,63,channel1
9925,79,channel1
9926,52,channel1
9927,52,channel1
9928,43,channel1
9929,64,channel1
9930,68,channel1
9931,65,channel1
9932,97,channel1
9933,58,channel1
9934,67,channel1
9935,92,channel1
9936,123,channel1
9937,100,channel1
9938,144,channel1
9939,46,channel1
9940,46,channel1
9941,67,channel1
9942,56,channel1
9943,50,channel1
9944,84,channel1
9945,84,channel1
9946,49,channel1
9947,55,channel1
9948,52,channel1
9949,69,channel1
9950,49,channel1
9951,51,channel1
9952,59,channel1
9953,52,channel1
9954,58,channel1
9955,95,channel1
9956,86,channel1
9957,51,channel1
9958,41,channel1
9959,47,channel1
9960,57,channel1
9961,51,channel1
9962,44,channel1
9963,62,channel1
9964,67,channel1
9965,93,channel1
9966,53,channel1
9967,50,channel1
9968,54,channel1
9969,53,channel1
9970,42,channel1
9971,49,channel1
9972,49,channel1
9973,61,channel1
9974,79,channel1
9975,80,channel1
9976,129,channel1
9977,74,channel1
9978,56,channel1
9979,58,channel1
9980,90,channel1
9981,63,channel1
9982,45,channel1
9983,85,channel1
9984,56,channel1
9985,64,channel1
9986,62,channel1
9987,52,channel1
9988,71,channel1
9989,44,channel1
9990,54,channel1
9991,64,channel1
9992,77,channel1
9993,64,channel1
9994,103,channel1
9995,68,channel1
9996,50,channel1
9997,61,channel1
9998,161,channel1
9999,101,channel1
10000,63,channel1
10001,67,channel1
10002,42,channel1
10003,67,channel1
10004,56,channel1
10005,64,channel1
10006,119,channel1
10007,136,channel1
10008,156,channel1
10009,164,channel1
10010,151,channel1
10011,108,channel1
10012,61,channel1
10013,129,channel1
10014,169,channel1
10015,151,channel1
10016,166,channel1
10017,52,channel1
10018,96,channel1
10019,87,channel1
10020,42,channel1
10021,115,channel1
10022,195,channel1
10023,82,channel1
10024,91,channel1
10025,100,channel1
10026,75,channel1
10027,68,channel1
10028,60,channel1
10029,69,channel1
10030,77,channel1
10031,115,channel1
10032,97,channel1
10033,172,channel1
10034,66,channel1
10035,90,channel1
10036,49,channel1
10037,52,channel1
10038,58,channel1
10039,159,channel1
10040,174,channel1
10041,192,channel1
10042,143,channel1
10043,104,channel1
10044,73,channel1
10045,39,channel1
10046,47,channel1
10047,56,channel1
10048,63,channel1
10049,84,channel1
10050,64,channel1
10051,93,channel1
10052,151,channel1
10053,182,channel1
10054,190,channel1
10055,88,channel1
10056,50,channel1
10057,112,channel1
10058,140,channel1
10059,133,channel1
10060,77,channel1
10061,187,channel1
10062,126,channel1
10063,116,channel1
10064,59,channel1
10065,36,channel1
10066,46,channel1
10067,39,channel1
10068,100,channel1
10069,129,channel1
10070,93,channel1
10071,87,channel1
10072,97,channel1
10073,124,channel1
10074,150,channel1
10075,147,channel1
10076,164,channel1
10077,174,channel1
10078,182,channel1
10079,177,channel1
10080,87,channel1
10081,100,channel1
10082,126,channel1
10083,108,channel1
10084,67,channel1
10085,40,channel1
10086,77,channel1
10087,100,channel1
10088,84,channel1
10089,47,channel1
10090,136,channel1
10091,150,channel1
10092,80,channel1
10093,32,channel1
10094,48,channel1
10095,48,channel1
10096,37,channel1
10097,52,channel1
10098,69,channel1
10099,94,channel1
10100,126,channel1
10101,78,channel1
10102,55,channel1
10103,67,channel1
10104,101,channel1
10105,126,channel1
10106,115,channel1
10107,62,channel1
10108,47,channel1
10109,90,channel1
10110,71,channel1
10111,60,channel1
10112,100,channel1
10113,129,channel1
10114,126,channel1
10115,67,channel1
10116,86,channel1
10117,67,channel1
10118,54,channel1
10119,53,channel1
10120,51,channel1
10121,41,channel1
10122,38,channel1
10123,53,channel1
10124,60,channel1
10125,75,channel1
10126,93,channel1
10127,154,channel1
10128,70,channel1
10129,42,channel1
10130,85,channel1
10131,151,channel1
10132,147,channel1
10133,82,channel1
10134,47,channel1
10135,42,channel1
10136,44,channel1
10137,54,channel1
10138,46,channel1
10139,71,channel1
10140,83,channel1
10141,112,channel1
10142,93,channel1
10143,68,channel1
10144,77,channel1
10145,70,channel1
10146,55,channel1
10147,54,channel1
10148,35,channel1
10149,47,channel1
10150,42,channel1
10151,52,channel1
10152,62,channel1
10153,107,channel1
10154,89,channel1
10155,63,channel1
10156,46,channel1
10157,61,channel1
10158,68,channel1
10159,56,channel1
10160,41,channel1
10161,41,channel1
10162,43,channel1
10163,45,channel1
10164,34,channel1
10165,45,channel1
10166,65,channel1
10167,74,channel1
10168,54,channel1
10169,47,channel1
10170,42,channel1
10171,56,channel1
10172,62,channel1
10173,56,channel1
10174,42,channel1
10175,59,channel1
10176,65,channel1
10177,53,channel1
10178,62,channel1
10179,84,channel1
10180,87,channel1
10181,102,channel1
10182,69,channel1
10183,48,channel1
10184,51,channel1
10185,38,channel1
10186,42,channel1
10187,65,channel1
10188,122,channel1
10189,89,channel1
10190,41,channel1
10191,40,channel1
10192,65,channel1
10193,101,channel1
10194,53,channel1
10195,46,channel1
10196,65,channel1
10197,56,channel1
10198,46,channel1
10199,85,channel1
10200,58,channel1
10201,46,channel1
10202,105,channel1
10203,64,channel1
10204,77,channel1
10205,96,channel1
10206,77,channel1
10207,79,channel1
10208,77,channel1
10209,67,channel1
10210,62,channel1
10211,83,channel1
10212,48,channel1
10213,37,channel1
10214,52,channel1
10215,68,channel1
10216,72,channel1
10217,81,channel1
10218,59,channel1
10219,59,channel1
10220,47,channel1
10221,49,channel1
10222,58,channel1
10223,71,channel1
10224,68,channel1
10225,75,channel1
10226,60,channel1
10227,63,channel1
10228,66,channel1
10229,74,channel1
10230,55,channel1
10231,50,channel1
10232,71,channel1
10233,91,channel1
10234,109,channel1
10235,121,channel1
10236,89,channel1
10237,54,channel1
10238,73,channel1
10239,78,channel1
10240,59,channel1
10241,55,channel1
10242,51,channel1
10243,56,channel1
10244,52,channel1
10245,67,channel1
10246,55,channel1
10247,58,channel1
10248,63,channel1
10249,61,channel1
10250,67,channel1
10251,55,channel1
10252,62,channel1
10253,54,channel1
10254,59,channel1
10255,60,channel1
10256,94,channel1
10257,101,channel1
10258,63,channel1
10259,58,channel1
10260,52,channel1
10261,64,channel1
10262,117,channel1
10263,86,channel1
10264,99,channel1
10265,88,channel1
10266,47,channel1
10267,62,channel1
10268,87,channel1
10269,54,channel1
10270,43,channel1
10271,67,channel1
10272,77,channel1
10273,59,channel1
10274,77,channel1
10275,51,channel1
10276,56,channel1
10277,51,channel1
10278,52,channel1
10279,53,channel1
10280,52,channel1
10281,63,channel1
10282,62,channel1
10283,70,channel1
10284,92,channel1
10285,106,channel1
10286,55,channel1
10287,50,channel1
10288,55,channel1
10289,57,channel1
10290,54,channel1
10291,70,channel1
10292,67,channel1
10293,51,channel1
10294,69,channel1
10295,86,channel1
10296,57,channel1
10297,45,channel1
10298,62,channel1
10299,75,channel1
10300,62,channel1
10301,68,channel1
10302,99,channel1
10303,60,channel1
10304,52,channel1
10305,48,channel1
10306,60,channel1
10307,73,channel1
10308,51,channel1
10309,48,channel1
10310,50,channel1
10311,49,channel1
10312,55,channel1
10313,52,channel1
10314,62,channel1
10315,78,channel1
10316,83,channel1
10317,47,channel1
10318,43,channel1
10319,62,channel1
10320,55,channel1
10321,51,channel1
10322,78,channel1
10323,68,channel1
10324,59,channel1
10325,46,channel1
10326,54,channel1
10327,61,channel1
10328,66,channel1
10329,74,channel1
10330,68,channel1
10331,79,channel1
10332,40,channel1
10333,46,channel1
10334,61,channel1
10335,67,channel1
10336,97,channel1
10337,151,channel1
10338,172,channel1
10339,55,channel1
10340,71,channel1
10341,87,channel1
10342,97,channel1
10343,90,channel1
10344,93,channel1
10345,58,channel1
10346,71,channel1
10347,65,channel1
10348,48,channel1
10349,58,channel1
10350,73,channel1
10351,96,channel1
10352,76,channel1
10353,67,channel1
10354,71,channel1
10355,93,channel1
10356,119,channel1
10357,75,channel1
10358,61,channel1
10359,43,channel1
10360,62,channel1
10361,54,channel1
10362,47,channel1
10363,73,channel1
10364,97,channel1
10365,62,channel1
10366,71,channel1
10367,64,channel1
10368,48,channel1
10369,64,channel1
10370,86,channel1
10371,54,channel1
10372,56,channel1
10373,48,channel1
10374,64,channel1
10375,97,channel1
10376,98,channel1
10377,54,channel1
10378,77,channel1
10379,151,channel1
10380,75,channel1
10381,87,channel1
10382,69,channel1
10383,108,channel1
10384,76,channel1
10385,68,channel1
10386,84,channel1
10387,143,channel1
10388,96,channel1
10389,154,channel1
10390,172,channel1
10391,100,channel1
10392,126,channel1
10393,201,channel1
10394,190,channel1
10395,96,channel1
10396,133,channel1
10397,64,channel1
10398,64,channel1
10399,71,channel1
10400,91,channel1
10401,115,channel1
10402,114,channel1
10403,143,channel1
10404,77,channel1
10405,101,channel1
10406,141,channel1
10407,151,channel1
10408,150,channel1
10409,80,channel1
10410,90,channel1
10411,115,channel1
10412,105,channel1
10413,159,channel1
10414,97,channel1
10415,98,channel1
10416,99,channel1
10417,95,channel1
10418,150,channel1
10419,77,channel1
10420,50,channel1
10421,100,channel1
10422,151,channel1
10423,84,channel1
10424,79,channel1
10425,174,channel1
10426,154,channel1
10427,172,channel1
10428,190,channel1
10429,156,channel1
10430,133,channel1
10431,150,channel1
10432,150,channel1
10433,105,channel1
10434,76,channel1
10435,115,channel1
10436,126,channel1
10437,74,channel1
10438,109,channel1
10439,161,channel1
10440,156,channel1
10441,140,channel1
10442,126,channel1
10443,94,channel1
10444,71,channel1
10445,71,channel1
10446,82,channel1
10447,94,channel1
10448,83,channel1
10449,70,channel1
10450,66,channel1
10451,71,channel1
10452,61,channel1
10453,70,channel1
10454,84,channel1
10455,115,channel1
10456,80,channel1
10457,45,channel1
10458,50,channel1
10459,119,channel1
10460,93,channel1
10461,64,channel1
10462,100,channel1
10463,119,channel1
10464,74,channel1
10465,69,channel1
10466,75,channel1
10467,57,channel1
10468,57,channel1
10469,71,channel1
10470,105,channel1
10471,85,channel1
10472,72,channel1
10473,67,channel1
10474,87,channel1
10475,71,channel1
10476,164,channel1
10477,101,channel1
10478,68,channel1
10479,66,channel1
10480,77,channel1
10481,82,channel1
10482,45,channel1
10483,49,channel1
10484,52,channel1
10485,82,channel1
10486,111,channel1
10487,44,channel1
10488,44,channel1
10489,62,channel1
10490,53,channel1
10491,43,channel1
10492,52,channel1
10493,81,channel1
10494,64,channel1
10495,54,channel1
10496,59,channel1
10497,48,channel1
10498,56,channel1
10499,61,channel1
10500,65,channel1
10501,39,channel1
10502,61,channel1
10503,64,channel1
10504,37,channel1
10505,47,channel1
10506,40,channel1
10507,63,channel1
10508,37,channel1
10509,48,channel1
10510,64,channel1
10511,79,channel1
10512,59,channel1
10513,47,channel1
10514,62,channel1
10515,73,channel1
10516,64,channel1
10517,63,channel1
10518,71,channel1
10519,31,channel1
10520,54,channel1
10521,27,channel1
10522,45,channel1
10523,59,channel1
10524,23,channel1
10525,39,channel1
10526,63,channel1
10527,42,channel1
10528,47,channel1
10529,62,channel1
10530,35,channel1
10531,31,channel1
10532,44,channel1
10533,59,channel1
10534,70,channel1
10535,40,channel1
10536,80,channel1
10537,88,channel1
10538,66,channel1
10539,33,channel1
10540,58,channel1
10541,75,channel1
10542,54,channel1
10543,55,channel1
10544,48,channel1
10545,61,channel1
10546,65,channel1
10547,72,channel1
10548,52,channel1
10549,36,channel1
10550,44,channel1
10551,58,channel1
10552,32,channel1
10553,55,channel1
10554,72,channel1
10555,40,channel1
10556,60,channel1
10557,83,channel1
10558,58,channel1
10559,61,channel1
10560,66,channel1
10561,75,channel1
10562,72,channel1
10563,54,channel1
10564,57,channel1
10565,58,channel1
10566,67,channel1
10567,65,channel1
10568,51,channel1
10569,63,channel1
10570,58,channel1
10571,47,channel1
10572,55,channel1
10573,54,channel1
10574,47,channel1
10575,58,channel1
10576,54,channel1
10577,77,channel1
10578,61,channel1
10579,56,channel1
10580,61,channel1
10581,79,channel1
10582,72,channel1
10583,55,channel1
10584,53,channel1
10585,61,channel1
10586,72,channel1
10587,69,channel1
10588,55,channel1
10589,64,channel1
10590,79,channel1
10591,55,channel1
10592,53,channel1
10593,52,channel1
10594,60,channel1
10595,56,channel1
10596,77,channel1
10597,60,channel1
10598,59,channel1
10599,73,channel1
10600,52,channel1
10601,52,channel1
10602,64,channel1
10603,54,channel1
10604,58,channel1
10605,65,channel1
10606,67,channel1
10607,97,channel1
10608,54,channel1
10609,58,channel1
10610,116,channel1
10611,69,channel1
10612,79,channel1
10613,102,channel1
10614,78,channel1
10615,70,channel1
10616,95,channel1
10617,106,channel1
10618,63,channel1
10619,55,channel1
10620,60,channel1
10621,59,channel1
10622,77,channel1
10623,72,channel1
10624,102,channel1
10625,68,channel1
10626,74,channel1
10627,111,channel1
10628,61,channel1
10629,58,channel1
10630,52,channel1
10631,78,channel1
10632,108,channel1
10633,64,channel1
10634,63,channel1
10635,96,channel1
10636,99,channel1
10637,45,channel1
10638,42,channel1
10639,47,channel1
10640,48,channel1
10641,47,channel1
10642,52,channel1
10643,71,channel1
10644,57,channel1
10645,47,channel1
10646,56,channel1
10647,58,channel1
10648,44,channel1
10649,41,channel1
10650,58,channel1
10651,79,channel1
10652,71,channel1
10653,67,channel1
10654,52,channel1
10655,62,channel1
10656,45,channel1
10657,55,channel1
10658,111,channel1
10659,76,channel1
10660,100,channel1
10661,60,channel1
10662,60,channel1
10663,61,channel1
10664,66,channel1
10665,42,channel1
10666,61,channel1
10667,89,channel1
10668,95,channel1
10669,94,channel1
10670,77,channel1
10671,62,channel1
10672,60,channel1
10673,96,channel1
10674,81,channel1
10675,74,channel1
10676,45,channel1
10677,51,channel1
10678,68,channel1
10679,59,channel1
10680,71,channel1
10681,56,channel1
10682,64,channel1
10683,35,channel1
10684,44,channel1
10685,66,channel1
10686,80,channel1
10687,66,channel1
10688,51,channel1
10689,64,channel1
10690,70,channel1
10691,40,channel1
10692,56,channel1
10693,72,channel1
10694,106,channel1
10695,56,channel1
10696,47,channel1
10697,47,channel1
10698,66,channel1
10699,55,channel1
10700,67,channel1
10701,67,channel1
10702,101,channel1
10703,52,channel1
10704,54,channel1
10705,86,channel1
10706,61,channel1
10707,43,channel1
10708,74,channel1
10709,97,channel1
10710,150,channel1
10711,143,channel1
10712,115,channel1
10713,54,channel1
10714,59,channel1
10715,87,channel1
10716,47,channel1
10717,72,channel1
10718,88,channel1
10719,59,channel1
10720,48,channel1
10721,67,channel1
10722,80,channel1
10723,98,channel1
10724,44,channel1
10725,54,channel1
10726,62,channel1
10727,81,channel1
10728,64,channel1
10729,105,channel1
10730,74,channel1
10731,46,channel1
10732,43,channel1
10733,55,channel1
10734,100,channel1
10735,108,channel1
10736,129,channel1
10737,93,channel1
10738,87,channel1
10739,97,channel1
10740,52,channel1
10741,81,channel1
10742,75,channel1
10743,89,channel1
10744,67,channel1
10745,77,channel1
10746,47,channel1
10747,97,channel1
10748,64,channel1
10749,72,channel1
10750,72,channel1
10751,62,channel1
10752,119,channel1
10753,99,channel1
10754,85,channel1
10755,87,channel1
10756,83,channel1
10757,95,channel1
10758,47,channel1
10759,55,channel1
10760,60,channel1
10761,66,channel1
10762,47,channel1
10763,63,channel1
10764,66,channel1
10765,66,channel1
10766,40,channel1
10767,50,channel1
10768,59,channel1
10769,64,channel1
10770,66,channel1
10771,90,channel1
10772,49,channel1
10773,84,channel1
10774,84,channel1
10775,97,channel1
10776,92,channel1
10777,84,channel1
10778,57,channel1
10779,41,channel1
10780,51,channel1
10781,101,channel1
10782,73,channel1
10783,41,channel1
10784,57,channel1
10785,58,channel1
10786,64,channel1
10787,46,channel1
10788,45,channel1
10789,49,channel1
10790,101,channel1
10791,133,channel1
10792,117,channel1
10793,97,channel1
10794,51,channel1
10795,88,channel1
10796,79,channel1
10797,93,channel1
10798,97,channel1
10799,71,channel1
10800,95,channel1
10801,88,channel1
10802,106,channel1
10803,139,channel1
10804,139,channel1
10805,95,channel1
10806,97,channel1
10807,93,channel1
10808,61,channel1
10809,97,channel1
10810,119,channel1
10811,100,channel1
10812,58,channel1
10813,40,channel1
10814,46,channel1
10815,66,channel1
10816,129,channel1
10817,71,channel1
10818,74,channel1
10819,61,channel1
10820,101,channel1
10821,126,channel1
10822,150,channel1
10823,151,channel1
10824,112,channel1
10825,100,channel1
10826,122,channel1
10827,67,channel1
10828,80,channel1
10829,64,channel1
10830,60,channel1
10831,64,channel1
10832,136,channel1
10833,48,channel1
10834,56,channel1
10835,47,channel1
10836,58,channel1
10837,37,channel1
10838,44,channel1
10839,66,channel1
10840,81,channel1
10841,101,channel1
10842,140,channel1
10843,42,channel1
10844,42,channel1
10845,88,channel1
10846,78,channel1
10847,58,channel1
10848,31,channel1
10849,29,channel1
10850,42,channel1
10851,40,channel1
10852,56,channel1
10853,56,channel1
10854,40,channel1
10855,59,channel1
10856,38,channel1
10857,45,channel1
10858,66,channel1
10859,66,channel1
10860,52,channel1
10861,43,channel1
10862,26,channel1
10863,29,channel1
10864,33,channel1
10865,58,channel1
10866,41,channel1
10867,23,channel1
10868,31,channel1
10869,54,channel1
10870,59,channel1
10871,58,channel1
10872,27,channel1
10873,36,channel1
10874,34,channel1
10875,38,channel1
10876,58,channel1
10877,56,channel1
10878,32,channel1
10879,37,channel1
10880,47,channel1
10881,40,channel1
10882,51,channel1
10883,41,channel1
10884,38,channel1
10885,30,channel1
10886,45,channel1
10887,68,channel1
10888,88,channel1
10889,79,channel1
10890,47,channel1
10891,40,channel1
10892,32,channel1
10893,43,channel1
10894,55,channel1
10895,38,channel1
10896,46,channel1
10897,44,channel1
10898,38,channel1
10899,32,channel1
10900,31,channel1
10901,56,channel1
10902,33,channel1
10903,51,channel1
10904,35,channel1
10905,48,channel1
10906,78,channel1
10907,147,channel1
10908,88,channel1
10909,49,channel1
10910,36,channel1
10911,38,channel1
10912,37,channel1
10913,55,channel1
10914,44,channel1
10915,43,channel1
10916,59,channel1
10917,66,channel1
10918,41,channel1
10919,54,channel1
10920,59,channel1
10921,51,channel1
10922,48,channel1
10923,53,channel1
10924,53,channel1
10925,40,channel1
10926,36,channel1
10927,64,channel1
10928,54,channel1
10929,52,channel1
10930,70,channel1
10931,40,channel1
10932,62,channel1
10933,55,channel1
10934,67,channel1
10935,87,channel1
10936,63,channel1
10937,69,channel1
10938,56,channel1
10939,86,channel1
10940,64,channel1
10941,67,channel1
10942,55,channel1
10943,60,channel1
10944,57,channel1
10945,44,channel1
10946,64,channel1
10947,58,channel1
10948,58,channel1
10949,54,channel1
10950,56,channel1
10951,48,channel1
10952,62,channel1
10953,64,channel1
10954,42,channel1
10955,52,channel1
10956,60,channel1
10957,53,channel1
10958,66,channel1
10959,79,channel1
10960,86,channel1
10961,45,channel1
10962,50,channel1
10963,60,channel1
10964,54,channel1
10965,51,channel1
10966,59,channel1
10967,70,channel1
10968,50,channel1
10969,53,channel1
10970,80,channel1
10971,67,channel1
10972,67,channel1
10973,105,channel1
10974,85,channel1
10975,81,channel1
10976,83,channel1
10977,74,channel1
10978,86,channel1
10979,62,channel1
10980,66,channel1
10981,81,channel1
10982,74,channel1
10983,74,channel1
10984,49,channel1
10985,54,channel1
10986,65,channel1
10987,66,channel1
10988,51,channel1
10989,56,channel1
10990,61,channel1
10991,69,channel1
10992,66,channel1
10993,75,channel1
10994,55,channel1
10995,57,channel1
10996,61,channel1
10997,54,channel1
10998,49,channel1
10999,56,channel1
11000,64,channel1
11001,44,channel1
11002,54,channel1
11003,49,channel1
11004,54,channel1
11005,65,channel1
11006,70,channel1
11007,59,channel1
11008,51,channel1
11009,49,channel1
11010,51,channel1
11011,53,channel1
11012,56,channel1
11013,42,channel1
11014,56,channel1
11015,58,channel1
11016,68,channel1
11017,70,channel1
11018,80,channel1
11019,40,channel1
11020,56,channel1
11021,44,channel1
11022,46,channel1
11023,47,channel1
11024,49,channel1
11025,71,channel1
11026,66,channel1
11027,73,channel1
11028,86,channel1
11029,77,channel1
11030,52,channel1
11031,42,channel1
11032,44,channel1
11033,47,channel1
11034,65,channel1
11035,96,channel1
11036,79,channel1
11037,102,channel1
11038,97,channel1
11039,97,channel1
11040,68,channel1
11041,57,channel1
11042,64,channel1
11043,102,channel1
11044,47,channel1
11045,44,channel1
11046,44,channel1
11047,56,channel1
11048,35,channel1
11049,33,channel1
11050,46,channel1
11051,65,channel1
11052,47,channel1
11053,64,channel1
11054,90,channel1
11055,101,channel1
11056,108,channel1
11057,103,channel1
11058,39,channel1
11059,49,channel1
11060,97,channel1
11061,67,channel1
11062,50,channel1
11063,52,channel1
11064,71,channel1
11065,47,channel1
11066,48,channel1
11067,36,channel1
11068,43,channel1
11069,62,channel1
11070,67,channel1
11071,74,channel1
11072,50,channel1
11073,58,channel1
11074,51,channel1
11075,45,channel1
11076,46,channel1
11077,48,channel1
11078,50,channel1
11079,101,channel1
11080,164,channel1
11081,81,channel1
11082,57,channel1
11083,87,channel1
11084,93,channel1
11085,80,channel1
11086,47,channel1
11087,56,channel1
11088,44,channel1
11089,48,channel1
11090,44,channel1
11091,51,channel1
11092,47,channel1
11093,65,channel1
11094,48,channel1
11095,51,channel1
11096,60,channel1
11097,52,channel1
11098,36,channel1
11099,63,channel1
11100,112,channel1
11101,66,channel1
11102,68,channel1
11103,63,channel1
11104,61,channel1
11105,108,channel1
11106,66,channel1
11107,51,channel1
11108,58,channel1
11109,58,channel1
11110,156,channel1
11111,70,channel1
11112,122,channel1
11113,133,channel1
11114,147,channel1
11115,115,channel1
11116,54,channel1
11117,42,channel1
11118,40,channel1
11119,51,channel1
11120,87,channel1
11121,45,channel1
11122,108,channel1
11123,108,channel1
11124,70,channel1
11125,64,channel1
11126,64,channel1
11127,45,channel1
11128,112,channel1
11129,147,channel1
11130,97,channel1
11131,84,channel1
11132,105,channel1
11133,101,channel1
11134,129,channel1
11135,87,channel1
11136,154,channel1
11137,136,channel1
11138,122,channel1
11139,87,channel1
11140,64,channel1
11141,38,channel1
11142,47,channel1
11143,108,channel1
11144,150,channel1
11145,172,channel1
11146,208,channel1
11147,172,channel1
11148,101,channel1
11149,51,channel1
11150,45,channel1
11151,97,channel1
11152,143,channel1
11153,58,channel1
11154,56,channel1
11155,115,channel1
11156,129,channel1
11157,136,channel1
11158,112,channel1
11159,112,channel1
11160,101,channel1
11161,126,channel1
11162,47,channel1
11163,136,channel1
11164,119,channel1
11165,58,channel1
11166,45,channel1
11167,97,channel1
11168,150,channel1
11169,74,channel1
11170,64,channel1
11171,77,channel1
11172,64,channel1
11173,93,channel1
11174,64,channel1
11175,119,channel1
11176,126,channel1
11177,71,channel1
11178,80,channel1
11179,101,channel1
11180,151,channel1
11181,151,channel1
11182,140,channel1
11183,59,channel1
11184,52,channel1
11185,50,channel1
11186,68,channel1
11187,73,channel1
11188,133,channel1
11189,67,channel1
11190,172,channel1
11191,126,channel1
11192,97,channel1
11193,64,channel1
11194,40,channel1
11195,32,channel1
11196,37,channel1
11197,48,channel1
11198,43,channel1
11199,58,channel1
11200,93,channel1
11201,133,channel1
11202,174,channel1
11203,172,channel1
11204,172,channel1
11205,80,channel1
11206,46,channel1
11207,48,channel1
11208,74,channel1
11209,115,channel1
11210,101,channel1
11211,29,channel1
11212,24,channel1
11213,44,channel1
11214,36,channel1
11215,52,channel1
11216,54,channel1
11217,41,channel1
11218,55,channel1
11219,51,channel1
11220,36,channel1
11221,58,channel1
11222,36,channel1
11223,42,channel1
11224,140,channel1
11225,62,channel1
11226,90,channel1
11227,93,channel1
11228,33,channel1
11229,43,channel1
11230,50,channel1
11231,56,channel1
11232,61,channel1
11233,33,channel1
11234,35,channel1
11235,49,channel1
11236,28,channel1
11237,35,channel1
11238,38,channel1
11239,40,channel1
11240,44,channel1
11241,44,channel1
11242,44,channel1
11243,71,channel1
11244,50,channel1
11245,46,channel1
11246,53,channel1
11247,32,channel1
11248,31,channel1
11249,63,channel1
11250,39,channel1
11251,45,channel1
11252,65,channel1
11253,51,channel1
11254,36,channel1
11255,55,channel1
11256,69,channel1
11257,62,channel1
11258,54,channel1
11259,55,channel1
11260,49,channel1
11261,31,channel1
11262,39,channel1
11263,43,channel1
11264,28,channel1
11265,46,channel1
11266,66,channel1
11267,42,channel1
11268,43,channel1
11269,38,channel1
11270,33,channel1
11271,33,channel1
11272,41,channel1
11273,48,channel1
11274,54,channel1
11275,54,channel1
11276,67,channel1
11277,68,channel1
11278,58,channel1
11279,55,channel1
11280,36,channel1
11281,52,channel1
11282,42,channel1
11283,62,channel1
11284,46,channel1
11285,74,channel1
11286,71,channel1
11287,38,channel1
11288,49,channel1
11289,45,channel1
11290,51,channel1
11291,57,channel1
11292,73,channel1
11293,55,channel1
11294,37,channel1
11295,50,channel1
11296,53,channel1
11297,49,channel1
11298,39,channel1
11299,41,channel1
11300,45,channel1
11301,52,channel1
11302,53,channel1
11303,68,channel1
11304,97,channel1
11305,61,channel1
11306,58,channel1
11307,50,channel1
11308,102,channel1
11309,94,channel1
11310,69,channel1
11311,82,channel1
11312,87,channel1
11313,64,channel1
11314,53,channel1
11315,51,channel1
11316,45,channel1
11317,56,channel1
11318,57,channel1
11319,54,channel1
11320,47,channel1
11321,74,channel1
11322,76,channel1
11323,105,channel1
11324,128,channel1
11325,119,channel1
11326,76,channel1
11327,57,channel1
11328,86,channel1
11329,72,channel1
11330,69,channel1
11331,79,channel1
11332,76,channel1
11333,61,channel1
11334,59,channel1
11335,61,channel1
11336,65,channel1
11337,57,channel1
11338,70,channel1
11339,84,channel1
11340,86,channel1
11341,104,channel1
11342,60,channel1
11343,67,channel1
11344,60,channel1
11345,71,channel1
11346,60,channel1
11347,71,channel1
11348,64,channel1
11349,93,channel1
11350,102,channel1
11351,74,channel1
11352,97,channel1
11353,81,channel1
11354,80,channel1
11355,81,channel1
11356,76,channel1
11357,68,channel1
11358,59,channel1
11359,82,channel1
11360,89,channel1
11361,71,channel1
11362,87,channel1
11363,66,channel1
11364,64,channel1
11365,62,channel1
11366,73,channel1
11367,72,channel1
11368,65,channel1
11369,59,channel1
11370,57,channel1
11371,65,channel1
11372,98,channel1
11373,82,channel1
11374,56,channel1
11375,65,channel1
11376,72,channel1
11377,64,channel1
11378,79,channel1
11379,96,channel1
11380,64,channel1
11381,53,channel1
11382,71,channel1
11383,65,channel1
11384,62,channel1
11385,56,channel1
11386,60,channel1
11387,66,channel1
11388,48,channel1
11389,47,channel1
11390,45,channel1
11391,64,channel1
11392,54,channel1
11393,55,channel1
11394,53,channel1
11395,57,channel1
11396,56,channel1
11397,56,channel1
11398,65,channel1
11399,64,channel1
11400,58,channel1
11401,61,channel1
11402,45,channel1
11403,52,channel1
11404,53,channel1
11405,48,channel1
11406,67,channel1
11407,60,channel1
11408,50,channel1
11409,49,channel1
11410,45,channel1
11411,45,channel1
11412,51,channel1
11413,47,channel1
11414,49,channel1
11415,44,channel1
11416,53,channel1
11417,54,channel1
11418,78,channel1
11419,57,channel1
11420,55,channel1
11421,63,channel1
11422,73,channel1
11423,72,channel1
11424,53,channel1
11425,70,channel1
11426,48,channel1
11427,49,channel1
11428,75,channel1
11429,41,channel1
11430,48,channel1
11431,48,channel1
11432,61,channel1
11433,64,channel1
11434,72,channel1
11435,49,channel1
11436,45,channel1
11437,56,channel1
11438,66,channel1
11439,76,channel1
11440,61,channel1
11441,59,channel1
11442,48,channel1
11443,136,channel1
11444,50,channel1
11445,55,channel1
11446,50,channel1
11447,65,channel1
11448,41,channel1
11449,50,channel1
11450,74,channel1
11451,64,channel1
11452,54,channel1
11453,44,channel1
11454,47,channel1
11455,44,channel1
11456,64,channel1
11457,41,channel1
11458,36,channel1
11459,65,channel1
11460,54,channel1
11461,44,channel1
11462,51,channel1
11463,52,channel1
11464,61,channel1
11465,87,channel1
11466,51,channel1
11467,52,channel1
11468,75,channel1
11469,90,channel1
11470,93,channel1
11471,115,channel1
11472,56,channel1
11473,58,channel1
11474,97,channel1
11475,119,channel1
11476,166,channel1
11477,64,channel1
11478,49,channel1
11479,49,channel1
11480,42,channel1
11481,122,channel1
11482,172,channel1
11483,159,channel1
11484,197,channel1
11485,136,channel1
11486,58,channel1
11487,40,channel1
11488,41,channel1
11489,38,channel1
11490,53,channel1
11491,93,channel1
11492,67,channel1
11493,126,channel1
11494,71,channel1
11495,97,channel1
11496,87,channel1
11497,73,channel1
11498,104,channel1
11499,62,channel1
11500,77,channel1
11501,57,channel1
11502,71,channel1
11503,115,channel1
11504,67,channel1
11505,61,channel1
11506,54,channel1
11507,90,channel1
11508,92,channel1
11509,126,channel1
11510,108,channel1
11511,133,channel1
11512,185,channel1
11513,99,channel1
11514,51,channel1
11515,97,channel1
11516,136,channel1
11517,90,channel1
11518,55,channel1
11519,59,channel1
11520,93,channel1
11521,156,channel1
11522,77,channel1
11523,136,channel1
11524,161,channel1
11525,185,channel1
11526,166,channel1
11527,209,channel1
11528,147,channel1
11529,133,channel1
11530,54,channel1
11531,67,channel1
11532,48,channel1
11533,90,channel1
11534,119,channel1
11535,66,channel1
11536,129,channel1
11537,122,channel1
11538,74,channel1
11539,66,channel1
11540,74,channel1
11541,105,channel1
11542,67,channel1
11543,75,channel1
11544,64,channel1
11545,69,channel1
11546,82,channel1
11547,44,channel1
11548,50,channel1
11549,80,channel1
11550,50,channel1
11551,48,channel1
11552,35,channel1
11553,80,channel1
11554,74,channel1
11555,93,channel1
11556,126,channel1
11557,58,channel1
11558,41,channel1
11559,43,channel1
11560,71,channel1
11561,71,channel1
11562,80,channel1
11563,41,channel1
11564,33,channel1
11565,37,channel1
11566,48,channel1
11567,59,channel1
11568,93,channel1
11569,52,channel1
11570,90,channel1
11571,79,channel1
11572,41,channel1
11573,47,channel1
11574,41,channel1
11575,36,channel1
11576,43,channel1
11577,44,channel1
11578,34,channel1
11579,60,channel1
11580,93,channel1
11581,97,channel1
11582,61,channel1
11583,28,channel1
11584,28,channel1
11585,34,channel1
11586,30,channel1
11587,43,channel1
11588,67,channel1
11589,47,channel1
11590,45,channel1
11591,52,channel1
11592,52,channel1
11593,62,channel1
11594,61,channel1
11595,40,channel1
11596,50,channel1
11597,62,channel1
11598,54,channel1
11599,32,channel1
11600,30,channel1
11601,29,channel1
11602,35,channel1
11603,55,channel1
11604,45,channel1
11605,56,channel1
11606,67,channel1
11607,84,channel1
11608,54,channel1
11609,53,channel1
11610,37,channel1
11611,40,channel1
11612,46,channel1
11613,39,channel1
11614,43,channel1
11615,61,channel1
11616,50,channel1
11617,31,channel1
11618,58,channel1
11619,34,channel1
11620,50,channel1
11621,68,channel1
11622,43,channel1
11623,61,channel1
11624,55,channel1
11625,42,channel1
11626,30,channel1
11627,57,channel1
11628,97,channel1
11629,60,channel1
11630,80,channel1
11631,74,channel1
11632,46,channel1
11633,46,channel1
11634,58,channel1
11635,65,channel1
11636,93,channel1
11637,100,channel1
11638,69,channel1
11639,40,channel1
11640,56,channel1
11641,58,channel1
11642,63,channel1
11643,57,channel1
11644,50,channel1
11645,40,channel1
11646,48,channel1
11647,54,channel1
11648,62,channel1
11649,52,channel1
11650,48,channel1
11651,64,channel1
11652,53,channel1
11653,58,channel1
11654,73,channel1
11655,81,channel1
11656,53,channel1
11657,48,channel1
11658,34,channel1
11659,61,channel1
11660,100,channel1
11661,53,channel1
11662,63,channel1
11663,87,channel1
11664,49,channel1
11665,43,channel1
11666,52,channel1
11667,63,channel1
11668,52,channel1
11669,60,channel1
11670,95,channel1
11671,77,channel1
11672,75,channel1
11673,67,channel1
11674,43,channel1
11675,42,channel1
11676,46,channel1
11677,77,channel1
11678,55,channel1
11679,70,channel1
11680,55,channel1
11681,46,channel1
11682,47,channel1
11683,56,channel1
11684,51,channel1
11685,53,channel1
11686,46,channel1
11687,54,channel1
11688,79,channel1
11689,76,channel1
11690,63,channel1
11691,45,channel1
11692,54,channel1
11693,63,channel1
11694,67,channel1
11695,85,channel1
11696,80,channel1
11697,47,channel1
11698,55,channel1
11699,67,channel1
11700,89,channel1
11701,49,channel1
11702,65,channel1
11703,55,channel1
11704,45,channel1
11705,55,channel1
11706,78,channel1
11707,53,channel1
11708,64,channel1
11709,56,channel1
11710,61,channel1
11711,59,channel1
11712,76,channel1
11713,69,channel1
11714,57,channel1
11715,66,channel1
11716,60,channel1
11717,63,channel1
11718,35,channel1
11719,52,channel1
11720,58,channel1
11721,60,channel1
11722,58,channel1
11723,48,channel1
11724,54,channel1
11725,52,channel1
11726,58,channel1
11727,57,channel1
11728,54,channel1
11729,55,channel1
11730,69,channel1
11731,68,channel1
11732,58,channel1
11733,52,channel1
11734,65,channel1
11735,84,channel1
11736,77,channel1
11737,57,channel1
11738,47,channel1
11739,42,channel1
11740,40,channel1
11741,80,channel1
11742,53,channel1
11743,51,channel1
11744,50,channel1
11745,42,channel1
11746,47,channel1
11747,66,channel1
11748,54,channel1
11749,54,channel1
11750,55,channel1
11751,37,channel1
11752,40,channel1
11753,42,channel1
11754,42,channel1
11755,46,channel1
11756,61,channel1
11757,57,channel1
11758,38,channel1
11759,56,channel1
11760,54,channel1
11761,66,channel1
11762,65,channel1
11763,63,channel1
11764,55,channel1
11765,83,channel1
11766,63,channel1
11767,58,channel1
11768,83,channel1
11769,60,channel1
11770,57,channel1
11771,62,channel1
11772,59,channel1
11773,47,channel1
11774,46,channel1
11775,46,channel1
11776,51,channel1
11777,54,channel1
11778,43,channel1
11779,50,channel1
11780,58,channel1
11781,48,channel1
11782,50,channel1
11783,64,channel1
11784,67,channel1
11785,40,channel1
11786,46,channel1
11787,51,channel1
11788,58,channel1
11789,61,channel1
11790,68,channel1
11791,38,channel1
11792,36,channel1
11793,52,channel1
11794,77,channel1
11795,97,channel1
11796,105,channel1
11797,50,channel1
11798,45,channel1
11799,58,channel1
11800,58,channel1
11801,50,channel1
11802,38,channel1
11803,37,channel1
11804,83,channel1
11805,54,channel1
11806,61,channel1
11807,37,channel1
11808,49,channel1
11809,74,channel1
11810,58,channel1
11811,52,channel1
11812,40,channel1
11813,63,channel1
11814,56,channel1
11815,59,channel1
11816,38,channel1
11817,44,channel1
11818,47,channel1
11819,63,channel1
11820,41,channel1
11821,49,channel1
11822,101,channel1
11823,122,channel1
11824,53,channel1
11825,58,channel1
11826,84,channel1
11827,54,channel1
11828,49,channel1
11829,93,channel1
11830,64,channel1
11831,54,channel1
11832,42,channel1
11833,54,channel1
11834,60,channel1
11835,53,channel1
11836,64,channel1
11837,84,channel1
11838,129,channel1
11839,90,channel1
11840,55,channel1
11841,80,channel1
11842,48,channel1
11843,58,channel1
11844,54,channel1
11845,32,channel1
11846,31,channel1
11847,43,channel1
11848,47,channel1
11849,71,channel1
11850,77,channel1
11851,143,channel1
11852,67,channel1
11853,39,channel1
11854,36,channel1
11855,46,channel1
11856,67,channel1
11857,77,channel1
11858,48,channel1
11859,41,channel1
11860,67,channel1
11861,174,channel1
11862,159,channel1
11863,119,channel1
11864,52,channel1
11865,67,channel1
11866,58,channel1
11867,38,channel1
11868,43,channel1
11869,147,channel1
11870,174,channel1
11871,126,channel1
11872,143,channel1
11873,51,channel1
11874,115,channel1
11875,112,channel1
11876,119,channel1
11877,115,channel1
11878,115,channel1
11879,108,channel1
11880,87,channel1
11881,77,channel1
11882,112,channel1
11883,119,channel1
11884,143,channel1
11885,112,channel1
11886,58,channel1
11887,97,channel1
11888,161,channel1
11889,161,channel1
11890,58,channel1
11891,55,channel1
11892,61,channel1
11893,80,channel1
11894,101,channel1
11895,74,channel1
11896,64,channel1
11897,129,channel1
11898,71,channel1
11899,57,channel1
11900,53,channel1
11901,74,channel1
11902,58,channel1
11903,56,channel1
11904,108,channel1
11905,133,channel1
11906,112,channel1
11907,52,channel1
11908,64,channel1
11909,67,channel1
11910,159,channel1
11911,129,channel1
11912,44,channel1
11913,74,channel1
11914,80,channel1
11915,58,channel1
11916,60,channel1
11917,71,channel1
11918,54,channel1
11919,115,channel1
11920,58,channel1
11921,42,channel1
11922,90,channel1
11923,87,channel1
11924,115,channel1
11925,119,channel1
11926,150,channel1
11927,97,channel1
11928,50,channel1
11929,41,channel1
11930,51,channel1
11931,49,channel1
11932,67,channel1
11933,143,channel1
11934,129,channel1
11935,55,channel1
11936,62,channel1
11937,54,channel1
11938,43,channel1
11939,57,channel1
11940,101,channel1
11941,43,channel1
11942,43,channel1
11943,31,channel1
11944,49,channel1
11945,67,channel1
11946,112,channel1
11947,77,channel1
11948,31,channel1
11949,40,channel1
11950,50,channel1
11951,44,channel1
11952,32,channel1
11953,31,channel1
11954,42,channel1
11955,49,channel1
11956,28,channel1
11957,64,channel1
11958,46,channel1
11959,52,channel1
11960,65,channel1
11961,54,channel1
11962,29,channel1
11963,49,channel1
11964,39,channel1
11965,59,channel1
11966,87,channel1
11967,69,channel1
11968,64,channel1
11969,57,channel1
11970,27,channel1
11971,28,channel1
11972,36,channel1
11973,33,channel1
11974,39,channel1
11975,54,channel1
11976,37,channel1
11977,44,channel1
11978,38,channel1
11979,36,channel1
11980,51,channel1
11981,64,channel1
11982,38,channel1
11983,41,channel1
11984,37,channel1
11985,43,channel1
11986,69,channel1
11987,70,channel1
11988,43,channel1
11989,41,channel1
11990,59,channel1
11991,34,channel1
11992,41,channel1
11993,30,channel1
11994,25,channel1
11995,46,channel1
11996,31,channel1
11997,28,channel1
11998,28,channel1
11999,33,channel1
12000,44,channel1
12001,45,channel1
12002,45,channel1
12003,53,channel1
12004,91,channel1
12005,94,channel1
12006,85,channel1
12007,35,channel1
12008,50,channel1
12009,51,channel1
12010,55,channel1
12011,63,channel1
12012,66,channel1
12013,63,channel1
12014,65,channel1
12015,69,channel1
12016,75,channel1
12017,82,channel1
12018,34,channel1
12019,43,channel1
12020,63,channel1
12021,68,channel1
12022,54,channel1
12023,76,channel1
12024,96,channel1
12025,77,channel1
12026,89,channel1
12027,90,channel1
12028,91,channel1
12029,38,channel1
12030,58,channel1
12031,91,channel1
12032,80,channel1
12033,58,channel1
12034,76,channel1
12035,42,channel1
12036,60,channel1
12037,70,channel1
12038,83,channel1
12039,75,channel1
12040,53,channel1
12041,67,channel1
12042,59,channel1
12043,51,channel1
12044,49,channel1
12045,35,channel1
12046,43,channel1
12047,55,channel1
12048,60,channel1
12049,62,channel1
12050,45,channel1
12051,43,channel1
12052,48,channel1
12053,69,channel1
12054,53,channel1
12055,57,channel1
12056,65,channel1
12057,57,channel1
12058,64,channel1
12059,69,channel1
12060,68,channel1
12061,80,channel1
12062,95,channel1
12063,88,channel1
12064,108,channel1
12065,74,channel1
12066,60,channel1
12067,77,channel1
12068,77,channel1
12069,63,channel1
12070,66,channel1
12071,68,channel1
12072,64,channel1
12073,53,channel1
12074,50,channel1
12075,55,channel1
12076,54,channel1
12077,60,channel1
12078,104,channel1
12079,113,channel1
12080,83,channel1
12081,69,channel1
12082,82,channel1
12083,96,channel1
12084,95,channel1
12085,87,channel1
12086,86,channel1
12087,53,channel1
12088,53,channel1
12089,74,channel1
12090,57,channel1
12091,98,channel1
12092,80,channel1
12093,50,channel1
12094,52,channel1
12095,47,channel1
12096,61,channel1
12097,82,channel1
12098,61,channel1
12099,65,channel1
12100,66,channel1
12101,88,channel1
12102,80,channel1
12103,38,channel1
12104,45,channel1
12105,55,channel1
12106,51,channel1
12107,47,channel1
12108,57,channel1
12109,42,channel1
12110,51,channel1
12111,58,channel1
12112,56,channel1
12113,66,channel1
12114,52,channel1
12115,40,channel1
12116,33,channel1
12117,34,channel1
12118,42,channel1
12119,42,channel1
12120,41,channel1
12121,40,channel1
12122,44,channel1
12123,52,channel1
12124,55,channel1
12125,54,channel1
12126,47,channel1
12127,40,channel1
12128,44,channel1
12129,44,channel1
12130,43,channel1
12131,42,channel1
12132,52,channel1
12133,47,channel1
12134,52,channel1
12135,45,channel1
12136,39,channel1
12137,39,channel1
12138,42,channel1
12139,41,channel1
12140,45,channel1
12141,45,channel1
12142,39,channel1
12143,42,channel1
12144,60,channel1
12145,81,channel1
12146,51,channel1
12147,46,channel1
12148,48,channel1
12149,48,channel1
12150,58,channel1
12151,46,channel1
12152,61,channel1
12153,64,channel1
12154,69,channel1
12155,64,channel1
12156,48,channel1
12157,43,channel1
12158,48,channel1
12159,47,channel1
12160,41,channel1
12161,48,channel1
12162,63,channel1
12163,57,channel1
12164,42,channel1
12165,43,channel1
12166,48,channel1
12167,53,channel1
12168,39,channel1
12169,50,channel1
12170,58,channel1
12171,67,channel1
12172,71,channel1
12173,105,channel1
12174,56,channel1
12175,74,channel1
12176,68,channel1
12177,58,channel1
12178,49,channel1
12179,45,channel1
12180,54,channel1
12181,48,channel1
12182,45,channel1
12183,45,channel1
12184,47,channel1
12185,61,channel1
12186,54,channel1
12187,46,channel1
12188,43,channel1
12189,49,channel1
12190,74,channel1
12191,93,channel1
12192,52,channel1
12193,48,channel1
12194,38,channel1
12195,59,channel1
12196,87,channel1
12197,78,channel1
12198,50,channel1
12199,35,channel1
12200,31,channel1
12201,38,channel1
12202,50,channel1
12203,75,channel1
12204,101,channel1
12205,143,channel1
12206,126,channel1
12207,101,channel1
12208,50,channel1
12209,60,channel1
12210,47,channel1
12211,50,channel1
12212,51,channel1
12213,34,channel1
12214,40,channel1
12215,67,channel1
12216,67,channel1
12217,54,channel1
12218,44,channel1
12219,58,channel1
12220,42,channel1
12221,59,channel1
12222,77,channel1
12223,74,channel1
12224,62,channel1
12225,48,channel1
12226,87,channel1
12227,119,channel1
12228,100,channel1
12229,63,channel1
12230,126,channel1
12231,151,channel1
12232,93,channel1
12233,97,channel1
12234,54,channel1
12235,97,channel1
12236,66,channel1
12237,51,channel1
12238,51,channel1
12239,48,channel1
12240,50,channel1
12241,49,channel1
12242,77,channel1
12243,74,channel1
12244,77,channel1
12245,115,channel1
12246,71,channel1
12247,80,channel1
12248,48,channel1
12249,45,channel1
12250,53,channel1
12251,58,channel1
12252,147,channel1
12253,151,channel1
12254,159,channel1
12255,133,channel1
12256,115,channel1
12257,93,channel1
12258,56,channel1
12259,71,channel1
12260,60,channel1
12261,27,channel1
12262,61,channel1
12263,90,channel1
12264,45,channel1
12265,71,channel1
12266,50,channel1
12267,54,channel1
12268,55,channel1
12269,77,channel1
12270,56,channel1
12271,37,channel1
12272,48,channel1
12273,74,channel1
12274,46,channel1
12275,54,channel1
12276,60,channel1
12277,45,channel1
12278,54,channel1
12279,57,channel1
12280,57,channel1
12281,32,channel1
12282,40,channel1
12283,58,channel1
12284,90,channel1
12285,58,channel1
12286,58,channel1
12287,101,channel1
12288,119,channel1
12289,58,channel1
12290,48,channel1
12291,50,channel1
12292,58,channel1
12293,64,channel1
12294,77,channel1
12295,77,channel1
12296,62,channel1
12297,64,channel1
12298,65,channel1
12299,59,channel1
12300,59,channel1
12301,43,channel1
12302,58,channel1
12303,45,channel1
12304,47,channel1
12305,61,channel1
12306,52,channel1
12307,35,channel1
12308,80,channel1
12309,143,channel1
12310,83,channel1
12311,40,channel1
12312,21,channel1
12313,37,channel1
12314,35,channel1
12315,40,channel1
12316,43,channel1
12317,71,channel1
12318,80,channel1
12319,44,channel1
12320,39,channel1
12321,28,channel1
12322,36,channel1
12323,43,channel1
12324,42,channel1
12325,33,channel1
12326,40,channel1
12327,53,channel1
12328,56,channel1
12329,60,channel1
12330,65,channel1
12331,62,channel1
12332,76,channel1
12333,63,channel1
12334,62,channel1
12335,38,channel1
12336,37,channel1
12337,35,channel1
12338,45,channel1
12339,33,channel1
12340,47,channel1
12341,38,channel1
12342,42,channel1
12343,46,channel1
12344,48,channel1
12345,53,channel1
12346,33,channel1
12347,69,channel1
12348,34,channel1
12349,44,channel1
12350,55,channel1
12351,38,channel1
12352,36,channel1
12353,45,channel1
12354,38,channel1
12355,41,channel1
12356,54,channel1
12357,45,channel1
12358,65,channel1
12359,80,channel1
12360,40,channel1
12361,45,channel1
12362,31,channel1
12363,44,channel1
12364,50,channel1
12365,60,channel1
12366,31,channel1
12367,32,channel1
12368,34,channel1
12369,43,channel1
12370,37,channel1
12371,33,channel1
12372,40,channel1
12373,44,channel1
12374,91,channel1
12375,80,channel1
12376,65,channel1
12377,36,channel1
12378,36,channel1
12379,45,channel1
12380,45,channel1
12381,53,channel1
12382,30,channel1
12383,48,channel1
12384,45,channel1
12385,52,channel1
12386,38,channel1
12387,46,channel1
12388,50,channel1
12389,44,channel1
12390,73,channel1
12391,107,channel1
12392,96,channel1
12393,99,channel1
12394,91,channel1
12395,46,channel1
12396,52,channel1
12397,45,channel1
12398,64,channel1
12399,60,channel1
12400,66,channel1
12401,53,channel1
12402,58,channel1
12403,55,channel1
12404,59,channel1
12405,62,channel1
12406,66,channel1
12407,67,channel1
12408,79,channel1
12409,83,channel1
12410,94,channel1
12411,47,channel1
12412,50,channel1
12413,55,channel1
12414,59,channel1
12415,62,channel1
12416,64,channel1
12417,58,channel1
12418,57,channel1
12419,52,channel1
12420,53,channel1
12421,62,channel1
12422,76,channel1
12423,57,channel1
12424,60,channel1
12425,113,channel1
12426,54,channel1
12427,54,channel1
12428,59,channel1
12429,72,channel1
12430,141,channel1
12431,63,channel1
12432,58,channel1
12433,77,channel1
12434,68,channel1
12435,89,channel1
12436,56,channel1
12437,74,channel1
12438,70,channel1
12439,64,channel1
12440,66,channel1
12441,60,channel1
12442,43,channel1
12443,78,channel1
12444,53,channel1
12445,63,channel1
12446,58,channel1
12447,72,channel1
12448,52,channel1
12449,58,channel1
12450,62,channel1
12451,78,channel1
12452,92,channel1
12453,95,channel1
12454,70,channel1
12455,72,channel1
12456,71,channel1
12457,54,channel1
12458,68,channel1
12459,56,channel1
12460,63,channel1
12461,71,channel1
12462,60,channel1
12463,67,channel1
12464,62,channel1
12465,75,channel1
12466,93,channel1
12467,57,channel1
12468,56,channel1
12469,80,channel1
12470,116,channel1
12471,63,channel1
12472,79,channel1
12473,62,channel1
12474,56,channel1
12475,42,channel1
12476,52,channel1
12477,52,channel1
12478,72,channel1
12479,67,channel1
12480,61,channel1
12481,69,channel1
12482,56,channel1
12483,55,channel1
12484,64,channel1
12485,59,channel1
12486,55,channel1
12487,63,channel1
12488,75,channel1
12489,63,channel1
12490,80,channel1
12491,85,channel1
12492,40,channel1
12493,49,channel1
12494,47,channel1
12495,42,channel1
12496,45,channel1
12497,56,channel1
12498,51,channel1
12499,44,channel1
12500,53,channel1
12501,54,channel1
12502,55,channel1
12503,41,channel1
12504,60,channel1
12505,44,channel1
12506,59,channel1
12507,65,channel1
12508,48,channel1
12509,39,channel1
12510,44,channel1
12511,53,channel1
12512,68,channel1
12513,69,channel1
12514,57,channel1
12515,41,channel1
12516,50,channel1
12517,108,channel1
12518,69,channel1
12519,49,channel1
12520,67,channel1
12521,66,channel1
12522,74,channel1
12523,80,channel1
12524,53,channel1
12525,43,channel1
12526,44,channel1
12527,66,channel1
12528,48,channel1
12529,74,channel1
12530,61,channel1
12531,58,channel1
12532,64,channel1
12533,42,channel1
12534,50,channel1
12535,58,channel1
12536,49,channel1
12537,40,channel1
12538,47,channel1
12539,40,channel1
12540,42,channel1
12541,51,channel1
12542,52,channel1
12543,51,channel1
12544,44,channel1
12545,46,channel1
12546,45,channel1
12547,48,channel1
12548,67,channel1
12549,63,channel1
12550,53,channel1
12551,71,channel1
12552,84,channel1
12553,54,channel1
12554,55,channel1
12555,60,channel1
12556,43,channel1
12557,49,channel1
12558,46,channel1
12559,54,channel1
12560,67,channel1
12561,77,channel1
12562,82,channel1
12563,69,channel1
12564,37,channel1
12565,48,channel1
12566,90,channel1
12567,136,channel1
12568,53,channel1
12569,38,channel1
12570,47,channel1
12571,41,channel1
12572,74,channel1
12573,105,channel1
12574,105,channel1
12575,77,channel1
12576,50,channel1
12577,63,channel1
12578,49,channel1
12579,74,channel1
12580,60,channel1
12581,66,channel1
12582,43,channel1
12583,53,channel1
12584,49,channel1
12585,40,channel1
12586,34,channel1
12587,67,channel1
12588,154,channel1
12589,80,channel1
12590,64,channel1
12591,46,channel1
12592,54,channel1
12593,90,channel1
12594,84,channel1
12595,67,channel1
12596,68,channel1
12597,44,channel1
12598,51,channel1
12599,100,channel1
12600,87,channel1
12601,80,channel1
12602,97,channel1
12603,71,channel1
12604,97,channel1
12605,51,channel1
12606,63,channel1
12607,64,channel1
12608,143,channel1
12609,108,channel1
12610,89,channel1
12611,77,channel1
12612,93,channel1
12613,97,channel1
12614,55,channel1
12615,50,channel1
12616,53,channel1
12617,51,channel1
12618,49,channel1
12619,54,channel1
12620,68,channel1
12621,58,channel1
12622,105,channel1
12623,93,channel1
12624,87,channel1
12625,41,channel1
12626,51,channel1
12627,58,channel1
12628,60,channel1
12629,71,channel1
12630,38,channel1
12631,44,channel1
12632,77,channel1
12633,106,channel1
12634,63,channel1
12635,67,channel1
12636,77,channel1
12637,112,channel1
12638,54,channel1
12639,55,channel1
12640,52,channel1
12641,62,channel1
12642,71,channel1
12643,54,channel1
12644,35,channel1
12645,42,channel1
12646,131,channel1
12647,72,channel1
12648,97,channel1
12649,58,channel1
12650,40,channel1
12651,80,channel1
12652,97,channel1
12653,64,channel1
12654,43,channel1
12655,33,channel1
12656,36,channel1
12657,64,channel1
12658,84,channel1
12659,187,channel1
12660,40,channel1
12661,44,channel1
12662,54,channel1
12663,61,channel1
12664,48,channel1
12665,63,channel1
12666,54,channel1
12667,112,channel1
12668,71,channel1
12669,58,channel1
12670,39,channel1
12671,41,channel1
12672,31,channel1
12673,45,channel1
12674,50,channel1
12675,40,channel1
12676,29,channel1
12677,33,channel1
12678,39,channel1
12679,44,channel1
12680,46,channel1
12681,61,channel1
12682,46,channel1
12683,57,channel1
12684,53,channel1
12685,30,channel1
12686,38,channel1
12687,37,channel1
12688,31,channel1
12689,56,channel1
12690,64,channel1
12691,80,channel1
12692,67,channel1
12693,58,channel1
12694,28,channel1
12695,30,channel1
12696,42,channel1
12697,52,channel1
12698,38,channel1
12699,54,channel1
12700,47,channel1
12701,46,channel1
12702,42,channel1
12703,64,channel1
12704,46,channel1
12705,46,channel1
12706,49,channel1
12707,43,channel1
12708,52,channel1
12709,50,channel1
12710,40,channel1
12711,31,channel1
12712,32,channel1
12713,45,channel1
12714,49,channel1
12715,33,channel1
12716,26,channel1
12717,38,channel1
12718,48,channel1
12719,37,channel1
12720,54,channel1
12721,64,channel1
12722,55,channel1
12723,46,channel1
12724,29,channel1
12725,59,channel1
12726,35,channel1
12727,44,channel1
12728,62,channel1
12729,52,channel1
12730,48,channel1
12731,65,channel1
12732,33,channel1
12733,51,channel1
12734,66,channel1
12735,64,channel1
12736,46,channel1
12737,62,channel1
12738,56,channel1
12739,49,channel1
12740,60,channel1
12741,64,channel1
12742,40,channel1
12743,53,channel1
12744,50,channel1
12745,44,channel1
12746,59,channel1
12747,61,channel1
12748,49,channel1
12749,46,channel1
12750,43,channel1
12751,30,channel1
12752,39,channel1
12753,45,channel1
12754,60,channel1
12755,57,channel1
12756,49,channel1
12757,50,channel1
12758,57,channel1
12759,69,channel1
12760,55,channel1
12761,35,channel1
12762,63,channel1
12763,42,channel1
12764,33,channel1
12765,43,channel1
12766,43,channel1
12767,45,channel1
12768,46,channel1
12769,55,channel1
12770,75,channel1
12771,42,channel1
12772,72,channel1
12773,34,channel1
12774,39,channel1
12775,57,channel1
12776,69,channel1
12777,54,channel1
12778,61,channel1
12779,36,channel1
12780,50,channel1
12781,59,channel1
12782,58,channel1
12783,34,channel1
12784,38,channel1
12785,55,channel1
12786,63,channel1
12787,66,channel1
12788,56,channel1
12789,55,channel1
12790,45,channel1
12791,64,channel1
12792,60,channel1
12793,54,channel1
12794,56,channel1
12795,60,channel1
12796,60,channel1
12797,68,channel1
12798,56,channel1
12799,79,channel1
12800,65,channel1
12801,64,channel1
12802,47,channel1
12803,78,channel1
12804,72,channel1
12805,62,channel1
12806,61,channel1
12807,65,channel1
12808,70,channel1
12809,64,channel1
12810,50,channel1
12811,68,channel1
12812,57,channel1
12813,74,channel1
12814,55,channel1
12815,52,channel1
12816,52,channel1
12817,68,channel1
12818,61,channel1
12819,59,channel1
12820,73,channel1
12821,84,channel1
12822,59,channel1
12823,74,channel1
12824,96,channel1
12825,61,channel1
12826,51,channel1
12827,58,channel1
12828,63,channel1
12829,58,channel1
12830,74,channel1
12831,60,channel1
12832,51,channel1
12833,78,channel1
12834,80,channel1
12835,58,channel1
12836,65,channel1
12837,60,channel1
12838,77,channel1
12839,62,channel1
12840,52,channel1
12841,111,channel1
12842,66,channel1
12843,60,channel1
12844,53,channel1
12845,68,channel1
12846,88,channel1
12847,53,channel1
12848,86,channel1
12849,53,channel1
12850,55,channel1
12851,79,channel1
12852,68,channel1
12853,71,channel1
12854,107,channel1
12855,68,channel1
12856,44,channel1
12857,51,channel1
12858,51,channel1
12859,39,channel1
12860,76,channel1
12861,62,channel1
12862,44,channel1
12863,50,channel1
12864,57,channel1
12865,65,channel1
12866,41,channel1
12867,42,channel1
12868,52,channel1
12869,80,channel1
12870,79,channel1
12871,35,channel1
12872,56,channel1
12873,44,channel1
12874,42,channel1
12875,40,channel1
12876,50,channel1
12877,65,channel1
12878,61,channel1
12879,40,channel1
12880,47,channel1
12881,63,channel1
12882,70,channel1
12883,42,channel1
12884,55,channel1
12885,61,channel1
12886,46,channel1
12887,50,channel1
12888,63,channel1
12889,57,channel1
12890,53,channel1
12891,49,channel1
12892,49,channel1
12893,84,channel1
12894,44,channel1
12895,48,channel1
12896,54,channel1
12897,60,channel1
12898,36,channel1
12899,46,channel1
12900,47,channel1
12901,43,channel1
12902,38,channel1
12903,46,channel1
12904,54,channel1
12905,44,channel1
12906,40,channel1
12907,52,channel1
12908,52,channel1
12909,100,channel1
12910,122,channel1
12911,58,channel1
12912,87,channel1
12913,140,channel1
12914,69,channel1
12915,54,channel1
12916,78,channel1
12917,77,channel1
12918,35,channel1
12919,64,channel1
12920,84,channel1
12921,58,channel1
12922,108,channel1
12923,68,channel1
12924,60,channel1
12925,45,channel1
12926,43,channel1
12927,61,channel1
12928,48,channel1
12929,100,channel1
12930,87,channel1
12931,101,channel1
12932,56,channel1
12933,61,channel1
12934,77,channel1
12935,50,channel1
12936,45,channel1
12937,35,channel1
12938,26,channel1
12939,37,channel1
12940,38,channel1
12941,50,channel1
12942,46,channel1
12943,49,channel1
12944,54,channel1
12945,80,channel1
12946,93,channel1
12947,154,channel1
12948,147,channel1
12949,93,channel1
12950,119,channel1
12951,54,channel1
12952,55,channel1
12953,44,channel1
12954,41,channel1
12955,48,channel1
12956,50,channel1
12957,43,channel1
12958,84,channel1
12959,67,channel1
12960,67,channel1
12961,54,channel1
12962,105,channel1
12963,40,channel1
12964,40,channel1
12965,44,channel1
12966,46,channel1
12967,108,channel1
12968,119,channel1
12969,84,channel1
12970,79,channel1
12971,90,channel1
12972,80,channel1
12973,64,channel1
12974,71,channel1
12975,59,channel1
12976,61,channel1
12977,105,channel1
12978,100,channel1
12979,129,channel1
12980,57,channel1
12981,63,channel1
12982,61,channel1
12983,87,channel1
12984,54,channel1
12985,108,channel1
12986,126,channel1
12987,101,channel1
12988,49,channel1
12989,49,channel1
12990,87,channel1
12991,126,channel1
12992,77,channel1
12993,80,channel1
12994,133,channel1
12995,136,channel1
12996,64,channel1
12997,74,channel1
12998,119,channel1
12999,74,channel1
13000,93,channel1
13001,108,channel1
13002,84,channel1
13003,49,channel1
13004,50,channel1
13005,51,channel1
13006,51,channel1
13007,39,channel1
13008,38,channel1
13009,48,channel1
13010,50,channel1
13011,87,channel1
13012,129,channel1
13013,129,channel1
13014,122,channel1
13015,87,channel1
13016,47,channel1
13017,32,channel1
13018,77,channel1
13019,87,channel1
13020,74,channel1
13021,112,channel1
13022,108,channel1
13023,61,channel1
13024,45,channel1
13025,46,channel1
13026,105,channel1
13027,108,channel1
13028,112,channel1
13029,136,channel1
13030,115,channel1
13031,161,channel1
13032,76,channel1
13033,64,channel1
13034,90,channel1
13035,101,channel1
13036,119,channel1
13037,50,channel1
13038,58,channel1
13039,47,channel1
13040,42,channel1
13041,48,channel1
13042,37,channel1
13043,74,channel1
13044,112,channel1
13045,166,channel1
13046,147,channel1
13047,58,channel1
13048,39,channel1
13049,36,channel1
13050,34,channel1
13051,47,channel1
13052,50,channel1
13053,47,channel1
13054,36,channel1
13055,37,channel1
13056,39,channel1
13057,52,channel1
13058,38,channel1
13059,26,channel1
13060,25,channel1
13061,24,channel1
13062,31,channel1
13063,38,channel1
13064,37,channel1
13065,33,channel1
13066,56,channel1
13067,43,channel1
13068,42,channel1
13069,43,channel1
13070,54,channel1
13071,46,channel1
13072,32,channel1
13073,41,channel1
13074,43,channel1
13075,28,channel1
13076,30,channel1
13077,63,channel1
13078,44,channel1
13079,62,channel1
13080,66,channel1
13081,38,channel1
13082,29,channel1
13083,28,channel1
13084,51,channel1
13085,40,channel1
13086,33,channel1
13087,35,channel1
13088,63,channel1
13089,39,channel1
13090,51,channel1
13091,62,channel1
13092,67,channel1
13093,65,channel1
13094,95,channel1
13095,55,channel1
13096,44,channel1
13097,40,channel1
13098,74,channel1
13099,52,channel1
13100,41,channel1
13101,33,channel1
13102,31,channel1
13103,31,channel1
13104,37,channel1
13105,53,channel1
13106,51,channel1
13107,42,channel1
13108,31,channel1
13109,34,channel1
13110,38,channel1
13111,33,channel1
13112,37,channel1
13113,52,channel1
13114,67,channel1
13115,65,channel1
13116,61,channel1
13117,40,channel1
13118,41,channel1
13119,62,channel1
13120,41,channel1
13121,62,channel1
13122,39,channel1
13123,44,channel1
13124,59,channel1
13125,79,channel1
13126,89,channel1
13127,60,channel1
13128,87,channel1
13129,68,channel1
13130,85,channel1
13131,96,channel1
13132,91,channel1
13133,61,channel1
13134,34,channel1
13135,36,channel1
13136,38,channel1
13137,42,channel1
13138,38,channel1
13139,45,channel1
13140,48,channel1
13141,55,channel1
13142,64,channel1
13143,52,channel1
13144,62,channel1
13145,38,channel1
13146,43,channel1
13147,35,channel1
13148,41,channel1
13149,66,channel1
13150,40,channel1
13151,50,channel1
13152,63,channel1
13153,73,channel1
13154,48,channel1
13155,59,channel1
13156,68,channel1
13157,96,channel1
13158,77,channel1
13159,63,channel1
13160,39,channel1
13161,45,channel1
13162,55,channel1
13163,48,channel1
13164,61,channel1
13165,105,channel1
13166,52,channel1
13167,42,channel1
13168,51,channel1
13169,41,channel1
13170,42,channel1
13171,48,channel1
13172,53,channel1
13173,47,channel1
13174,52,channel1
13175,83,channel1
13176,89,channel1
13177,55,channel1
13178,95,channel1
13179,71,channel1
13180,68,channel1
13181,74,channel1
13182,69,channel1
13183,60,channel1
13184,54,channel1
13185,47,channel1
13186,51,channel1
13187,66,channel1
13188,70,channel1
13189,42,channel1
13190,67,channel1
13191,63,channel1
13192,38,channel1
13193,50,channel1
13194,54,channel1
13195,53,channel1
13196,69,channel1
13197,57,channel1
13198,45,channel1
13199,39,channel1
13200,44,channel1
13201,59,channel1
13202,53,channel1
13203,39,channel1
13204,55,channel1
13205,61,channel1
13206,42,channel1
13207,39,channel1
13208,95,channel1
13209,62,channel1
13210,53,channel1
13211,47,channel1
13212,54,channel1
13213,37,channel1
13214,59,channel1
13215,40,channel1
13216,48,channel1
13217,78,channel1
13218,85,channel1
13219,110,channel1
13220,74,channel1
13221,41,channel1
13222,41,channel1
13223,58,channel1
13224,40,channel1
13225,43,channel1
13226,57,channel1
13227,41,channel1
13228,41,channel1
13229,41,channel1
13230,40,channel1
13231,51,channel1
13232,44,channel1
13233,63,channel1
13234,60,channel1
13235,68,channel1
13236,40,channel1
13237,51,channel1
13238,48,channel1
13239,61,channel1
13240,53,channel1
13241,61,channel1
13242,48,channel1
13243,39,channel1
13244,41,channel1
13245,53,channel1
13246,43,channel1
13247,51,channel1
13248,44,channel1
13249,45,channel1
13250,46,channel1
13251,42,channel1
13252,55,channel1
13253,47,channel1
13254,45,channel1
13255,47,channel1
13256,50,channel1
13257,48,channel1
13258,61,channel1
13259,84,channel1
13260,58,channel1
13261,50,channel1
13262,77,channel1
13263,100,channel1
13264,43,channel1
13265,49,channel1
13266,71,channel1
13267,62,channel1
13268,44,channel1
13269,46,channel1
13270,48,channel1
13271,49,channel1
13272,43,channel1
13273,53,channel1
13274,48,channel1
13275,39,channel1
13276,32,channel1
13277,41,channel1
13278,41,channel1
13279,39,channel1
13280,55,channel1
13281,46,channel1
13282,55,channel1
13283,105,channel1
13284,85,channel1
13285,50,channel1
13286,35,channel1
13287,52,channel1
13288,47,channel1
13289,44,channel1
13290,53,channel1
13291,50,channel1
13292,45,channel1
13293,51,channel1
13294,64,channel1
13295,58,channel1
13296,161,channel1
13297,156,channel1
13298,122,channel1
13299,122,channel1
13300,93,channel1
13301,43,channel1
13302,84,channel1
13303,112,channel1
13304,80,channel1
13305,55,channel1
13306,77,channel1
13307,36,channel1
13308,77,channel1
13309,115,channel1
13310,30,channel1
13311,43,channel1
13312,44,channel1
13313,108,channel1
13314,54,channel1
13315,38,channel1
13316,52,channel1
13317,101,channel1
13318,129,channel1
13319,67,channel1
13320,100,channel1
13321,112,channel1
13322,129,channel1
13323,108,channel1
13324,67,channel1
13325,100,channel1
13326,126,channel1
13327,93,channel1
13328,126,channel1
13329,93,channel1
13330,48,channel1
13331,90,channel1
13332,58,channel1
13333,54,channel1
13334,49,channel1
13335,44,channel1
13336,64,channel1
13337,46,channel1
13338,115,channel1
13339,90,channel1
13340,84,channel1
13341,29,channel1
13342,40,channel1
13343,42,channel1
13344,101,channel1
13345,80,channel1
13346,58,channel1
13347,126,channel1
13348,108,channel1
13349,101,channel1
13350,90,channel1
13351,64,channel1
13352,47,channel1
13353,122,channel1
13354,140,channel1
13355,71,channel1
13356,64,channel1
13357,100,channel1
13358,58,channel1
13359,74,channel1
13360,101,channel1
13361,119,channel1
13362,84,channel1
13363,56,channel1
13364,43,channel1
13365,47,channel1
13366,42,channel1
13367,49,channel1
13368,61,channel1
13369,47,channel1
13370,46,channel1
13371,54,channel1
13372,108,channel1
13373,55,channel1
13374,84,channel1
13375,71,channel1
13376,97,channel1
13377,67,channel1
13378,64,channel1
13379,69,channel1
13380,45,channel1
13381,67,channel1
13382,87,channel1
13383,80,channel1
13384,44,channel1
13385,51,channel1
13386,61,channel1
13387,115,channel1
13388,77,channel1
13389,77,channel1
13390,87,channel1
13391,80,channel1
13392,93,channel1
13393,54,channel1
13394,90,channel1
13395,56,channel1
13396,39,channel1
13397,53,channel1
13398,45,channel1
13399,36,channel1
13400,34,channel1
13401,44,channel1
13402,100,channel1
13403,84,channel1
13404,100,channel1
13405,54,channel1
13406,40,channel1
13407,61,channel1
13408,101,channel1
13409,38,channel1
13410,41,channel1
13411,48,channel1
13412,41,channel1
13413,35,channel1
13414,47,channel1
13415,54,channel1
13416,61,channel1
13417,126,channel1
13418,36,channel1
13419,35,channel1
13420,44,channel1
13421,43,channel1
13422,51,channel1
13423,31,channel1
13424,31,channel1
13425,30,channel1
13426,33,channel1
13427,57,channel1
13428,58,channel1
13429,42,channel1
13430,62,channel1
13431,58,channel1
13432,54,channel1
13433,35,channel1
13434,33,channel1
13435,39,channel1
13436,53,channel1
13437,52,channel1
13438,36,channel1
13439,60,channel1
13440,44,channel1
13441,58,channel1
13442,66,channel1
13443,52,channel1
13444,52,channel1
13445,60,channel1
13446,25,channel1
13447,35,channel1
13448,40,channel1
13449,32,channel1
13450,37,channel1
13451,40,channel1
13452,37,channel1
13453,37,channel1
13454,61,channel1
13455,35,channel1
13456,43,channel1
13457,66,channel1
13458,67,channel1
13459,34,channel1
13460,43,channel1
13461,33,channel1
13462,45,channel1
13463,67,channel1
13464,62,channel1
13465,31,channel1
13466,40,channel1
13467,37,channel1
13468,49,channel1
13469,59,channel1
13470,52,channel1
13471,56,channel1
13472,59,channel1
13473,71,channel1
13474,62,channel1
13475,39,channel1
13476,38,channel1
13477,36,channel1
13478,37,channel1
13479,43,channel1
13480,77,channel1
13481,54,channel1
13482,35,channel1
13483,53,channel1
13484,43,channel1
13485,60,channel1
13486,31,channel1
13487,35,channel1
13488,42,channel1
13489,40,channel1
13490,41,channel1
13491,48,channel1
13492,54,channel1
13493,58,channel1
13494,35,channel1
13495,42,channel1
13496,52,channel1
13497,65,channel1
13498,57,channel1
13499,58,channel1
13500,51,channel1
13501,58,channel1
13502,60,channel1
13503,56,channel1
13504,42,channel1
13505,77,channel1
13506,69,channel1
13507,66,channel1
13508,53,channel1
13509,63,channel1
13510,48,channel1
13511,52,channel1
13512,44,channel1
13513,42,channel1
13514,57,channel1
13515,58,channel1
13516,42,channel1
13517,59,channel1
13518,60,channel1
13519,43,channel1
13520,46,channel1
13521,49,channel1
13522,53,channel1
13523,53,channel1
13524,54,channel1
13525,62,channel1
13526,57,channel1
13527,54,channel1
13528,56,channel1
13529,44,channel1
13530,44,channel1
13531,58,channel1
13532,62,channel1
13533,81,channel1
13534,53,channel1
13535,49,channel1
13536,56,channel1
13537,64,channel1
13538,67,channel1
13539,36,channel1
13540,36,channel1
13541,44,channel1
13542,63,channel1
13543,38,channel1
13544,36,channel1
13545,52,channel1
13546,42,channel1
13547,63,channel1
13548,55,channel1
13549,45,channel1
13550,45,channel1
13551,85,channel1
13552,61,channel1
13553,89,channel1
13554,85,channel1
13555,63,channel1
13556,38,channel1
13557,40,channel1
13558,62,channel1
13559,57,channel1
13560,58,channel1
13561,78,channel1
13562,63,channel1
13563,41,channel1
13564,66,channel1
13565,82,channel1
13566,60,channel1
13567,55,channel1
13568,75,channel1
13569,62,channel1
13570,79,channel1
13571,51,channel1
13572,40,channel1
13573,38,channel1
13574,53,channel1
13575,57,channel1
13576,52,channel1
13577,44,channel1
13578,55,channel1
13579,54,channel1
13580,48,channel1
13581,60,channel1
13582,66,channel1
13583,54,channel1
13584,52,channel1
13585,41,channel1
13586,40,channel1
13587,45,channel1
13588,40,channel1
13589,75,channel1
13590,42,channel1
13591,48,channel1
13592,51,channel1
13593,78,channel1
13594,51,channel1
13595,67,channel1
13596,60,channel1
13597,45,channel1
13598,50,channel1
13599,55,channel1
13600,68,channel1
13601,57,channel1
13602,65,channel1
13603,67,channel1
13604,46,channel1
13605,46,channel1
13606,44,channel1
13607,42,channel1
13608,45,channel1
13609,69,channel1
13610,56,channel1
13611,60,channel1
13612,50,channel1
13613,39,channel1
13614,45,channel1
13615,61,channel1
13616,97,channel1
13617,122,channel1
13618,78,channel1
13619,48,channel1
13620,61,channel1
13621,56,channel1
13622,71,channel1
13623,51,channel1
13624,54,channel1
13625,43,channel1
13626,56,channel1
13627,52,channel1
13628,51,channel1
13629,42,channel1
13630,45,channel1
13631,41,channel1
13632,41,channel1
13633,52,channel1
13634,90,channel1
13635,51,channel1
13636,43,channel1
13637,55,channel1
13638,49,channel1
13639,44,channel1
13640,48,channel1
13641,42,channel1
13642,41,channel1
13643,36,channel1
13644,38,channel1
13645,48,channel1
13646,54,channel1
13647,55,channel1
13648,43,channel1
13649,38,channel1
13650,45,channel1
13651,39,channel1
13652,61,channel1
13653,136,channel1
13654,140,channel1
13655,101,channel1
13656,38,channel1
13657,46,channel1
13658,40,channel1
13659,54,channel1
13660,50,channel1
13661,42,channel1
13662,40,channel1
13663,40,channel1
13664,44,channel1
13665,33,channel1
13666,31,channel1
13667,58,channel1
13668,71,channel1
13669,50,channel1
13670,52,channel1
13671,44,channel1
13672,65,channel1
13673,40,channel1
13674,47,channel1
13675,71,channel1
13676,58,channel1
13677,112,channel1
13678,108,channel1
13679,159,channel1
13680,156,channel1
13681,70,channel1
13682,47,channel1
13683,52,channel1
13684,52,channel1
13685,53,channel1
13686,50,channel1
13687,74,channel1
13688,97,channel1
13689,126,channel1
13690,62,channel1
13691,44,channel1
13692,54,channel1
13693,67,channel1
13694,64,channel1
13695,53,channel1
13696,93,channel1
13697,129,channel1
13698,46,channel1
13699,77,channel1
13700,97,channel1
13701,81,channel1
13702,77,channel1
13703,52,channel1
13704,44,channel1
13705,80,channel1
13706,48,channel1
13707,61,channel1
13708,97,channel1
13709,108,channel1
13710,119,channel1
13711,38,channel1
13712,67,channel1
13713,64,channel1
13714,80,channel1
13715,80,channel1
13716,112,channel1
13717,122,channel1
13718,80,channel1
13719,136,channel1
13720,74,channel1
13721,38,channel1
13722,36,channel1
13723,45,channel1
13724,44,channel1
13725,80,channel1
13726,52,channel1
13727,45,channel1
13728,100,channel1
13729,122,channel1
13730,74,channel1
13731,108,channel1
13732,52,channel1
13733,48,channel1
13734,51,channel1
13735,43,channel1
13736,38,channel1
13737,87,channel1
13738,71,channel1
13739,71,channel1
13740,44,channel1
13741,58,channel1
13742,57,channel1
13743,55,channel1
13744,67,channel1
13745,61,channel1
13746,55,channel1
13747,77,channel1
13748,40,channel1
13749,64,channel1
13750,90,channel1
13751,47,channel1
13752,46,channel1
13753,40,channel1
13754,52,channel1
13755,54,channel1
13756,53,channel1
13757,30,channel1
13758,51,channel1
13759,51,channel1
13760,36,channel1
13761,36,channel1
13762,34,channel1
13763,53,channel1
13764,68,channel1
13765,71,channel1
13766,56,channel1
13767,35,channel1
13768,29,channel1
13769,36,channel1
13770,40,channel1
13771,41,channel1
13772,51,channel1
13773,54,channel1
13774,56,channel1
13775,71,channel1
13776,84,channel1
13777,41,channel1
13778,53,channel1
13779,29,channel1
13780,49,channel1
13781,41,channel1
13782,44,channel1
13783,126,channel1
13784,97,channel1
13785,71,channel1
13786,50,channel1
13787,70,channel1
13788,39,channel1
13789,39,channel1
13790,39,channel1
13791,52,channel1
13792,61,channel1
13793,48,channel1
13794,52,channel1
13795,77,channel1
13796,59,channel1
13797,29,channel1
13798,35,channel1
13799,40,channel1
13800,48,channel1
13801,38,channel1
13802,51,channel1
13803,33,channel1
13804,34,channel1
13805,39,channel1
13806,35,channel1
13807,50,channel1
13808,57,channel1
13809,75,channel1
13810,58,channel1
13811,73,channel1
13812,39,channel1
13813,39,channel1
13814,45,channel1
13815,56,channel1
13816,48,channel1
13817,44,channel1
13818,40,channel1
13819,36,channel1
13820,40,channel1
13821,58,channel1
13822,48,channel1
13823,52,channel1
13824,42,channel1
13825,40,channel1
13826,41,channel1
13827,39,channel1
13828,41,channel1
13829,48,channel1
13830,36,channel1
13831,65,channel1
13832,68,channel1
13833,80,channel1
13834,62,channel1
13835,91,channel1
13836,39,channel1
13837,35,channel1
13838,52,channel1
13839,36,channel1
13840,33,channel1
13841,55,channel1
13842,65,channel1
13843,39,channel1
13844,63,channel1
13845,66,channel1
13846,31,channel1
13847,44,channel1
13848,52,channel1
13849,43,channel1
13850,68,channel1
13851,49,channel1
13852,62,channel1
13853,97,channel1
13854,101,channel1
13855,50,channel1
13856,55,channel1
13857,52,channel1
13858,48,channel1
13859,54,channel1
13860,58,channel1
13861,58,channel1
13862,53,channel1
13863,36,channel1
13864,48,channel1
13865,91,channel1
13866,80,channel1
13867,57,channel1
13868,74,channel1
13869,69,channel1
13870,41,channel1
13871,67,channel1
13872,76,channel1
13873,68,channel1
13874,35,channel1
13875,44,channel1
13876,44,channel1
13877,53,channel1
13878,60,channel1
13879,50,channel1
13880,64,channel1
13881,45,channel1
13882,51,channel1
13883,57,channel1
13884,107,channel1
13885,52,channel1
13886,48,channel1
13887,46,channel1
13888,52,channel1
13889,69,channel1
13890,75,channel1
13891,84,channel1
13892,95,channel1
13893,58,channel1
13894,44,channel1
13895,43,channel1
13896,64,channel1
13897,69,channel1
13898,62,channel1
13899,76,channel1
13900,72,channel1
13901,56,channel1
13902,67,channel1
13903,96,channel1
13904,51,channel1
13905,39,channel1
13906,39,channel1
13907,54,channel1
13908,52,channel1
13909,52,channel1
13910,56,channel1
13911,43,channel1
13912,67,channel1
13913,66,channel1
13914,45,channel1
13915,41,channel1
13916,50,channel1
13917,54,channel1
13918,61,channel1
13919,74,channel1
13920,53,channel1
13921,75,channel1
13922,84,channel1
13923,59,channel1
13924,42,channel1
13925,54,channel1
13926,60,channel1
13927,84,channel1
13928,52,channel1
13929,51,channel1
13930,53,channel1
13931,60,channel1
13932,63,channel1
13933,52,channel1
13934,54,channel1
13935,54,channel1
13936,53,channel1
13937,57,channel1
13938,62,channel1
13939,49,channel1
13940,56,channel1
13941,71,channel1
13942,39,channel1
13943,37,channel1
13944,41,channel1
13945,42,channel1
13946,113,channel1
13947,45,channel1
13948,76,channel1
13949,40,channel1
13950,42,channel1
13951,43,channel1
13952,82,channel1
13953,53,channel1
13954,47,channel1
13955,47,channel1
13956,42,channel1
13957,45,channel1
13958,53,channel1
13959,65,channel1
13960,55,channel1
13961,53,channel1
13962,72,channel1
13963,77,channel1
13964,44,channel1
13965,41,channel1
13966,63,channel1
13967,53,channel1
13968,66,channel1
13969,77,channel1
13970,67,channel1
13971,44,channel1
13972,44,channel1
13973,60,channel1
13974,58,channel1
13975,58,channel1
13976,44,channel1
13977,56,channel1
13978,46,channel1
13979,43,channel1
13980,43,channel1
13981,62,channel1
13982,58,channel1
13983,73,channel1
13984,97,channel1
13985,97,channel1
13986,43,channel1
13987,46,channel1
13988,34,channel1
13989,43,channel1
13990,43,channel1
13991,43,channel1
13992,50,channel1
13993,54,channel1
13994,67,channel1
13995,67,channel1
13996,49,channel1
13997,66,channel1
13998,53,channel1
13999,74,channel1
14000,42,channel1
14001,41,channel1
14002,112,channel1
14003,119,channel1
14004,93,channel1
14005,74,channel1
14006,88,channel1
14007,48,channel1
14008,51,channel1
14009,71,channel1
14010,90,channel1
14011,49,channel1
14012,54,channel1
14013,46,channel1
14014,38,channel1
14015,62,channel1
14016,74,channel1
14017,48,channel1
14018,56,channel1
14019,52,channel1
14020,33,channel1
14021,45,channel1
14022,58,channel1
14023,55,channel1
14024,58,channel1
14025,93,channel1
14026,108,channel1
14027,115,channel1
14028,52,channel1
14029,45,channel1
14030,115,channel1
14031,60,channel1
14032,57,channel1
14033,69,channel1
14034,93,channel1
14035,40,channel1
14036,43,channel1
14037,54,channel1
14038,53,channel1
14039,54,channel1
14040,74,channel1
14041,119,channel1
14042,50,channel1
14043,49,channel1
14044,53,channel1
14045,54,channel1
14046,46,channel1
14047,47,channel1
14048,61,channel1
14049,115,channel1
14050,133,channel1
14051,53,channel1
14052,101,channel1
14053,101,channel1
14054,52,channel1
14055,50,channel1
14056,63,channel1
14057,38,channel1
14058,50,channel1
14059,38,channel1
14060,58,channel1
14061,80,channel1
14062,129,channel1
14063,174,channel1
14064,210,channel1
14065,91,channel1
14066,90,channel1
14067,57,channel1
14068,38,channel1
14069,51,channel1
14070,67,channel1
14071,129,channel1
14072,172,channel1
14073,71,channel1
14074,74,channel1
14075,105,channel1
14076,108,channel1
14077,84,channel1
14078,133,channel1
14079,64,channel1
14080,48,channel1
14081,87,channel1
14082,97,channel1
14083,38,channel1
14084,38,channel1
14085,52,channel1
14086,49,channel1
14087,43,channel1
14088,58,channel1
14089,67,channel1
14090,126,channel1
14091,54,channel1
14092,51,channel1
14093,71,channel1
14094,45,channel1
14095,44,channel1
14096,45,channel1
14097,41,channel1
14098,87,channel1
14099,122,channel1
14100,97,channel1
14101,112,channel1
14102,58,channel1
14103,77,channel1
14104,55,channel1
14105,77,channel1
14106,33,channel1
14107,54,channel1
14108,69,channel1
14109,97,channel1
14110,115,channel1
14111,61,channel1
14112,30,channel1
14113,33,channel1
14114,47,channel1
14115,45,channel1
14116,49,channel1
14117,64,channel1
14118,51,channel1
14119,71,channel1
14120,77,channel1
14121,115,channel1
14122,143,channel1
14123,64,channel1
14124,34,channel1
14125,41,channel1
14126,44,channel1
14127,61,channel1
14128,71,channel1
14129,101,channel1
14130,97,channel1
14131,51,channel1
14132,34,channel1
14133,27,channel1
14134,31,channel1
14135,61,channel1
14136,57,channel1
14137,32,channel1
14138,33,channel1
14139,50,channel1
14140,50,channel1
14141,41,channel1
14142,31,channel1
14143,49,channel1
14144,40,channel1
14145,36,channel1
14146,31,channel1
14147,32,channel1
14148,35,channel1
14149,42,channel1
14150,43,channel1
14151,52,channel1
14152,35,channel1
14153,41,channel1
14154,40,channel1
14155,60,channel1
14156,55,channel1
14157,42,channel1
14158,64,channel1
14159,43,channel1
14160,36,channel1
14161,51,channel1
14162,50,channel1
14163,47,channel1
14164,47,channel1
14165,33,channel1
14166,44,channel1
14167,34,channel1
14168,41,channel1
14169,37,channel1
14170,39,channel1
14171,39,channel1
14172,32,channel1
14173,48,channel1
14174,41,channel1
14175,33,channel1
14176,39,channel1
14177,48,channel1
14178,31,channel1
14179,34,channel1
14180,38,channel1
14181,37,channel1
14182,26,channel1
14183,35,channel1
14184,45,channel1
14185,67,channel1
14186,67,channel1
14187,44,channel1
14188,39,channel1
14189,37,channel1
14190,39,channel1
14191,36,channel1
14192,45,channel1
14193,48,channel1
14194,36,channel1
14195,31,channel1
14196,40,channel1
14197,68,channel1
14198,54,channel1
14199,34,channel1
14200,40,channel1
14201,34,channel1
14202,57,channel1
14203,35,channel1
14204,74,channel1
14205,59,channel1
14206,43,channel1
14207,32,channel1
14208,42,channel1
14209,67,channel1
14210,61,channel1
14211,53,channel1
14212,30,channel1
14213,25,channel1
14214,31,channel1
14215,50,channel1
14216,58,channel1
14217,52,channel1
14218,35,channel1
14219,32,channel1
14220,60,channel1
14221,54,channel1
14222,43,channel1
14223,54,channel1
14224,61,channel1
14225,73,channel1
14226,87,channel1
14227,71,channel1
14228,68,channel1
14229,64,channel1
14230,58,channel1
14231,48,channel1
14232,40,channel1
14233,33,channel1
14234,53,channel1
14235,82,channel1
14236,67,channel1
14237,44,channel1
14238,54,channel1
14239,54,channel1
14240,39,channel1
14241,56,channel1
14242,60,channel1
14243,50,channel1
14244,40,channel1
14245,52,channel1
14246,62,channel1
14247,45,channel1
14248,64,channel1
14249,54,channel1
14250,60,channel1
14251,50,channel1
14252,51,channel1
14253,44,channel1
14254,75,channel1
14255,38,channel1
14256,42,channel1
14257,45,channel1
14258,43,channel1
14259,42,channel1
14260,52,channel1
14261,63,channel1
14262,67,channel1
14263,44,channel1
14264,94,channel1
14265,56,channel1
14266,37,channel1
14267,50,channel1
14268,54,channel1
14269,54,channel1
14270,49,channel1
14271,46,channel1
14272,48,channel1
14273,51,channel1
14274,54,channel1
14275,69,channel1
14276,54,channel1
14277,49,channel1
14278,53,channel1
14279,80,channel1
14280,92,channel1
14281,83,channel1
14282,81,channel1
14283,80,channel1
14284,51,channel1
14285,43,channel1
14286,37,channel1
14287,35,channel1
14288,58,channel1
14289,63,channel1
14290,42,channel1
14291,51,channel1
14292,68,channel1
14293,39,channel1
14294,40,channel1
14295,42,channel1
14296,42,channel1
14297,91,channel1
14298,60,channel1
14299,52,channel1
14300,51,channel1
14301,47,channel1
14302,45,channel1
14303,42,channel1
14304,103,channel1
14305,54,channel1
14306,94,channel1
14307,52,channel1
14308,60,channel1
14309,47,channel1
14310,51,channel1
14311,49,channel1
14312,56,channel1
14313,71,channel1
14314,81,channel1
14315,59,channel1
14316,48,channel1
14317,45,channel1
14318,64,channel1
14319,56,channel1
14320,64,channel1
14321,43,channel1
14322,44,channel1
14323,64,channel1
14324,54,channel1
14325,61,channel1
14326,52,channel1
14327,44,channel1
14328,44,channel1
14329,50,channel1
14330,45,channel1
14331,44,channel1
14332,45,channel1
14333,55,channel1
14334,59,channel1
14335,72,channel1
14336,100,channel1
14337,46,channel1
14338,60,channel1
14339,54,channel1
14340,49,channel1
14341,41,channel1
14342,53,channel1
14343,64,channel1
14344,61,channel1
14345,65,channel1
14346,38,channel1
14347,44,channel1
14348,51,channel1
14349,53,channel1
14350,54,channel1
14351,46,channel1
14352,49,channel1
14353,47,channel1
14354,58,channel1
14355,56,channel1
14356,52,channel1
14357,44,channel1
14358,41,channel1
14359,61,channel1
14360,44,channel1
14361,44,channel1
14362,45,channel1
14363,47,channel1
14364,36,channel1
14365,44,channel1
14366,62,channel1
14367,46,channel1
14368,62,channel1
14369,67,channel1
14370,81,channel1
14371,40,channel1
14372,68,channel1
14373,54,channel1
14374,48,channel1
14375,51,channel1
14376,54,channel1
14377,52,channel1
14378,40,channel1
14379,53,channel1
14380,46,channel1
14381,42,channel1
14382,58,channel1
14383,67,channel1
14384,50,channel1
14385,61,channel1
14386,77,channel1
14387,37,channel1
14388,47,channel1
14389,45,channel1
14390,48,channel1
14391,44,channel1
14392,51,channel1
14393,44,channel1
14394,56,channel1
14395,55,channel1
14396,56,channel1
14397,100,channel1
14398,71,channel1
14399,74,channel1
14400,40,channel1
14401,45,channel1
14402,97,channel1
14403,61,channel1
14404,67,channel1
14405,61,channel1
14406,47,channel1
14407,40,channel1
14408,39,channel1
14409,43,channel1
14410,40,channel1
14411,37,channel1
14412,67,channel1
14413,60,channel1
14414,54,channel1
14415,68,channel1
14416,54,channel1
14417,55,channel1
14418,39,channel1
14419,37,channel1
14420,40,channel1
14421,67,channel1
14422,61,channel1
14423,108,channel1
14424,105,channel1
14425,150,channel1
14426,126,channel1
14427,46,channel1
14428,47,channel1
14429,150,channel1
14430,129,channel1
14431,122,channel1
14432,100,channel1
14433,58,channel1
14434,53,channel1
14435,54,channel1
14436,100,channel1
14437,112,channel1
14438,90,channel1
14439,51,channel1
14440,80,channel1
14441,64,channel1
14442,61,channel1
14443,136,channel1
14444,108,channel1
14445,53,channel1
14446,93,channel1
14447,97,channel1
14448,84,channel1
14449,71,channel1
14450,31,channel1
14451,54,channel1
14452,58,channel1
14453,108,channel1
14454,93,channel1
14455,129,channel1
14456,150,channel1
14457,105,channel1
14458,74,channel1
14459,84,channel1
14460,80,channel1
14461,87,channel1
14462,90,channel1
14463,80,channel1
14464,61,channel1
14465,58,channel1
14466,97,channel1
14467,51,channel1
14468,37,channel1
14469,38,channel1
14470,67,channel1
14471,70,channel1
14472,71,channel1
14473,59,channel1
14474,51,channel1
14475,71,channel1
14476,56,channel1
14477,71,channel1
14478,90,channel1
14479,59,channel1
14480,97,channel1
14481,37,channel1
14482,37,channel1
14483,29,channel1
14484,42,channel1
14485,42,channel1
14486,40,channel1
14487,44,channel1
14488,84,channel1
14489,80,channel1
14490,40,channel1
14491,42,channel1
14492,58,channel1
14493,54,channel1
14494,40,channel1
14495,35,channel1
14496,36,channel1
14497,42,channel1
14498,42,channel1
14499,40,channel1
14500,80,channel1
14501,57,channel1
14502,30,channel1
14503,43,channel1
14504,54,channel1
14505,45,channel1
14506,43,channel1
14507,34,channel1
14508,46,channel1
14509,74,channel1
14510,84,channel1
14511,101,channel1
14512,100,channel1
14513,41,channel1
14514,48,channel1
14515,53,channel1
14516,42,channel1
14517,57,channel1
14518,40,channel1
14519,31,channel1
14520,46,channel1
14521,58,channel1
14522,30,channel1
14523,44,channel1
14524,39,channel1
14525,42,channel1
14526,36,channel1
14527,31,channel1
14528,29,channel1
14529,39,channel1
14530,34,channel1
14531,39,channel1
14532,33,channel1
14533,45,channel1
14534,39,channel1
14535,44,channel1
14536,43,channel1
14537,29,channel1
14538,39,channel1
14539,66,channel1
14540,44,channel1
14541,43,channel1
14542,56,channel1
14543,56,channel1
14544,82,channel1
14545,43,channel1
14546,35,channel1
14547,32,channel1
14548,37,channel1
14549,45,channel1
14550,44,channel1
14551,31,channel1
14552,40,channel1
14553,41,channel1
14554,64,channel1
14555,61,channel1
14556,45,channel1
14557,56,channel1
14558,30,channel1
14559,36,channel1
14560,66,channel1
14561,87,channel1
14562,40,channel1
14563,35,channel1
14564,55,channel1
14565,62,channel1
14566,33,channel1
14567,36,channel1
14568,38,channel1
14569,45,channel1
14570,43,channel1
14571,52,channel1
14572,52,channel1
14573,36,channel1
14574,34,channel1
14575,71,channel1
14576,92,channel1
14577,73,channel1
14578,30,channel1
14579,29,channel1
14580,38,channel1
14581,37,channel1
14582,36,channel1
14583,41,channel1
14584,57,channel1
14585,36,channel1
14586,44,channel1
14587,35,channel1
14588,42,channel1
14589,51,channel1
14590,48,channel1
14591,33,channel1
14592,51,channel1
14593,65,channel1
14594,40,channel1
14595,37,channel1
14596,74,channel1
14597,50,channel1
14598,39,channel1
14599,58,channel1
14600,45,channel1
14601,58,channel1
14602,95,channel1
14603,85,channel1
14604,65,channel1
14605,61,channel1
14606,79,channel1
14607,58,channel1
14608,64,channel1
14609,62,channel1
14610,39,channel1
14611,35,channel1
14612,36,channel1
14613,56,channel1
14614,68,channel1
14615,63,channel1
14616,37,channel1
14617,47,channel1
14618,72,channel1
14619,47,channel1
14620,43,channel1
14621,50,channel1
14622,52,channel1
14623,40,channel1
14624,80,channel1
14625,60,channel1
14626,62,channel1
14627,55,channel1
14628,37,channel1
14629,42,channel1
14630,40,channel1
14631,39,channel1
14632,46,channel1
14633,61,channel1
14634,79,channel1
14635,87,channel1
14636,50,channel1
14637,32,channel1
14638,35,channel1
14639,36,channel1
14640,37,channel1
14641,48,channel1
14642,57,channel1
14643,70,channel1
14644,57,channel1
14645,54,channel1
14646,68,channel1
14647,35,channel1
14648,52,channel1
14649,45,channel1
14650,47,channel1
14651,54,channel1
14652,45,channel1
14653,53,channel1
14654,45,channel1
14655,48,channel1
14656,34,channel1
14657,52,channel1
14658,53,channel1
14659,55,channel1
14660,55,channel1
14661,40,channel1
14662,38,channel1
14663,41,channel1
14664,46,channel1
14665,54,channel1
14666,69,channel1
14667,62,channel1
14668,54,channel1
14669,39,channel1
14670,39,channel1
14671,36,channel1
14672,47,channel1
14673,61,channel1
14674,57,channel1
14675,39,channel1
14676,37,channel1
14677,57,channel1
14678,40,channel1
14679,41,channel1
14680,50,channel1
14681,48,channel1
14682,45,channel1
14683,56,channel1
14684,46,channel1
14685,39,channel1
14686,41,channel1
14687,40,channel1
14688,39,channel1
14689,42,channel1
14690,42,channel1
14691,63,channel1
14692,41,channel1
14693,41,channel1
14694,38,channel1
14695,39,channel1
14696,39,channel1
14697,44,channel1
14698,46,channel1
14699,42,channel1
14700,42,channel1
14701,42,channel1
14702,41,channel1
14703,43,channel1
14704,41,channel1
14705,36,channel1
14706,40,channel1
14707,52,channel1
14708,43,channel1
14709,50,channel1
14710,50,channel1
14711,43,channel1
14712,38,channel1
14713,43,channel1
14714,47,channel1
14715,45,channel1
14716,43,channel1
14717,43,channel1
14718,40,channel1
14719,44,channel1
14720,44,channel1
14721,50,channel1
14722,43,channel1
14723,42,channel1
14724,40,channel1
14725,40,channel1
14726,39,channel1
14727,50,channel1
14728,41,channel1
14729,38,channel1
14730,44,channel1
14731,47,channel1
14732,47,channel1
14733,54,channel1
14734,40,channel1
14735,50,channel1
14736,44,channel1
14737,46,channel1
14738,39,channel1
14739,45,channel1
14740,40,channel1
14741,31,channel1
14742,46,channel1
14743,39,channel1
14744,44,channel1
14745,47,channel1
14746,51,channel1
14747,64,channel1
14748,45,channel1
14749,45,channel1
14750,46,channel1
14751,44,channel1
14752,44,channel1
14753,49,channel1
14754,46,channel1
14755,42,channel1
14756,42,channel1
14757,43,channel1
14758,50,channel1
14759,42,channel1
14760,35,channel1
14761,38,channel1
14762,44,channel1
14763,34,channel1
14764,41,channel1
14765,48,channel1
14766,57,channel1
14767,97,channel1
14768,48,channel1
14769,64,channel1
14770,38,channel1
14771,41,channel1
14772,112,channel1
14773,100,channel1
14774,49,channel1
14775,80,channel1
14776,51,channel1
14777,44,channel1
14778,44,channel1
14779,45,channel1
14780,49,channel1
14781,31,channel1
14782,47,channel1
14783,74,channel1
14784,58,channel1
14785,90,channel1
14786,93,channel1
14787,64,channel1
14788,87,channel1
14789,108,channel1
14790,70,channel1
14791,67,channel1
14792,67,channel1
14793,46,channel1
14794,71,channel1
14795,80,channel1
14796,93,channel1
14797,75,channel1
14798,80,channel1
14799,108,channel1
14800,53,channel1
14801,76,channel1
14802,87,channel1
14803,55,channel1
14804,45,channel1
14805,49,channel1
14806,87,channel1
14807,44,channel1
14808,49,channel1
14809,35,channel1
14810,47,channel1
14811,97,channel1
14812,100,channel1
14813,133,channel1
14814,80,channel1
14815,112,channel1
14816,61,channel1
14817,40,channel1
14818,90,channel1
14819,80,channel1
14820,115,channel1
14821,108,channel1
14822,84,channel1
14823,140,channel1
14824,61,channel1
14825,90,channel1
14826,57,channel1
14827,71,channel1
14828,62,channel1
14829,105,channel1
14830,80,channel1
14831,64,channel1
14832,50,channel1
14833,64,channel1
14834,119,channel1
14835,64,channel1
14836,80,channel1
14837,59,channel1
14838,58,channel1
14839,53,channel1
14840,37,channel1
14841,43,channel1
14842,67,channel1
14843,52,channel1
14844,49,channel1
14845,64,channel1
14846,74,channel1
14847,67,channel1
14848,87,channel1
14849,71,channel1
14850,33,channel1
14851,74,channel1
14852,64,channel1
14853,38,channel1
14854,39,channel1
14855,33,channel1
14856,33,channel1
14857,39,channel1
14858,77,channel1
14859,53,channel1
14860,48,channel1
14861,67,channel1
14862,48,channel1
14863,54,channel1
14864,48,channel1
14865,43,channel1
14866,55,channel1
14867,31,channel1
14868,33,channel1
14869,42,channel1
14870,30,channel1
14871,46,channel1
14872,48,channel1
14873,52,channel1
14874,33,channel1
14875,34,channel1
14876,36,channel1
14877,39,channel1
14878,60,channel1
14879,64,channel1
14880,78,channel1
14881,59,channel1
14882,43,channel1
14883,38,channel1
14884,40,channel1
14885,46,channel1
14886,40,channel1
14887,35,channel1
14888,35,channel1
14889,50,channel1
14890,43,channel1
14891,51,channel1
14892,52,channel1
14893,30,channel1
14894,39,channel1
14895,48,channel1
14896,53,channel1
14897,30,channel1
14898,30,channel1
14899,45,channel1
14900,48,channel1
14901,37,channel1
14902,53,channel1
14903,60,channel1
14904,43,channel1
14905,48,channel1
14906,48,channel1
14907,78,channel1
14908,58,channel1
14909,36,channel1
14910,26,channel1
14911,47,channel1
14912,34,channel1
14913,31,channel1
14914,36,channel1
14915,31,channel1
14916,43,channel1
14917,46,channel1
14918,35,channel1
14919,47,channel1
14920,52,channel1
14921,58,channel1
14922,60,channel1
14923,72,channel1
14924,92,channel1
14925,99,channel1
14926,67,channel1
14927,41,channel1
14928,39,channel1
14929,31,channel1
14930,67,channel1
14931,74,channel1
14932,41,channel1
14933,51,channel1
14934,33,channel1
14935,40,channel1
14936,51,channel1
14937,57,channel1
14938,32,channel1
14939,40,channel1
14940,35,channel1
14941,43,channel1
14942,40,channel1
14943,42,channel1
14944,34,channel1
14945,55,channel1
14946,45,channel1
14947,44,channel1
14948,31,channel1
14949,40,channel1
14950,47,channel1
14951,46,channel1
14952,31,channel1
14953,41,channel1
14954,31,channel1
14955,56,channel1
14956,48,channel1
14957,69,channel1
14958,127,channel1
14959,63,channel1
14960,33,channel1
14961,30,channel1
14962,36,channel1
14963,33,channel1
14964,45,channel1
14965,60,channel1
14966,77,channel1
14967,85,channel1
14968,71,channel1
14969,38,channel1
14970,54,channel1
14971,48,channel1
14972,50,channel1
14973,55,channel1
14974,55,channel1
14975,51,channel1
14976,45,channel1
14977,51,channel1
14978,56,channel1
14979,39,channel1
14980,42,channel1
14981,44,channel1
14982,40,channel1
14983,47,channel1
14984,38,channel1
14985,39,channel1
14986,37,channel1
14987,47,channel1
14988,60,channel1
14989,79,channel1
14990,77,channel1
14991,85,channel1
14992,75,channel1
14993,33,channel1
14994,43,channel1
14995,42,channel1
14996,49,channel1
14997,41,channel1
14998,72,channel1
14999,50,channel1
15000,34,channel1
15001,37,channel1
15002,42,channel1
15003,45,channel1
15004,47,channel1
15005,36,channel1
15006,49,channel1
15007,41,channel1
15008,43,channel1
15009,36,channel1
15010,35,channel1
15011,48,channel1
15012,57,channel1
15013,55,channel1
15014,49,channel1
15015,76,channel1
15016,54,channel1
15017,68,channel1
15018,58,channel1
15019,48,channel1
15020,46,channel1
15021,39,channel1
15022,52,channel1
15023,58,channel1
15024,43,channel1
15025,42,channel1
15026,38,channel1
15027,45,channel1
15028,51,channel1
15029,54,channel1
15030,67,channel1
15031,59,channel1
15032,44,channel1
15033,50,channel1
15034,47,channel1
15035,41,channel1
15036,48,channel1
15037,42,channel1
15038,42,channel1
15039,55,channel1
15040,48,channel1
15041,43,channel1
15042,39,channel1
15043,41,channel1
15044,47,channel1
15045,55,channel1
15046,54,channel1
15047,84,channel1
15048,48,channel1
15049,41,channel1
15050,43,channel1
15051,41,channel1
15052,42,channel1
15053,55,channel1
15054,44,channel1
15055,40,channel1
15056,66,channel1
15057,56,channel1
15058,72,channel1
15059,52,channel1
15060,50,channel1
15061,61,channel1
15062,65,channel1
15063,48,channel1
15064,49,channel1
15065,42,channel1
15066,62,channel1
15067,54,channel1
15068,37,channel1
15069,39,channel1
15070,41,channel1
15071,57,channel1
15072,49,channel1
15073,49,channel1
15074,50,channel1
15075,67,channel1
15076,52,channel1
15077,51,channel1
15078,46,channel1
15079,36,channel1
15080,46,channel1
15081,51,channel1
15082,52,channel1
15083,34,channel1
15084,35,channel1
15085,42,channel1
15086,52,channel1
15087,54,channel1
15088,48,channel1
15089,42,channel1
15090,54,channel1
15091,80,channel1
15092,58,channel1
15093,47,channel1
15094,60,channel1
15095,93,channel1
15096,72,channel1
15097,41,channel1
15098,42,channel1
15099,64,channel1
15100,46,channel1
15101,46,channel1
15102,41,channel1
15103,37,channel1
15104,44,channel1
15105,36,channel1
15106,39,channel1
15107,37,channel1
15108,45,channel1
15109,36,channel1
15110,44,channel1
15111,48,channel1
15112,51,channel1
15113,51,channel1
15114,74,channel1
15115,97,channel1
15116,129,channel1
15117,71,channel1
15118,129,channel1
15119,87,channel1
15120,50,channel1
15121,44,channel1
15122,58,channel1
15123,97,channel1
15124,50,channel1
15125,39,channel1
15126,36,channel1
15127,29,channel1
15128,44,channel1
15129,54,channel1
15130,57,channel1
15131,57,channel1
15132,43,channel1
15133,126,channel1
15134,129,channel1
15135,84,channel1
15136,55,channel1
15137,67,channel1
15138,55,channel1
15139,52,channel1
15140,39,channel1
15141,52,channel1
15142,45,channel1
15143,61,channel1
15144,49,channel1
15145,80,channel1
15146,136,channel1
15147,105,channel1
15148,84,channel1
15149,62,channel1
15150,34,channel1
15151,49,channel1
15152,87,channel1
15153,67,channel1
15154,47,channel1
15155,53,channel1
15156,71,channel1
15157,108,channel1
15158,105,channel1
15159,48,channel1
15160,42,channel1
15161,24,channel1
15162,97,channel1
15163,99,channel1
15164,100,channel1
15165,143,channel1
15166,65,channel1
15167,61,channel1
15168,44,channel1
15169,51,channel1
15170,52,channel1
15171,48,channel1
15172,93,channel1
15173,101,channel1
15174,101,channel1
15175,80,channel1
15176,39,channel1
15177,52,channel1
15178,154,channel1
15179,113,channel1
15180,43,channel1
15181,61,channel1
15182,52,channel1
15183,60,channel1
15184,154,channel1
15185,122,channel1
15186,77,channel1
15187,58,channel1
15188,52,channel1
15189,43,channel1
15190,47,channel1
15191,38,channel1
15192,41,channel1
15193,48,channel1
15194,90,channel1
15195,129,channel1
15196,101,channel1
15197,67,channel1
15198,52,channel1
15199,77,channel1
15200,97,channel1
15201,93,channel1
15202,133,channel1
15203,58,channel1
15204,64,channel1
15205,51,channel1
15206,36,channel1
15207,32,channel1
15208,35,channel1
15209,36,channel1
15210,45,channel1
15211,32,channel1
15212,39,channel1
15213,77,channel1
15214,122,channel1
15215,150,channel1
15216,154,channel1
15217,43,channel1
15218,34,channel1
15219,53,channel1
15220,54,channel1
15221,57,channel1
15222,34,channel1
15223,24,channel1
15224,36,channel1
15225,44,channel1
15226,48,channel1
15227,50,channel1
15228,52,channel1
15229,43,channel1
15230,32,channel1
15231,45,channel1
15232,51,channel1
15233,60,channel1
15234,50,channel1
15235,65,channel1
15236,44,channel1
15237,51,channel1
15238,46,channel1
15239,55,channel1
15240,41,channel1
15241,32,channel1
15242,40,channel1
15243,35,channel1
15244,41,channel1
15245,49,channel1
15246,38,channel1
15247,50,channel1
15248,41,channel1
15249,31,channel1
15250,22,channel1
15251,30,channel1
15252,44,channel1
15253,59,channel1
15254,58,channel1
15255,30,channel1
15256,40,channel1
15257,47,channel1
15258,59,channel1
15259,43,channel1
15260,48,channel1
15261,39,channel1
15262,37,channel1
15263,46,channel1
15264,49,channel1
15265,58,channel1
15266,49,channel1
15267,29,channel1
15268,29,channel1
15269,39,channel1
15270,48,channel1
15271,54,channel1
15272,44,channel1
15273,26,channel1
15274,32,channel1
15275,48,channel1
15276,41,channel1
15277,30,channel1
15278,38,channel1
15279,35,channel1
15280,39,channel1
15281,33,channel1
15282,38,channel1
15283,38,channel1
15284,33,channel1
15285,40,channel1
15286,53,channel1
15287,62,channel1
15288,70,channel1
15289,67,channel1
15290,72,channel1
15291,62,channel1
15292,50,channel1
15293,53,channel1
15294,48,channel1
15295,33,channel1
15296,28,channel1
15297,33,channel1
15298,77,channel1
15299,70,channel1
15300,29,channel1
15301,34,channel1
15302,46,channel1
15303,36,channel1
15304,31,channel1
15305,35,channel1
15306,62,channel1
15307,54,channel1
15308,35,channel1
15309,52,channel1
15310,43,channel1
15311,57,channel1
15312,52,channel1
15313,64,channel1
15314,37,channel1
15315,48,channel1
15316,52,channel1
15317,58,channel1
15318,42,channel1
15319,55,channel1
15320,53,channel1
15321,64,channel1
15322,63,channel1
15323,37,channel1
15324,53,channel1
15325,52,channel1
15326,44,channel1
15327,52,channel1
15328,45,channel1
15329,52,channel1
15330,33,channel1
15331,39,channel1
15332,62,channel1
15333,49,channel1
15334,44,channel1
15335,61,channel1
15336,78,channel1
15337,35,channel1
15338,32,channel1
15339,52,channel1
15340,66,channel1
15341,76,channel1
15342,64,channel1
15343,43,channel1
15344,40,channel1
15345,35,channel1
15346,44,channel1
15347,65,channel1
15348,56,channel1
15349,55,channel1
15350,52,channel1
15351,55,channel1
15352,52,channel1
15353,57,channel1
15354,56,channel1
15355,77,channel1
15356,59,channel1
15357,47,channel1
15358,42,channel1
15359,39,channel1
15360,58,channel1
15361,51,channel1
15362,52,channel1
15363,41,channel1
15364,48,channel1
15365,63,channel1
15366,69,channel1
15367,86,channel1
15368,41,channel1
15369,60,channel1
15370,81,channel1
15371,43,channel1
15372,49,channel1
15373,68,channel1
15374,67,channel1
15375,66,channel1
15376,54,channel1
15377,40,channel1
15378,62,channel1
15379,46,channel1
15380,62,channel1
15381,60,channel1
15382,66,channel1
15383,56,channel1
15384,97,channel1
15385,44,channel1
15386,34,channel1
15387,52,channel1
15388,60,channel1
15389,76,channel1
15390,41,channel1
15391,39,channel1
15392,43,channel1
15393,38,channel1
15394,56,channel1
15395,66,channel1
15396,51,channel1
15397,33,channel1
15398,37,channel1
15399,44,channel1
15400,57,channel1
15401,48,channel1
15402,54,channel1
15403,70,channel1
15404,41,channel1
15405,43,channel1
15406,64,channel1
15407,76,channel1
15408,67,channel1
15409,43,channel1
15410,47,channel1
15411,69,channel1
15412,81,channel1
15413,43,channel1
15414,41,channel1
15415,51,channel1
15416,58,channel1
15417,70,channel1
15418,72,channel1
15419,81,channel1
15420,60,channel1
15421,35,channel1
15422,45,channel1
15423,44,channel1
15424,41,channel1
15425,41,channel1
15426,38,channel1
15427,35,channel1
15428,34,channel1
15429,46,channel1
15430,42,channel1
15431,40,channel1
15432,68,channel1
15433,39,channel1
15434,42,channel1
15435,42,channel1
15436,42,channel1
15437,55,channel1
15438,48,channel1
15439,43,channel1
15440,46,channel1
15441,41,channel1
15442,33,channel1
15443,41,channel1
15444,53,channel1
15445,87,channel1
15446,62,channel1
15447,51,channel1
15448,51,channel1
15449,37,channel1
15450,38,channel1
15451,35,channel1
15452,48,channel1
15453,47,channel1
15454,47,channel1
15455,42,channel1
15456,50,channel1
15457,48,channel1
15458,52,channel1
15459,35,channel1
15460,45,channel1
15461,48,channel1
15462,49,channel1
15463,64,channel1
15464,53,channel1
15465,40,channel1
15466,52,channel1
15467,44,channel1
15468,48,channel1
15469,48,channel1
15470,43,channel1
15471,74,channel1
15472,61,channel1
15473,51,channel1
15474,42,channel1
15475,40,channel1
15476,43,channel1
15477,41,channel1
15478,57,channel1
15479,51,channel1
15480,45,channel1
15481,46,channel1
15482,62,channel1
15483,80,channel1
15484,84,channel1
15485,49,channel1
15486,34,channel1
15487,43,channel1
15488,42,channel1
15489,48,channel1
15490,41,channel1
15491,44,channel1
15492,84,channel1
15493,93,channel1
15494,45,channel1
15495,51,channel1
15496,57,channel1
15497,80,channel1
15498,61,channel1
15499,87,channel1
15500,44,channel1
15501,71,channel1
15502,48,channel1
15503,48,channel1
15504,46,channel1
15505,45,channel1
15506,74,channel1
15507,44,channel1
15508,74,channel1
15509,38,channel1
15510,64,channel1
15511,34,channel1
15512,32,channel1
15513,48,channel1
15514,76,channel1
15515,54,channel1
15516,41,channel1
15517,64,channel1
15518,108,channel1
15519,90,channel1
15520,46,channel1
15521,58,channel1
15522,87,channel1
15523,122,channel1
15524,100,channel1
15525,58,channel1
15526,54,channel1
15527,66,channel1
15528,78,channel1
15529,48,channel1
15530,44,channel1
15531,58,channel1
15532,47,channel1
15533,47,channel1
15534,87,channel1
15535,90,channel1
15536,112,channel1
15537,161,channel1
15538,71,channel1
15539,74,channel1
15540,80,channel1
15541,58,channel1
15542,97,channel1
15543,115,channel1
15544,93,channel1
15545,112,channel1
15546,133,channel1
15547,100,channel1
15548,59,channel1
15549,51,channel1
15550,101,channel1
15551,90,channel1
15552,49,channel1
15553,44,channel1
15554,44,channel1
15555,48,channel1
15556,119,channel1
15557,80,channel1
15558,101,channel1
15559,93,channel1
15560,77,channel1
15561,39,channel1
15562,46,channel1
15563,97,channel1
15564,51,channel1
15565,112,channel1
15566,46,channel1
15567,43,channel1
15568,58,channel1
15569,74,channel1
15570,49,channel1
15571,38,channel1
15572,58,channel1
15573,71,channel1
15574,100,channel1
15575,56,channel1
15576,39,channel1
15577,61,channel1
15578,51,channel1
15579,67,channel1
15580,67,channel1
15581,80,channel1
15582,52,channel1
15583,61,channel1
15584,51,channel1
15585,42,channel1
15586,47,channel1
15587,50,channel1
15588,50,channel1
15589,51,channel1
15590,49,channel1
15591,47,channel1
15592,30,channel1
15593,42,channel1
15594,45,channel1
15595,49,channel1
15596,38,channel1
15597,38,channel1
15598,48,channel1
15599,42,channel1
15600,33,channel1
15601,43,channel1
15602,47,channel1
15603,67,channel1
15604,63,channel1
15605,45,channel1
15606,54,channel1
15607,42,channel1
15608,34,channel1
15609,31,channel1
15610,42,channel1
15611,40,channel1
15612,33,channel1
15613,28,channel1
15614,27,channel1
15615,27,channel1
15616,27,channel1
15617,26,channel1
15618,28,channel1
15619,26,channel1
15620,29,channel1
15621,55,channel1
15622,64,channel1
15623,26,channel1
15624,35,channel1
15625,41,channel1
15626,53,channel1
15627,55,channel1
15628,45,channel1
15629,40,channel1
15630,51,channel1
15631,48,channel1
15632,51,channel1
15633,26,channel1
15634,32,channel1
15635,35,channel1
15636,53,channel1
15637,60,channel1
15638,57,channel1
15639,34,channel1
15640,56,channel1
15641,42,channel1
15642,44,channel1
15643,37,channel1
15644,44,channel1
15645,63,channel1
15646,55,channel1
15647,45,channel1
15648,53,channel1
15649,62,channel1
15650,57,channel1
15651,36,channel1
15652,43,channel1
15653,42,channel1
15654,31,channel1
15655,39,channel1
15656,48,channel1
15657,52,channel1
15658,38,channel1
15659,39,channel1
15660,34,channel1
15661,40,channel1
15662,30,channel1
15663,38,channel1
15664,51,channel1
15665,41,channel1
15666,35,channel1
15667,37,channel1
15668,55,channel1
15669,60,channel1
15670,66,channel1
15671,59,channel1
15672,33,channel1
15673,46,channel1
15674,31,channel1
15675,40,channel1
15676,51,channel1
15677,33,channel1
15678,50,channel1
15679,35,channel1
15680,66,channel1
15681,87,channel1
15682,60,channel1
15683,48,channel1
15684,30,channel1
15685,31,channel1
15686,35,channel1
15687,33,channel1
15688,32,channel1
15689,36,channel1
15690,41,channel1
15691,44,channel1
15692,34,channel1
15693,33,channel1
15694,35,channel1
15695,33,channel1
15696,45,channel1
15697,69,channel1
15698,60,channel1
15699,36,channel1
15700,51,channel1
15701,45,channel1
15702,50,channel1
15703,58,channel1
15704,62,channel1
15705,71,channel1
15706,90,channel1
15707,88,channel1
15708,51,channel1
15709,57,channel1
15710,75,channel1
15711,66,channel1
15712,59,channel1
15713,52,channel1
15714,43,channel1
15715,44,channel1
15716,54,channel1
15717,55,channel1
15718,44,channel1
15719,55,channel1
15720,46,channel1
15721,37,channel1
15722,40,channel1
15723,42,channel1
15724,54,channel1
15725,57,channel1
15726,35,channel1
15727,47,channel1
15728,35,channel1
15729,44,channel1
15730,42,channel1
15731,49,channel1
15732,44,channel1
15733,35,channel1
15734,45,channel1
15735,46,channel1
15736,52,channel1
15737,60,channel1
15738,35,channel1
15739,43,channel1
15740,54,channel1
15741,58,channel1
15742,43,channel1
15743,52,channel1
15744,68,channel1
15745,49,channel1
15746,62,channel1
15747,77,channel1
15748,67,channel1
15749,42,channel1
15750,58,channel1
15751,40,channel1
15752,62,channel1
15753,49,channel1
15754,63,channel1
15755,47,channel1
15756,36,channel1
15757,49,channel1
15758,51,channel1
15759,54,channel1
15760,52,channel1
15761,57,channel1
15762,39,channel1
15763,37,channel1
15764,70,channel1
15765,43,channel1
15766,47,channel1
15767,53,channel1
15768,55,channel1
15769,47,channel1
15770,40,channel1
15771,44,channel1
15772,42,channel1
15773,42,channel1
15774,37,channel1
15775,40,channel1
15776,41,channel1
15777,39,channel1
15778,40,channel1
15779,43,channel1
15780,38,channel1
15781,53,channel1
15782,62,channel1
15783,66,channel1
15784,44,channel1
15785,41,channel1
15786,57,channel1
15787,58,channel1
15788,55,channel1
15789,70,channel1
15790,45,channel1
15791,43,channel1
15792,50,channel1
15793,73,channel1
15794,44,channel1
15795,48,channel1
15796,52,channel1
15797,57,channel1
15798,48,channel1
15799,48,channel1
15800,50,channel1
15801,58,channel1
15802,56,channel1
15803,59,channel1
15804,44,channel1
15805,45,channel1
15806,47,channel1
15807,61,channel1
15808,77,channel1
15809,93,channel1
15810,119,channel1
15811,140,channel1
15812,43,channel1
15813,58,channel1
15814,48,channel1
15815,44,channel1
15816,51,channel1
15817,44,channel1
15818,71,channel1
15819,58,channel1
15820,54,channel1
15821,43,channel1
15822,46,channel1
15823,51,channel1
15824,57,channel1
15825,49,channel1
15826,44,channel1
15827,45,channel1
15828,42,channel1
15829,32,channel1
15830,35,channel1
15831,39,channel1
15832,39,channel1
15833,44,channel1
15834,51,channel1
15835,49,channel1
15836,45,channel1
15837,61,channel1
15838,74,channel1
15839,105,channel1
15840,74,channel1
15841,57,channel1
15842,58,channel1
15843,87,channel1
15844,46,channel1
15845,45,channel1
15846,55,channel1
15847,31,channel1
15848,54,channel1
15849,70,channel1
15850,54,channel1
15851,64,channel1
15852,44,channel1
15853,64,channel1
15854,74,channel1
15855,97,channel1
15856,64,channel1
15857,63,channel1
15858,68,channel1
15859,133,channel1
15860,166,channel1
15861,58,channel1
15862,36,channel1
15863,53,channel1
15864,174,channel1
15865,254,channel1
15866,180,channel1
15867,70,channel1
15868,60,channel1
15869,112,channel1
15870,84,channel1
15871,71,channel1
15872,57,channel1
15873,47,channel1
15874,74,channel1
15875,91,channel1
15876,70,channel1
15877,87,channel1
15878,45,channel1
15879,40,channel1
15880,33,channel1
15881,38,channel1
15882,43,channel1
15883,50,channel1
15884,55,channel1
15885,61,channel1
15886,61,channel1
15887,151,channel1
15888,172,channel1
15889,119,channel1
15890,80,channel1
15891,90,channel1
15892,161,channel1
15893,133,channel1
15894,105,channel1
15895,58,channel1
15896,49,channel1
15897,35,channel1
15898,41,channel1
15899,112,channel1
15900,147,channel1
15901,90,channel1
15902,46,channel1
15903,54,channel1
15904,26,channel1
15905,101,channel1
15906,80,channel1
15907,95,channel1
15908,74,channel1
15909,80,channel1
15910,57,channel1
15911,64,channel1
15912,58,channel1
15913,67,channel1
15914,100,channel1
15915,87,channel1
15916,115,channel1
15917,97,channel1
15918,30,channel1
15919,48,channel1
15920,38,channel1
15921,45,channel1
15922,48,channel1
15923,53,channel1
15924,71,channel1
15925,63,channel1
15926,51,channel1
15927,43,channel1
15928,46,channel1
15929,52,channel1
15930,58,channel1
15931,58,channel1
15932,51,channel1
15933,49,channel1
15934,41,channel1
15935,50,channel1
15936,38,channel1
15937,48,channel1
15938,40,channel1
15939,77,channel1
15940,74,channel1
15941,40,channel1
15942,44,channel1
15943,34,channel1
15944,34,channel1
15945,40,channel1
15946,38,channel1
15947,38,channel1
15948,38,channel1
15949,46,channel1
15950,33,channel1
15951,21,channel1
15952,26,channel1
15953,60,channel1
15954,74,channel1
15955,63,channel1
15956,62,channel1
15957,57,channel1
15958,54,channel1
15959,58,channel1
15960,33,channel1
15961,28,channel1
15962,29,channel1
15963,25,channel1
15964,20,channel1
15965,22,channel1
15966,25,channel1
15967,34,channel1
15968,23,channel1
15969,30,channel1
15970,29,channel1
15971,28,channel1
15972,27,channel1
15973,17,channel1
15974,13,channel1
15975,33,channel1
15976,55,channel1
15977,30,channel1
15978,43,channel1
15979,25,channel1
15980,45,channel1
15981,45,channel1
1,0,label
2,0,label
3,0,label
4,0,label
5,0,label
6,0,label
7,0,label
8,0,label
9,0,label
10,0,label
11,0,label
12,0,label
13,0,label
14,0,label
15,0,label
16,0,label
17,0,label
18,0,label
19,0,label
20,0,label
21,0,label
22,0,label
23,0,label
24,0,label
25,0,label
26,0,label
27,0,label
28,0,label
29,0,label
30,0,label
31,0,label
32,0,label
33,0,label
34,0,label
35,0,label
36,0,label
37,0,label
38,0,label
39,0,label
40,0,label
41,0,label
42,0,label
43,0,label
44,0,label
45,0,label
46,0,label
47,0,label
48,0,label
49,0,label
50,0,label
51,0,label
52,0,label
53,0,label
54,0,label
55,0,label
56,0,label
57,0,label
58,0,label
59,0,label
60,0,label
61,0,label
62,0,label
63,0,label
64,0,label
65,0,label
66,0,label
67,0,label
68,0,label
69,0,label
70,0,label
71,0,label
72,0,label
73,0,label
74,0,label
75,0,label
76,0,label
77,0,label
78,0,label
79,0,label
80,0,label
81,0,label
82,0,label
83,0,label
84,0,label
85,0,label
86,0,label
87,0,label
88,0,label
89,0,label
90,0,label
91,0,label
92,0,label
93,0,label
94,0,label
95,0,label
96,0,label
97,0,label
98,0,label
99,0,label
100,0,label
101,0,label
102,0,label
103,0,label
104,0,label
105,0,label
106,0,label
107,0,label
108,0,label
109,0,label
110,0,label
111,0,label
112,0,label
113,0,label
114,0,label
115,0,label
116,0,label
117,0,label
118,0,label
119,0,label
120,0,label
121,0,label
122,0,label
123,0,label
124,0,label
125,0,label
126,0,label
127,0,label
128,0,label
129,0,label
130,0,label
131,0,label
132,0,label
133,0,label
134,0,label
135,0,label
136,0,label
137,0,label
138,0,label
139,0,label
140,0,label
141,0,label
142,0,label
143,0,label
144,0,label
145,0,label
146,0,label
147,0,label
148,0,label
149,0,label
150,0,label
151,0,label
152,0,label
153,0,label
154,0,label
155,0,label
156,0,label
157,0,label
158,0,label
159,0,label
160,0,label
161,0,label
162,0,label
163,0,label
164,0,label
165,0,label
166,0,label
167,0,label
168,0,label
169,0,label
170,0,label
171,0,label
172,0,label
173,0,label
174,0,label
175,0,label
176,0,label
177,0,label
178,0,label
179,0,label
180,0,label
181,0,label
182,0,label
183,0,label
184,0,label
185,0,label
186,0,label
187,0,label
188,0,label
189,0,label
190,0,label
191,0,label
192,0,label
193,0,label
194,0,label
195,0,label
196,0,label
197,0,label
198,0,label
199,0,label
200,0,label
201,0,label
202,0,label
203,0,label
204,0,label
205,0,label
206,0,label
207,0,label
208,0,label
209,0,label
210,0,label
211,0,label
212,0,label
213,0,label
214,0,label
215,0,label
216,0,label
217,0,label
218,0,label
219,0,label
220,0,label
221,0,label
222,0,label
223,0,label
224,0,label
225,0,label
226,0,label
227,0,label
228,0,label
229,0,label
230,0,label
231,0,label
232,0,label
233,0,label
234,0,label
235,0,label
236,0,label
237,0,label
238,0,label
239,0,label
240,0,label
241,0,label
242,0,label
243,0,label
244,0,label
245,0,label
246,0,label
247,0,label
248,0,label
249,0,label
250,0,label
251,0,label
252,0,label
253,0,label
254,0,label
255,0,label
256,0,label
257,0,label
258,0,label
259,0,label
260,0,label
261,0,label
262,0,label
263,0,label
264,0,label
265,0,label
266,0,label
267,0,label
268,0,label
269,0,label
270,0,label
271,0,label
272,0,label
273,0,label
274,0,label
275,0,label
276,0,label
277,0,label
278,0,label
279,0,label
280,0,label
281,0,label
282,0,label
283,0,label
284,0,label
285,0,label
286,0,label
287,0,label
288,0,label
289,0,label
290,0,label
291,0,label
292,0,label
293,0,label
294,0,label
295,0,label
296,0,label
297,0,label
298,0,label
299,0,label
300,0,label
301,0,label
302,0,label
303,0,label
304,0,label
305,0,label
306,0,label
307,0,label
308,0,label
309,0,label
310,0,label
311,0,label
312,0,label
313,0,label
314,0,label
315,0,label
316,0,label
317,0,label
318,0,label
319,0,label
320,0,label
321,0,label
322,0,label
323,0,label
324,0,label
325,0,label
326,0,label
327,0,label
328,0,label
329,0,label
330,0,label
331,0,label
332,0,label
333,0,label
334,0,label
335,0,label
336,0,label
337,0,label
338,0,label
339,0,label
340,0,label
341,0,label
342,0,label
343,0,label
344,0,label
345,0,label
346,0,label
347,0,label
348,0,label
349,0,label
350,0,label
351,0,label
352,0,label
353,0,label
354,0,label
355,0,label
356,0,label
357,0,label
358,0,label
359,0,label
360,0,label
361,0,label
362,0,label
363,0,label
364,0,label
365,0,label
366,0,label
367,0,label
368,0,label
369,0,label
370,0,label
371,0,label
372,0,label
373,0,label
374,0,label
375,0,label
376,0,label
377,0,label
378,0,label
379,0,label
380,0,label
381,0,label
382,0,label
383,0,label
384,0,label
385,0,label
386,0,label
387,0,label
388,0,label
389,0,label
390,0,label
391,0,label
392,0,label
393,0,label
394,0,label
395,0,label
396,0,label
397,0,label
398,0,label
399,0,label
400,0,label
401,0,label
402,0,label
403,0,label
404,0,label
405,0,label
406,0,label
407,0,label
408,0,label
409,0,label
410,0,label
411,0,label
412,0,label
413,0,label
414,0,label
415,0,label
416,0,label
417,0,label
418,0,label
419,0,label
420,0,label
421,0,label
422,0,label
423,0,label
424,0,label
425,0,label
426,0,label
427,0,label
428,0,label
429,0,label
430,0,label
431,0,label
432,0,label
433,0,label
434,0,label
435,0,label
436,0,label
437,0,label
438,0,label
439,0,label
440,0,label
441,0,label
442,0,label
443,0,label
444,0,label
445,0,label
446,0,label
447,0,label
448,0,label
449,0,label
450,0,label
451,0,label
452,0,label
453,0,label
454,0,label
455,0,label
456,0,label
457,0,label
458,0,label
459,0,label
460,0,label
461,0,label
462,0,label
463,0,label
464,0,label
465,0,label
466,0,label
467,0,label
468,0,label
469,0,label
470,0,label
471,0,label
472,0,label
473,0,label
474,0,label
475,0,label
476,0,label
477,0,label
478,0,label
479,0,label
480,0,label
481,0,label
482,0,label
483,0,label
484,0,label
485,0,label
486,0,label
487,0,label
488,0,label
489,0,label
490,0,label
491,0,label
492,0,label
493,0,label
494,0,label
495,0,label
496,0,label
497,0,label
498,0,label
499,0,label
500,0,label
501,0,label
502,0,label
503,0,label
504,0,label
505,0,label
506,0,label
507,0,label
508,0,label
509,0,label
510,0,label
511,0,label
512,0,label
513,0,label
514,0,label
515,0,label
516,0,label
517,0,label
518,0,label
519,0,label
520,0,label
521,0,label
522,0,label
523,0,label
524,0,label
525,0,label
526,0,label
527,0,label
528,0,label
529,0,label
530,0,label
531,0,label
532,0,label
533,0,label
534,0,label
535,0,label
536,0,label
537,0,label
538,0,label
539,0,label
540,0,label
541,0,label
542,0,label
543,0,label
544,0,label
545,0,label
546,0,label
547,0,label
548,0,label
549,0,label
550,0,label
551,0,label
552,0,label
553,0,label
554,0,label
555,0,label
556,0,label
557,0,label
558,0,label
559,0,label
560,0,label
561,0,label
562,0,label
563,0,label
564,0,label
565,0,label
566,0,label
567,0,label
568,0,label
569,0,label
570,0,label
571,0,label
572,0,label
573,0,label
574,0,label
575,0,label
576,0,label
577,0,label
578,0,label
579,0,label
580,0,label
581,0,label
582,0,label
583,0,label
584,0,label
585,0,label
586,0,label
587,0,label
588,0,label
589,0,label
590,0,label
591,0,label
592,0,label
593,0,label
594,0,label
595,0,label
596,0,label
597,0,label
598,0,label
599,0,label
600,0,label
601,0,label
602,0,label
603,0,label
604,0,label
605,0,label
606,0,label
607,0,label
608,0,label
609,0,label
610,0,label
611,0,label
612,0,label
613,0,label
614,0,label
615,0,label
616,0,label
617,0,label
618,0,label
619,0,label
620,0,label
621,0,label
622,0,label
623,0,label
624,0,label
625,0,label
626,0,label
627,0,label
628,0,label
629,0,label
630,0,label
631,0,label
632,0,label
633,0,label
634,0,label
635,0,label
636,0,label
637,0,label
638,0,label
639,0,label
640,0,label
641,0,label
642,0,label
643,0,label
644,0,label
645,0,label
646,0,label
647,0,label
648,0,label
649,0,label
650,0,label
651,0,label
652,0,label
653,0,label
654,0,label
655,0,label
656,0,label
657,0,label
658,0,label
659,0,label
660,0,label
661,0,label
662,0,label
663,0,label
664,0,label
665,0,label
666,0,label
667,0,label
668,0,label
669,0,label
670,0,label
671,0,label
672,0,label
673,0,label
674,0,label
675,0,label
676,0,label
677,0,label
678,0,label
679,0,label
680,0,label
681,0,label
682,0,label
683,0,label
684,0,label
685,0,label
686,0,label
687,0,label
688,0,label
689,0,label
690,0,label
691,0,label
692,0,label
693,0,label
694,0,label
695,0,label
696,0,label
697,0,label
698,0,label
699,0,label
700,0,label
701,0,label
702,0,label
703,0,label
704,0,label
705,0,label
706,0,label
707,0,label
708,0,label
709,0,label
710,0,label
711,0,label
712,0,label
713,0,label
714,0,label
715,0,label
716,0,label
717,0,label
718,0,label
719,0,label
720,0,label
721,0,label
722,0,label
723,0,label
724,0,label
725,0,label
726,0,label
727,0,label
728,0,label
729,0,label
730,0,label
731,0,label
732,0,label
733,0,label
734,0,label
735,0,label
736,0,label
737,0,label
738,0,label
739,0,label
740,0,label
741,0,label
742,0,label
743,0,label
744,0,label
745,0,label
746,0,label
747,0,label
748,0,label
749,0,label
750,0,label
751,0,label
752,0,label
753,0,label
754,0,label
755,0,label
756,0,label
757,0,label
758,0,label
759,0,label
760,0,label
761,0,label
762,0,label
763,0,label
764,0,label
765,0,label
766,0,label
767,0,label
768,0,label
769,0,label
770,0,label
771,0,label
772,0,label
773,0,label
774,0,label
775,0,label
776,0,label
777,0,label
778,0,label
779,0,label
780,0,label
781,0,label
782,0,label
783,0,label
784,0,label
785,0,label
786,0,label
787,0,label
788,0,label
789,0,label
790,0,label
791,0,label
792,0,label
793,0,label
794,0,label
795,0,label
796,0,label
797,0,label
798,0,label
799,0,label
800,0,label
801,0,label
802,0,label
803,0,label
804,0,label
805,0,label
806,0,label
807,0,label
808,0,label
809,0,label
810,0,label
811,0,label
812,0,label
813,0,label
814,0,label
815,0,label
816,0,label
817,0,label
818,0,label
819,0,label
820,0,label
821,0,label
822,0,label
823,0,label
824,0,label
825,0,label
826,0,label
827,0,label
828,0,label
829,0,label
830,0,label
831,0,label
832,0,label
833,0,label
834,0,label
835,0,label
836,0,label
837,0,label
838,0,label
839,0,label
840,0,label
841,0,label
842,0,label
843,0,label
844,0,label
845,0,label
846,0,label
847,0,label
848,0,label
849,0,label
850,0,label
851,0,label
852,0,label
853,0,label
854,0,label
855,0,label
856,0,label
857,0,label
858,0,label
859,0,label
860,0,label
861,0,label
862,0,label
863,0,label
864,0,label
865,0,label
866,0,label
867,0,label
868,0,label
869,0,label
870,0,label
871,0,label
872,0,label
873,0,label
874,0,label
875,0,label
876,0,label
877,0,label
878,0,label
879,0,label
880,0,label
881,0,label
882,0,label
883,0,label
884,0,label
885,0,label
886,0,label
887,0,label
888,0,label
889,0,label
890,0,label
891,0,label
892,0,label
893,0,label
894,0,label
895,0,label
896,0,label
897,0,label
898,0,label
899,0,label
900,0,label
901,0,label
902,0,label
903,0,label
904,0,label
905,0,label
906,0,label
907,0,label
908,0,label
909,0,label
910,0,label
911,0,label
912,0,label
913,0,label
914,0,label
915,0,label
916,0,label
917,0,label
918,0,label
919,0,label
920,0,label
921,0,label
922,0,label
923,0,label
924,0,label
925,0,label
926,0,label
927,0,label
928,0,label
929,0,label
930,0,label
931,0,label
932,0,label
933,0,label
934,0,label
935,0,label
936,0,label
937,0,label
938,0,label
939,0,label
940,0,label
941,0,label
942,0,label
943,0,label
944,0,label
945,0,label
946,0,label
947,0,label
948,0,label
949,0,label
950,0,label
951,0,label
952,0,label
953,0,label
954,0,label
955,0,label
956,0,label
957,0,label
958,0,label
959,0,label
960,0,label
961,0,label
962,0,label
963,0,label
964,0,label
965,0,label
966,0,label
967,0,label
968,0,label
969,0,label
970,0,label
971,0,label
972,0,label
973,0,label
974,0,label
975,0,label
976,0,label
977,0,label
978,0,label
979,0,label
980,0,label
981,0,label
982,0,label
983,0,label
984,0,label
985,0,label
986,0,label
987,0,label
988,0,label
989,0,label
990,0,label
991,0,label
992,0,label
993,0,label
994,0,label
995,0,label
996,0,label
997,0,label
998,0,label
999,0,label
1000,0,label
1001,0,label
1002,0,label
1003,0,label
1004,0,label
1005,0,label
1006,0,label
1007,0,label
1008,0,label
1009,0,label
1010,0,label
1011,0,label
1012,0,label
1013,0,label
1014,0,label
1015,0,label
1016,0,label
1017,0,label
1018,0,label
1019,0,label
1020,0,label
1021,0,label
1022,0,label
1023,0,label
1024,0,label
1025,0,label
1026,0,label
1027,0,label
1028,0,label
1029,0,label
1030,0,label
1031,0,label
1032,0,label
1033,0,label
1034,0,label
1035,0,label
1036,0,label
1037,0,label
1038,0,label
1039,0,label
1040,0,label
1041,0,label
1042,0,label
1043,0,label
1044,0,label
1045,0,label
1046,0,label
1047,0,label
1048,0,label
1049,0,label
1050,0,label
1051,0,label
1052,0,label
1053,0,label
1054,0,label
1055,0,label
1056,0,label
1057,0,label
1058,0,label
1059,0,label
1060,0,label
1061,0,label
1062,0,label
1063,0,label
1064,0,label
1065,0,label
1066,0,label
1067,0,label
1068,0,label
1069,0,label
1070,0,label
1071,0,label
1072,0,label
1073,0,label
1074,0,label
1075,0,label
1076,0,label
1077,0,label
1078,0,label
1079,0,label
1080,0,label
1081,0,label
1082,0,label
1083,0,label
1084,0,label
1085,0,label
1086,0,label
1087,0,label
1088,0,label
1089,0,label
1090,0,label
1091,0,label
1092,0,label
1093,0,label
1094,0,label
1095,0,label
1096,0,label
1097,0,label
1098,0,label
1099,0,label
1100,0,label
1101,0,label
1102,0,label
1103,0,label
1104,0,label
1105,0,label
1106,0,label
1107,0,label
1108,0,label
1109,0,label
1110,0,label
1111,0,label
1112,0,label
1113,0,label
1114,0,label
1115,0,label
1116,0,label
1117,0,label
1118,0,label
1119,0,label
1120,0,label
1121,0,label
1122,0,label
1123,0,label
1124,0,label
1125,0,label
1126,0,label
1127,0,label
1128,0,label
1129,0,label
1130,0,label
1131,0,label
1132,0,label
1133,0,label
1134,0,label
1135,0,label
1136,0,label
1137,0,label
1138,0,label
1139,0,label
1140,0,label
1141,0,label
1142,0,label
1143,0,label
1144,0,label
1145,0,label
1146,0,label
1147,0,label
1148,0,label
1149,0,label
1150,0,label
1151,0,label
1152,0,label
1153,0,label
1154,0,label
1155,0,label
1156,0,label
1157,0,label
1158,0,label
1159,0,label
1160,0,label
1161,0,label
1162,0,label
1163,0,label
1164,0,label
1165,0,label
1166,0,label
1167,0,label
1168,0,label
1169,0,label
1170,0,label
1171,0,label
1172,0,label
1173,0,label
1174,0,label
1175,0,label
1176,0,label
1177,0,label
1178,0,label
1179,0,label
1180,0,label
1181,0,label
1182,0,label
1183,0,label
1184,0,label
1185,0,label
1186,0,label
1187,0,label
1188,0,label
1189,0,label
1190,0,label
1191,0,label
1192,0,label
1193,0,label
1194,0,label
1195,0,label
1196,0,label
1197,0,label
1198,0,label
1199,0,label
1200,0,label
1201,0,label
1202,0,label
1203,0,label
1204,0,label
1205,0,label
1206,0,label
1207,0,label
1208,0,label
1209,0,label
1210,0,label
1211,0,label
1212,0,label
1213,0,label
1214,0,label
1215,0,label
1216,0,label
1217,0,label
1218,0,label
1219,0,label
1220,0,label
1221,0,label
1222,0,label
1223,0,label
1224,0,label
1225,0,label
1226,0,label
1227,0,label
1228,0,label
1229,0,label
1230,0,label
1231,0,label
1232,0,label
1233,0,label
1234,0,label
1235,0,label
1236,0,label
1237,0,label
1238,0,label
1239,0,label
1240,0,label
1241,0,label
1242,0,label
1243,0,label
1244,0,label
1245,0,label
1246,0,label
1247,0,label
1248,0,label
1249,0,label
1250,0,label
1251,0,label
1252,0,label
1253,0,label
1254,0,label
1255,0,label
1256,0,label
1257,0,label
1258,0,label
1259,0,label
1260,0,label
1261,0,label
1262,0,label
1263,0,label
1264,0,label
1265,0,label
1266,0,label
1267,0,label
1268,0,label
1269,0,label
1270,0,label
1271,0,label
1272,0,label
1273,0,label
1274,0,label
1275,0,label
1276,0,label
1277,0,label
1278,0,label
1279,0,label
1280,0,label
1281,0,label
1282,0,label
1283,0,label
1284,0,label
1285,0,label
1286,0,label
1287,0,label
1288,0,label
1289,0,label
1290,0,label
1291,0,label
1292,0,label
1293,0,label
1294,0,label
1295,0,label
1296,0,label
1297,0,label
1298,0,label
1299,0,label
1300,0,label
1301,0,label
1302,0,label
1303,0,label
1304,0,label
1305,0,label
1306,0,label
1307,0,label
1308,0,label
1309,0,label
1310,0,label
1311,0,label
1312,0,label
1313,0,label
1314,0,label
1315,0,label
1316,0,label
1317,0,label
1318,0,label
1319,0,label
1320,0,label
1321,0,label
1322,0,label
1323,0,label
1324,0,label
1325,0,label
1326,0,label
1327,0,label
1328,0,label
1329,0,label
1330,0,label
1331,0,label
1332,0,label
1333,0,label
1334,0,label
1335,0,label
1336,0,label
1337,0,label
1338,0,label
1339,0,label
1340,0,label
1341,0,label
1342,0,label
1343,0,label
1344,0,label
1345,0,label
1346,0,label
1347,0,label
1348,0,label
1349,0,label
1350,0,label
1351,0,label
1352,0,label
1353,0,label
1354,0,label
1355,0,label
1356,0,label
1357,0,label
1358,0,label
1359,0,label
1360,0,label
1361,0,label
1362,0,label
1363,0,label
1364,0,label
1365,0,label
1366,0,label
1367,0,label
1368,0,label
1369,0,label
1370,0,label
1371,0,label
1372,0,label
1373,0,label
1374,0,label
1375,0,label
1376,0,label
1377,0,label
1378,0,label
1379,0,label
1380,0,label
1381,0,label
1382,0,label
1383,0,label
1384,0,label
1385,0,label
1386,0,label
1387,0,label
1388,0,label
1389,0,label
1390,0,label
1391,0,label
1392,0,label
1393,0,label
1394,0,label
1395,0,label
1396,0,label
1397,0,label
1398,0,label
1399,0,label
1400,0,label
1401,0,label
1402,0,label
1403,0,label
1404,0,label
1405,0,label
1406,0,label
1407,0,label
1408,0,label
1409,0,label
1410,0,label
1411,0,label
1412,0,label
1413,0,label
1414,0,label
1415,0,label
1416,0,label
1417,0,label
1418,0,label
1419,0,label
1420,0,label
1421,0,label
1422,0,label
1423,0,label
1424,0,label
1425,0,label
1426,0,label
1427,0,label
1428,0,label
1429,0,label
1430,0,label
1431,0,label
1432,0,label
1433,0,label
1434,0,label
1435,0,label
1436,0,label
1437,0,label
1438,0,label
1439,0,label
1440,0,label
1441,0,label
1442,0,label
1443,0,label
1444,0,label
1445,0,label
1446,0,label
1447,0,label
1448,0,label
1449,0,label
1450,0,label
1451,0,label
1452,0,label
1453,0,label
1454,0,label
1455,0,label
1456,0,label
1457,0,label
1458,0,label
1459,0,label
1460,0,label
1461,0,label
1462,0,label
1463,0,label
1464,0,label
1465,0,label
1466,0,label
1467,0,label
1468,0,label
1469,0,label
1470,0,label
1471,0,label
1472,0,label
1473,0,label
1474,0,label
1475,0,label
1476,0,label
1477,0,label
1478,0,label
1479,0,label
1480,0,label
1481,0,label
1482,0,label
1483,0,label
1484,0,label
1485,0,label
1486,0,label
1487,0,label
1488,0,label
1489,0,label
1490,0,label
1491,0,label
1492,0,label
1493,0,label
1494,0,label
1495,0,label
1496,0,label
1497,0,label
1498,0,label
1499,0,label
1500,0,label
1501,0,label
1502,0,label
1503,0,label
1504,0,label
1505,0,label
1506,0,label
1507,0,label
1508,0,label
1509,0,label
1510,0,label
1511,0,label
1512,0,label
1513,0,label
1514,0,label
1515,0,label
1516,0,label
1517,0,label
1518,0,label
1519,0,label
1520,0,label
1521,0,label
1522,0,label
1523,0,label
1524,0,label
1525,0,label
1526,0,label
1527,0,label
1528,0,label
1529,0,label
1530,0,label
1531,0,label
1532,0,label
1533,0,label
1534,0,label
1535,0,label
1536,0,label
1537,0,label
1538,0,label
1539,0,label
1540,0,label
1541,0,label
1542,0,label
1543,0,label
1544,0,label
1545,0,label
1546,0,label
1547,0,label
1548,0,label
1549,0,label
1550,0,label
1551,0,label
1552,0,label
1553,0,label
1554,0,label
1555,0,label
1556,0,label
1557,0,label
1558,0,label
1559,0,label
1560,0,label
1561,0,label
1562,0,label
1563,0,label
1564,0,label
1565,0,label
1566,0,label
1567,0,label
1568,0,label
1569,0,label
1570,0,label
1571,0,label
1572,0,label
1573,0,label
1574,0,label
1575,0,label
1576,0,label
1577,0,label
1578,0,label
1579,0,label
1580,0,label
1581,0,label
1582,0,label
1583,0,label
1584,0,label
1585,0,label
1586,0,label
1587,0,label
1588,0,label
1589,0,label
1590,0,label
1591,0,label
1592,0,label
1593,0,label
1594,0,label
1595,0,label
1596,0,label
1597,0,label
1598,0,label
1599,0,label
1600,0,label
1601,0,label
1602,0,label
1603,0,label
1604,0,label
1605,0,label
1606,0,label
1607,0,label
1608,0,label
1609,0,label
1610,0,label
1611,0,label
1612,0,label
1613,0,label
1614,0,label
1615,0,label
1616,0,label
1617,0,label
1618,0,label
1619,0,label
1620,0,label
1621,0,label
1622,0,label
1623,0,label
1624,0,label
1625,0,label
1626,0,label
1627,0,label
1628,0,label
1629,0,label
1630,0,label
1631,0,label
1632,0,label
1633,0,label
1634,0,label
1635,0,label
1636,0,label
1637,0,label
1638,0,label
1639,0,label
1640,0,label
1641,0,label
1642,0,label
1643,0,label
1644,0,label
1645,0,label
1646,0,label
1647,0,label
1648,0,label
1649,0,label
1650,0,label
1651,0,label
1652,0,label
1653,0,label
1654,0,label
1655,0,label
1656,0,label
1657,0,label
1658,0,label
1659,0,label
1660,0,label
1661,0,label
1662,0,label
1663,0,label
1664,0,label
1665,0,label
1666,0,label
1667,0,label
1668,0,label
1669,0,label
1670,0,label
1671,0,label
1672,0,label
1673,0,label
1674,0,label
1675,0,label
1676,0,label
1677,0,label
1678,0,label
1679,0,label
1680,0,label
1681,0,label
1682,0,label
1683,0,label
1684,0,label
1685,0,label
1686,0,label
1687,0,label
1688,0,label
1689,0,label
1690,0,label
1691,0,label
1692,0,label
1693,0,label
1694,0,label
1695,0,label
1696,0,label
1697,0,label
1698,0,label
1699,0,label
1700,0,label
1701,0,label
1702,0,label
1703,0,label
1704,0,label
1705,0,label
1706,0,label
1707,0,label
1708,0,label
1709,0,label
1710,0,label
1711,0,label
1712,0,label
1713,0,label
1714,0,label
1715,0,label
1716,0,label
1717,0,label
1718,0,label
1719,0,label
1720,0,label
1721,0,label
1722,0,label
1723,0,label
1724,0,label
1725,0,label
1726,0,label
1727,0,label
1728,0,label
1729,0,label
1730,0,label
1731,0,label
1732,0,label
1733,0,label
1734,0,label
1735,0,label
1736,0,label
1737,0,label
1738,0,label
1739,0,label
1740,0,label
1741,0,label
1742,0,label
1743,0,label
1744,0,label
1745,0,label
1746,0,label
1747,0,label
1748,0,label
1749,0,label
1750,0,label
1751,0,label
1752,0,label
1753,0,label
1754,0,label
1755,0,label
1756,0,label
1757,0,label
1758,0,label
1759,0,label
1760,0,label
1761,0,label
1762,0,label
1763,0,label
1764,0,label
1765,0,label
1766,0,label
1767,0,label
1768,0,label
1769,0,label
1770,0,label
1771,0,label
1772,0,label
1773,0,label
1774,0,label
1775,0,label
1776,0,label
1777,0,label
1778,0,label
1779,0,label
1780,0,label
1781,0,label
1782,0,label
1783,0,label
1784,0,label
1785,0,label
1786,0,label
1787,0,label
1788,0,label
1789,0,label
1790,0,label
1791,0,label
1792,0,label
1793,0,label
1794,0,label
1795,0,label
1796,0,label
1797,0,label
1798,0,label
1799,0,label
1800,0,label
1801,0,label
1802,0,label
1803,0,label
1804,0,label
1805,0,label
1806,0,label
1807,0,label
1808,0,label
1809,0,label
1810,0,label
1811,0,label
1812,0,label
1813,0,label
1814,0,label
1815,0,label
1816,0,label
1817,0,label
1818,0,label
1819,0,label
1820,0,label
1821,0,label
1822,0,label
1823,0,label
1824,0,label
1825,0,label
1826,0,label
1827,0,label
1828,0,label
1829,0,label
1830,0,label
1831,0,label
1832,0,label
1833,0,label
1834,0,label
1835,0,label
1836,0,label
1837,0,label
1838,0,label
1839,0,label
1840,0,label
1841,0,label
1842,0,label
1843,0,label
1844,0,label
1845,0,label
1846,0,label
1847,0,label
1848,0,label
1849,0,label
1850,0,label
1851,0,label
1852,0,label
1853,0,label
1854,0,label
1855,0,label
1856,0,label
1857,0,label
1858,0,label
1859,0,label
1860,0,label
1861,0,label
1862,0,label
1863,0,label
1864,0,label
1865,0,label
1866,0,label
1867,0,label
1868,0,label
1869,0,label
1870,0,label
1871,0,label
1872,0,label
1873,0,label
1874,0,label
1875,0,label
1876,0,label
1877,0,label
1878,0,label
1879,0,label
1880,0,label
1881,0,label
1882,0,label
1883,0,label
1884,0,label
1885,0,label
1886,0,label
1887,0,label
1888,0,label
1889,0,label
1890,0,label
1891,0,label
1892,0,label
1893,0,label
1894,0,label
1895,0,label
1896,0,label
1897,0,label
1898,0,label
1899,0,label
1900,0,label
1901,0,label
1902,0,label
1903,0,label
1904,0,label
1905,0,label
1906,0,label
1907,0,label
1908,0,label
1909,0,label
1910,0,label
1911,0,label
1912,0,label
1913,0,label
1914,0,label
1915,0,label
1916,0,label
1917,0,label
1918,0,label
1919,0,label
1920,0,label
1921,0,label
1922,0,label
1923,0,label
1924,0,label
1925,0,label
1926,0,label
1927,0,label
1928,0,label
1929,0,label
1930,0,label
1931,0,label
1932,0,label
1933,0,label
1934,0,label
1935,0,label
1936,0,label
1937,0,label
1938,0,label
1939,0,label
1940,0,label
1941,0,label
1942,0,label
1943,0,label
1944,0,label
1945,0,label
1946,0,label
1947,0,label
1948,0,label
1949,0,label
1950,0,label
1951,0,label
1952,0,label
1953,0,label
1954,0,label
1955,0,label
1956,0,label
1957,0,label
1958,0,label
1959,0,label
1960,0,label
1961,0,label
1962,0,label
1963,0,label
1964,0,label
1965,0,label
1966,0,label
1967,0,label
1968,0,label
1969,0,label
1970,0,label
1971,0,label
1972,0,label
1973,0,label
1974,0,label
1975,0,label
1976,0,label
1977,0,label
1978,0,label
1979,0,label
1980,0,label
1981,0,label
1982,0,label
1983,0,label
1984,0,label
1985,0,label
1986,0,label
1987,0,label
1988,0,label
1989,0,label
1990,0,label
1991,0,label
1992,0,label
1993,0,label
1994,0,label
1995,0,label
1996,0,label
1997,0,label
1998,0,label
1999,0,label
2000,0,label
2001,0,label
2002,0,label
2003,0,label
2004,0,label
2005,0,label
2006,0,label
2007,0,label
2008,0,label
2009,0,label
2010,0,label
2011,0,label
2012,0,label
2013,0,label
2014,0,label
2015,0,label
2016,0,label
2017,0,label
2018,0,label
2019,0,label
2020,0,label
2021,0,label
2022,0,label
2023,0,label
2024,0,label
2025,0,label
2026,0,label
2027,0,label
2028,0,label
2029,0,label
2030,0,label
2031,0,label
2032,0,label
2033,0,label
2034,0,label
2035,0,label
2036,0,label
2037,0,label
2038,0,label
2039,0,label
2040,0,label
2041,0,label
2042,0,label
2043,0,label
2044,0,label
2045,0,label
2046,0,label
2047,0,label
2048,0,label
2049,0,label
2050,0,label
2051,0,label
2052,0,label
2053,0,label
2054,0,label
2055,0,label
2056,0,label
2057,0,label
2058,0,label
2059,0,label
2060,0,label
2061,0,label
2062,0,label
2063,0,label
2064,0,label
2065,0,label
2066,0,label
2067,0,label
2068,0,label
2069,0,label
2070,0,label
2071,0,label
2072,0,label
2073,0,label
2074,0,label
2075,0,label
2076,0,label
2077,0,label
2078,0,label
2079,0,label
2080,0,label
2081,0,label
2082,0,label
2083,0,label
2084,0,label
2085,0,label
2086,0,label
2087,0,label
2088,0,label
2089,0,label
2090,0,label
2091,0,label
2092,0,label
2093,0,label
2094,0,label
2095,0,label
2096,0,label
2097,0,label
2098,0,label
2099,0,label
2100,0,label
2101,0,label
2102,0,label
2103,0,label
2104,0,label
2105,0,label
2106,0,label
2107,0,label
2108,0,label
2109,0,label
2110,0,label
2111,0,label
2112,0,label
2113,0,label
2114,0,label
2115,0,label
2116,0,label
2117,0,label
2118,0,label
2119,0,label
2120,0,label
2121,0,label
2122,0,label
2123,0,label
2124,0,label
2125,0,label
2126,0,label
2127,0,label
2128,0,label
2129,0,label
2130,0,label
2131,0,label
2132,0,label
2133,0,label
2134,0,label
2135,0,label
2136,0,label
2137,0,label
2138,0,label
2139,0,label
2140,0,label
2141,0,label
2142,0,label
2143,0,label
2144,0,label
2145,0,label
2146,0,label
2147,0,label
2148,0,label
2149,0,label
2150,0,label
2151,0,label
2152,0,label
2153,0,label
2154,0,label
2155,0,label
2156,0,label
2157,0,label
2158,0,label
2159,0,label
2160,0,label
2161,0,label
2162,0,label
2163,0,label
2164,0,label
2165,0,label
2166,0,label
2167,0,label
2168,0,label
2169,0,label
2170,0,label
2171,0,label
2172,0,label
2173,0,label
2174,0,label
2175,0,label
2176,0,label
2177,0,label
2178,0,label
2179,0,label
2180,0,label
2181,0,label
2182,0,label
2183,0,label
2184,0,label
2185,0,label
2186,0,label
2187,0,label
2188,0,label
2189,0,label
2190,0,label
2191,0,label
2192,0,label
2193,0,label
2194,0,label
2195,0,label
2196,0,label
2197,0,label
2198,0,label
2199,0,label
2200,0,label
2201,0,label
2202,0,label
2203,0,label
2204,0,label
2205,0,label
2206,0,label
2207,0,label
2208,0,label
2209,0,label
2210,0,label
2211,0,label
2212,0,label
2213,0,label
2214,0,label
2215,0,label
2216,0,label
2217,0,label
2218,0,label
2219,0,label
2220,0,label
2221,0,label
2222,0,label
2223,0,label
2224,0,label
2225,0,label
2226,0,label
2227,0,label
2228,0,label
2229,0,label
2230,0,label
2231,0,label
2232,0,label
2233,0,label
2234,0,label
2235,0,label
2236,0,label
2237,0,label
2238,0,label
2239,0,label
2240,0,label
2241,0,label
2242,0,label
2243,0,label
2244,0,label
2245,0,label
2246,0,label
2247,0,label
2248,0,label
2249,0,label
2250,0,label
2251,0,label
2252,0,label
2253,0,label
2254,0,label
2255,0,label
2256,0,label
2257,0,label
2258,0,label
2259,0,label
2260,0,label
2261,0,label
2262,0,label
2263,0,label
2264,0,label
2265,0,label
2266,0,label
2267,0,label
2268,0,label
2269,0,label
2270,0,label
2271,0,label
2272,0,label
2273,0,label
2274,0,label
2275,0,label
2276,0,label
2277,0,label
2278,0,label
2279,0,label
2280,0,label
2281,0,label
2282,0,label
2283,0,label
2284,0,label
2285,0,label
2286,0,label
2287,0,label
2288,0,label
2289,0,label
2290,0,label
2291,0,label
2292,0,label
2293,0,label
2294,0,label
2295,0,label
2296,0,label
2297,0,label
2298,0,label
2299,0,label
2300,0,label
2301,0,label
2302,0,label
2303,0,label
2304,0,label
2305,0,label
2306,0,label
2307,0,label
2308,0,label
2309,0,label
2310,0,label
2311,0,label
2312,0,label
2313,0,label
2314,0,label
2315,0,label
2316,0,label
2317,0,label
2318,0,label
2319,0,label
2320,0,label
2321,0,label
2322,0,label
2323,0,label
2324,0,label
2325,0,label
2326,0,label
2327,0,label
2328,0,label
2329,0,label
2330,0,label
2331,0,label
2332,0,label
2333,0,label
2334,0,label
2335,0,label
2336,0,label
2337,0,label
2338,0,label
2339,0,label
2340,0,label
2341,0,label
2342,0,label
2343,0,label
2344,0,label
2345,0,label
2346,0,label
2347,0,label
2348,0,label
2349,0,label
2350,0,label
2351,0,label
2352,0,label
2353,0,label
2354,0,label
2355,0,label
2356,0,label
2357,0,label
2358,0,label
2359,0,label
2360,0,label
2361,0,label
2362,0,label
2363,0,label
2364,0,label
2365,0,label
2366,0,label
2367,0,label
2368,0,label
2369,0,label
2370,0,label
2371,0,label
2372,0,label
2373,0,label
2374,0,label
2375,0,label
2376,0,label
2377,0,label
2378,0,label
2379,0,label
2380,0,label
2381,0,label
2382,0,label
2383,0,label
2384,0,label
2385,0,label
2386,0,label
2387,0,label
2388,0,label
2389,0,label
2390,0,label
2391,0,label
2392,0,label
2393,0,label
2394,0,label
2395,0,label
2396,0,label
2397,0,label
2398,0,label
2399,0,label
2400,0,label
2401,0,label
2402,0,label
2403,0,label
2404,0,label
2405,0,label
2406,0,label
2407,0,label
2408,0,label
2409,0,label
2410,0,label
2411,0,label
2412,0,label
2413,0,label
2414,0,label
2415,0,label
2416,0,label
2417,0,label
2418,0,label
2419,0,label
2420,0,label
2421,0,label
2422,0,label
2423,0,label
2424,0,label
2425,0,label
2426,0,label
2427,0,label
2428,0,label
2429,0,label
2430,0,label
2431,0,label
2432,0,label
2433,0,label
2434,0,label
2435,0,label
2436,0,label
2437,0,label
2438,0,label
2439,0,label
2440,0,label
2441,0,label
2442,0,label
2443,0,label
2444,0,label
2445,0,label
2446,0,label
2447,0,label
2448,0,label
2449,0,label
2450,0,label
2451,0,label
2452,0,label
2453,0,label
2454,0,label
2455,0,label
2456,0,label
2457,0,label
2458,0,label
2459,0,label
2460,0,label
2461,0,label
2462,0,label
2463,0,label
2464,0,label
2465,0,label
2466,0,label
2467,0,label
2468,0,label
2469,0,label
2470,0,label
2471,0,label
2472,0,label
2473,0,label
2474,0,label
2475,0,label
2476,0,label
2477,0,label
2478,0,label
2479,0,label
2480,0,label
2481,0,label
2482,0,label
2483,0,label
2484,0,label
2485,0,label
2486,0,label
2487,0,label
2488,0,label
2489,0,label
2490,0,label
2491,0,label
2492,0,label
2493,0,label
2494,0,label
2495,0,label
2496,0,label
2497,0,label
2498,0,label
2499,0,label
2500,0,label
2501,0,label
2502,0,label
2503,0,label
2504,0,label
2505,0,label
2506,0,label
2507,0,label
2508,0,label
2509,0,label
2510,0,label
2511,0,label
2512,0,label
2513,0,label
2514,0,label
2515,0,label
2516,0,label
2517,0,label
2518,0,label
2519,0,label
2520,0,label
2521,0,label
2522,0,label
2523,0,label
2524,0,label
2525,0,label
2526,0,label
2527,0,label
2528,0,label
2529,0,label
2530,0,label
2531,0,label
2532,0,label
2533,0,label
2534,0,label
2535,0,label
2536,0,label
2537,0,label
2538,0,label
2539,0,label
2540,0,label
2541,0,label
2542,0,label
2543,0,label
2544,0,label
2545,0,label
2546,0,label
2547,0,label
2548,0,label
2549,0,label
2550,0,label
2551,0,label
2552,0,label
2553,0,label
2554,0,label
2555,0,label
2556,0,label
2557,0,label
2558,0,label
2559,0,label
2560,0,label
2561,0,label
2562,0,label
2563,0,label
2564,0,label
2565,0,label
2566,0,label
2567,0,label
2568,0,label
2569,0,label
2570,0,label
2571,0,label
2572,0,label
2573,0,label
2574,0,label
2575,0,label
2576,0,label
2577,0,label
2578,0,label
2579,0,label
2580,0,label
2581,0,label
2582,0,label
2583,0,label
2584,0,label
2585,0,label
2586,0,label
2587,0,label
2588,0,label
2589,0,label
2590,0,label
2591,0,label
2592,0,label
2593,0,label
2594,0,label
2595,0,label
2596,0,label
2597,0,label
2598,0,label
2599,0,label
2600,0,label
2601,0,label
2602,0,label
2603,0,label
2604,0,label
2605,0,label
2606,0,label
2607,0,label
2608,0,label
2609,0,label
2610,0,label
2611,0,label
2612,0,label
2613,0,label
2614,0,label
2615,0,label
2616,0,label
2617,0,label
2618,0,label
2619,0,label
2620,0,label
2621,0,label
2622,0,label
2623,0,label
2624,0,label
2625,0,label
2626,0,label
2627,0,label
2628,0,label
2629,0,label
2630,0,label
2631,0,label
2632,0,label
2633,0,label
2634,0,label
2635,0,label
2636,0,label
2637,0,label
2638,0,label
2639,0,label
2640,0,label
2641,0,label
2642,0,label
2643,0,label
2644,0,label
2645,0,label
2646,0,label
2647,0,label
2648,0,label
2649,0,label
2650,0,label
2651,0,label
2652,0,label
2653,0,label
2654,0,label
2655,0,label
2656,0,label
2657,0,label
2658,0,label
2659,0,label
2660,0,label
2661,0,label
2662,0,label
2663,0,label
2664,0,label
2665,0,label
2666,0,label
2667,0,label
2668,0,label
2669,0,label
2670,0,label
2671,0,label
2672,0,label
2673,0,label
2674,0,label
2675,0,label
2676,0,label
2677,0,label
2678,0,label
2679,0,label
2680,0,label
2681,0,label
2682,0,label
2683,0,label
2684,0,label
2685,0,label
2686,0,label
2687,0,label
2688,0,label
2689,0,label
2690,0,label
2691,0,label
2692,0,label
2693,0,label
2694,0,label
2695,0,label
2696,0,label
2697,0,label
2698,0,label
2699,0,label
2700,0,label
2701,0,label
2702,0,label
2703,0,label
2704,0,label
2705,0,label
2706,0,label
2707,0,label
2708,0,label
2709,0,label
2710,0,label
2711,0,label
2712,0,label
2713,0,label
2714,0,label
2715,0,label
2716,0,label
2717,0,label
2718,0,label
2719,0,label
2720,0,label
2721,0,label
2722,0,label
2723,0,label
2724,0,label
2725,0,label
2726,0,label
2727,0,label
2728,0,label
2729,0,label
2730,0,label
2731,0,label
2732,0,label
2733,0,label
2734,0,label
2735,0,label
2736,0,label
2737,0,label
2738,0,label
2739,0,label
2740,0,label
2741,0,label
2742,0,label
2743,0,label
2744,0,label
2745,0,label
2746,0,label
2747,0,label
2748,0,label
2749,0,label
2750,0,label
2751,0,label
2752,0,label
2753,0,label
2754,0,label
2755,0,label
2756,0,label
2757,0,label
2758,0,label
2759,0,label
2760,0,label
2761,0,label
2762,0,label
2763,0,label
2764,0,label
2765,0,label
2766,0,label
2767,0,label
2768,0,label
2769,0,label
2770,0,label
2771,0,label
2772,0,label
2773,0,label
2774,0,label
2775,0,label
2776,0,label
2777,0,label
2778,0,label
2779,0,label
2780,0,label
2781,0,label
2782,0,label
2783,0,label
2784,0,label
2785,0,label
2786,0,label
2787,0,label
2788,0,label
2789,0,label
2790,0,label
2791,0,label
2792,0,label
2793,0,label
2794,0,label
2795,0,label
2796,0,label
2797,0,label
2798,0,label
2799,0,label
2800,0,label
2801,0,label
2802,0,label
2803,0,label
2804,0,label
2805,0,label
2806,0,label
2807,0,label
2808,0,label
2809,0,label
2810,0,label
2811,0,label
2812,0,label
2813,0,label
2814,0,label
2815,0,label
2816,0,label
2817,0,label
2818,0,label
2819,0,label
2820,0,label
2821,0,label
2822,0,label
2823,0,label
2824,0,label
2825,0,label
2826,0,label
2827,0,label
2828,0,label
2829,0,label
2830,0,label
2831,0,label
2832,0,label
2833,0,label
2834,0,label
2835,0,label
2836,0,label
2837,0,label
2838,0,label
2839,0,label
2840,0,label
2841,0,label
2842,0,label
2843,0,label
2844,0,label
2845,0,label
2846,0,label
2847,0,label
2848,0,label
2849,0,label
2850,0,label
2851,0,label
2852,0,label
2853,0,label
2854,0,label
2855,0,label
2856,0,label
2857,0,label
2858,0,label
2859,0,label
2860,0,label
2861,0,label
2862,0,label
2863,0,label
2864,0,label
2865,0,label
2866,0,label
2867,0,label
2868,0,label
2869,0,label
2870,0,label
2871,0,label
2872,0,label
2873,0,label
2874,0,label
2875,0,label
2876,0,label
2877,0,label
2878,0,label
2879,0,label
2880,0,label
2881,0,label
2882,0,label
2883,0,label
2884,0,label
2885,0,label
2886,0,label
2887,0,label
2888,0,label
2889,0,label
2890,0,label
2891,0,label
2892,0,label
2893,0,label
2894,0,label
2895,0,label
2896,0,label
2897,0,label
2898,0,label
2899,0,label
2900,0,label
2901,0,label
2902,0,label
2903,0,label
2904,0,label
2905,0,label
2906,0,label
2907,0,label
2908,0,label
2909,0,label
2910,0,label
2911,0,label
2912,0,label
2913,0,label
2914,0,label
2915,0,label
2916,0,label
2917,0,label
2918,0,label
2919,0,label
2920,0,label
2921,0,label
2922,0,label
2923,0,label
2924,0,label
2925,0,label
2926,0,label
2927,0,label
2928,0,label
2929,0,label
2930,0,label
2931,0,label
2932,0,label
2933,0,label
2934,0,label
2935,0,label
2936,0,label
2937,0,label
2938,0,label
2939,0,label
2940,0,label
2941,0,label
2942,0,label
2943,0,label
2944,0,label
2945,0,label
2946,0,label
2947,0,label
2948,0,label
2949,0,label
2950,0,label
2951,0,label
2952,0,label
2953,0,label
2954,0,label
2955,0,label
2956,0,label
2957,0,label
2958,0,label
2959,0,label
2960,0,label
2961,0,label
2962,0,label
2963,0,label
2964,0,label
2965,0,label
2966,0,label
2967,0,label
2968,0,label
2969,0,label
2970,0,label
2971,0,label
2972,0,label
2973,0,label
2974,0,label
2975,0,label
2976,0,label
2977,0,label
2978,0,label
2979,0,label
2980,0,label
2981,0,label
2982,0,label
2983,0,label
2984,0,label
2985,0,label
2986,0,label
2987,0,label
2988,0,label
2989,0,label
2990,0,label
2991,0,label
2992,0,label
2993,0,label
2994,0,label
2995,0,label
2996,0,label
2997,0,label
2998,0,label
2999,0,label
3000,0,label
3001,0,label
3002,0,label
3003,0,label
3004,0,label
3005,0,label
3006,0,label
3007,0,label
3008,0,label
3009,0,label
3010,0,label
3011,0,label
3012,0,label
3013,0,label
3014,0,label
3015,0,label
3016,0,label
3017,0,label
3018,0,label
3019,0,label
3020,0,label
3021,0,label
3022,0,label
3023,0,label
3024,0,label
3025,0,label
3026,0,label
3027,0,label
3028,0,label
3029,0,label
3030,0,label
3031,0,label
3032,0,label
3033,0,label
3034,0,label
3035,0,label
3036,0,label
3037,0,label
3038,0,label
3039,0,label
3040,0,label
3041,0,label
3042,0,label
3043,0,label
3044,0,label
3045,0,label
3046,0,label
3047,0,label
3048,0,label
3049,0,label
3050,0,label
3051,0,label
3052,0,label
3053,0,label
3054,0,label
3055,0,label
3056,0,label
3057,0,label
3058,0,label
3059,0,label
3060,0,label
3061,0,label
3062,0,label
3063,0,label
3064,0,label
3065,0,label
3066,0,label
3067,0,label
3068,0,label
3069,0,label
3070,0,label
3071,0,label
3072,0,label
3073,0,label
3074,0,label
3075,0,label
3076,0,label
3077,0,label
3078,0,label
3079,0,label
3080,0,label
3081,0,label
3082,0,label
3083,0,label
3084,0,label
3085,0,label
3086,0,label
3087,0,label
3088,0,label
3089,0,label
3090,0,label
3091,0,label
3092,0,label
3093,0,label
3094,0,label
3095,0,label
3096,0,label
3097,0,label
3098,0,label
3099,0,label
3100,0,label
3101,0,label
3102,0,label
3103,0,label
3104,0,label
3105,0,label
3106,0,label
3107,0,label
3108,0,label
3109,0,label
3110,0,label
3111,0,label
3112,0,label
3113,0,label
3114,0,label
3115,0,label
3116,0,label
3117,0,label
3118,0,label
3119,0,label
3120,0,label
3121,0,label
3122,0,label
3123,0,label
3124,0,label
3125,0,label
3126,0,label
3127,0,label
3128,0,label
3129,0,label
3130,0,label
3131,0,label
3132,0,label
3133,0,label
3134,0,label
3135,0,label
3136,0,label
3137,0,label
3138,0,label
3139,0,label
3140,0,label
3141,0,label
3142,0,label
3143,0,label
3144,0,label
3145,0,label
3146,0,label
3147,0,label
3148,0,label
3149,0,label
3150,0,label
3151,0,label
3152,0,label
3153,0,label
3154,0,label
3155,0,label
3156,0,label
3157,0,label
3158,0,label
3159,0,label
3160,0,label
3161,0,label
3162,0,label
3163,0,label
3164,0,label
3165,0,label
3166,0,label
3167,0,label
3168,0,label
3169,0,label
3170,0,label
3171,0,label
3172,0,label
3173,0,label
3174,0,label
3175,0,label
3176,0,label
3177,0,label
3178,0,label
3179,0,label
3180,0,label
3181,0,label
3182,0,label
3183,0,label
3184,0,label
3185,0,label
3186,0,label
3187,0,label
3188,0,label
3189,0,label
3190,0,label
3191,0,label
3192,0,label
3193,0,label
3194,0,label
3195,0,label
3196,0,label
3197,0,label
3198,0,label
3199,0,label
3200,0,label
3201,0,label
3202,0,label
3203,0,label
3204,0,label
3205,0,label
3206,0,label
3207,0,label
3208,0,label
3209,0,label
3210,0,label
3211,0,label
3212,0,label
3213,0,label
3214,0,label
3215,0,label
3216,0,label
3217,0,label
3218,0,label
3219,0,label
3220,0,label
3221,0,label
3222,0,label
3223,0,label
3224,0,label
3225,0,label
3226,0,label
3227,0,label
3228,0,label
3229,0,label
3230,0,label
3231,0,label
3232,0,label
3233,0,label
3234,0,label
3235,0,label
3236,0,label
3237,0,label
3238,0,label
3239,0,label
3240,0,label
3241,0,label
3242,0,label
3243,0,label
3244,0,label
3245,0,label
3246,0,label
3247,0,label
3248,0,label
3249,0,label
3250,0,label
3251,0,label
3252,0,label
3253,0,label
3254,0,label
3255,0,label
3256,0,label
3257,0,label
3258,0,label
3259,0,label
3260,0,label
3261,0,label
3262,0,label
3263,0,label
3264,0,label
3265,0,label
3266,0,label
3267,0,label
3268,0,label
3269,0,label
3270,0,label
3271,0,label
3272,0,label
3273,0,label
3274,0,label
3275,0,label
3276,0,label
3277,0,label
3278,0,label
3279,0,label
3280,0,label
3281,0,label
3282,0,label
3283,0,label
3284,0,label
3285,0,label
3286,0,label
3287,0,label
3288,0,label
3289,0,label
3290,0,label
3291,0,label
3292,0,label
3293,0,label
3294,0,label
3295,0,label
3296,0,label
3297,0,label
3298,0,label
3299,0,label
3300,0,label
3301,0,label
3302,0,label
3303,0,label
3304,0,label
3305,0,label
3306,0,label
3307,0,label
3308,0,label
3309,0,label
3310,0,label
3311,0,label
3312,0,label
3313,0,label
3314,0,label
3315,0,label
3316,0,label
3317,0,label
3318,0,label
3319,0,label
3320,0,label
3321,0,label
3322,0,label
3323,0,label
3324,0,label
3325,0,label
3326,0,label
3327,0,label
3328,0,label
3329,0,label
3330,0,label
3331,0,label
3332,0,label
3333,0,label
3334,0,label
3335,0,label
3336,0,label
3337,0,label
3338,0,label
3339,0,label
3340,0,label
3341,0,label
3342,0,label
3343,0,label
3344,0,label
3345,0,label
3346,0,label
3347,0,label
3348,0,label
3349,0,label
3350,0,label
3351,0,label
3352,0,label
3353,0,label
3354,0,label
3355,0,label
3356,0,label
3357,0,label
3358,0,label
3359,0,label
3360,0,label
3361,0,label
3362,0,label
3363,0,label
3364,0,label
3365,0,label
3366,0,label
3367,0,label
3368,0,label
3369,0,label
3370,0,label
3371,0,label
3372,0,label
3373,0,label
3374,0,label
3375,0,label
3376,0,label
3377,0,label
3378,0,label
3379,0,label
3380,0,label
3381,0,label
3382,0,label
3383,0,label
3384,0,label
3385,0,label
3386,0,label
3387,0,label
3388,0,label
3389,0,label
3390,0,label
3391,0,label
3392,0,label
3393,0,label
3394,0,label
3395,0,label
3396,0,label
3397,0,label
3398,0,label
3399,0,label
3400,0,label
3401,0,label
3402,0,label
3403,0,label
3404,0,label
3405,0,label
3406,0,label
3407,0,label
3408,0,label
3409,0,label
3410,0,label
3411,0,label
3412,0,label
3413,0,label
3414,0,label
3415,0,label
3416,0,label
3417,0,label
3418,0,label
3419,0,label
3420,0,label
3421,0,label
3422,0,label
3423,0,label
3424,0,label
3425,0,label
3426,0,label
3427,0,label
3428,0,label
3429,0,label
3430,0,label
3431,0,label
3432,0,label
3433,0,label
3434,0,label
3435,0,label
3436,0,label
3437,0,label
3438,0,label
3439,0,label
3440,0,label
3441,0,label
3442,0,label
3443,0,label
3444,0,label
3445,0,label
3446,0,label
3447,0,label
3448,0,label
3449,0,label
3450,0,label
3451,0,label
3452,0,label
3453,0,label
3454,0,label
3455,0,label
3456,0,label
3457,0,label
3458,0,label
3459,0,label
3460,0,label
3461,0,label
3462,0,label
3463,0,label
3464,0,label
3465,0,label
3466,0,label
3467,0,label
3468,0,label
3469,0,label
3470,0,label
3471,0,label
3472,0,label
3473,0,label
3474,0,label
3475,0,label
3476,0,label
3477,0,label
3478,0,label
3479,0,label
3480,0,label
3481,0,label
3482,0,label
3483,0,label
3484,0,label
3485,0,label
3486,0,label
3487,0,label
3488,0,label
3489,0,label
3490,0,label
3491,0,label
3492,0,label
3493,0,label
3494,0,label
3495,0,label
3496,0,label
3497,0,label
3498,0,label
3499,0,label
3500,0,label
3501,0,label
3502,0,label
3503,0,label
3504,0,label
3505,0,label
3506,0,label
3507,0,label
3508,0,label
3509,0,label
3510,0,label
3511,0,label
3512,0,label
3513,0,label
3514,0,label
3515,0,label
3516,0,label
3517,0,label
3518,0,label
3519,0,label
3520,0,label
3521,0,label
3522,0,label
3523,0,label
3524,0,label
3525,0,label
3526,0,label
3527,0,label
3528,0,label
3529,0,label
3530,0,label
3531,0,label
3532,0,label
3533,0,label
3534,0,label
3535,0,label
3536,0,label
3537,0,label
3538,0,label
3539,0,label
3540,0,label
3541,0,label
3542,0,label
3543,0,label
3544,0,label
3545,0,label
3546,0,label
3547,0,label
3548,0,label
3549,0,label
3550,0,label
3551,0,label
3552,0,label
3553,0,label
3554,0,label
3555,0,label
3556,0,label
3557,0,label
3558,0,label
3559,0,label
3560,0,label
3561,0,label
3562,0,label
3563,0,label
3564,0,label
3565,0,label
3566,0,label
3567,0,label
3568,0,label
3569,0,label
3570,0,label
3571,0,label
3572,0,label
3573,0,label
3574,0,label
3575,0,label
3576,0,label
3577,0,label
3578,0,label
3579,0,label
3580,0,label
3581,0,label
3582,0,label
3583,0,label
3584,0,label
3585,0,label
3586,0,label
3587,0,label
3588,0,label
3589,0,label
3590,0,label
3591,0,label
3592,0,label
3593,0,label
3594,0,label
3595,0,label
3596,0,label
3597,0,label
3598,0,label
3599,0,label
3600,0,label
3601,0,label
3602,0,label
3603,0,label
3604,0,label
3605,0,label
3606,0,label
3607,0,label
3608,0,label
3609,0,label
3610,0,label
3611,0,label
3612,0,label
3613,0,label
3614,0,label
3615,0,label
3616,0,label
3617,0,label
3618,0,label
3619,0,label
3620,0,label
3621,0,label
3622,0,label
3623,0,label
3624,0,label
3625,0,label
3626,0,label
3627,0,label
3628,0,label
3629,0,label
3630,0,label
3631,0,label
3632,0,label
3633,0,label
3634,0,label
3635,0,label
3636,0,label
3637,0,label
3638,0,label
3639,0,label
3640,0,label
3641,0,label
3642,0,label
3643,0,label
3644,0,label
3645,0,label
3646,0,label
3647,0,label
3648,0,label
3649,0,label
3650,0,label
3651,0,label
3652,0,label
3653,0,label
3654,0,label
3655,0,label
3656,0,label
3657,0,label
3658,0,label
3659,0,label
3660,0,label
3661,0,label
3662,0,label
3663,0,label
3664,0,label
3665,0,label
3666,0,label
3667,0,label
3668,0,label
3669,0,label
3670,0,label
3671,0,label
3672,0,label
3673,0,label
3674,0,label
3675,0,label
3676,0,label
3677,0,label
3678,0,label
3679,0,label
3680,0,label
3681,0,label
3682,0,label
3683,0,label
3684,0,label
3685,0,label
3686,0,label
3687,0,label
3688,0,label
3689,0,label
3690,0,label
3691,0,label
3692,0,label
3693,0,label
3694,0,label
3695,0,label
3696,0,label
3697,0,label
3698,0,label
3699,0,label
3700,0,label
3701,0,label
3702,0,label
3703,0,label
3704,0,label
3705,0,label
3706,0,label
3707,0,label
3708,0,label
3709,0,label
3710,0,label
3711,0,label
3712,0,label
3713,0,label
3714,0,label
3715,0,label
3716,0,label
3717,0,label
3718,0,label
3719,0,label
3720,0,label
3721,0,label
3722,0,label
3723,0,label
3724,0,label
3725,0,label
3726,0,label
3727,0,label
3728,0,label
3729,0,label
3730,0,label
3731,0,label
3732,0,label
3733,0,label
3734,0,label
3735,0,label
3736,0,label
3737,0,label
3738,0,label
3739,0,label
3740,0,label
3741,0,label
3742,0,label
3743,0,label
3744,0,label
3745,0,label
3746,0,label
3747,0,label
3748,0,label
3749,0,label
3750,0,label
3751,0,label
3752,0,label
3753,0,label
3754,0,label
3755,0,label
3756,0,label
3757,0,label
3758,0,label
3759,0,label
3760,0,label
3761,0,label
3762,0,label
3763,0,label
3764,0,label
3765,0,label
3766,0,label
3767,0,label
3768,0,label
3769,0,label
3770,0,label
3771,0,label
3772,0,label
3773,0,label
3774,0,label
3775,0,label
3776,0,label
3777,0,label
3778,0,label
3779,0,label
3780,0,label
3781,0,label
3782,0,label
3783,0,label
3784,0,label
3785,0,label
3786,0,label
3787,0,label
3788,0,label
3789,0,label
3790,0,label
3791,0,label
3792,0,label
3793,0,label
3794,0,label
3795,0,label
3796,0,label
3797,0,label
3798,0,label
3799,0,label
3800,0,label
3801,0,label
3802,0,label
3803,0,label
3804,0,label
3805,0,label
3806,0,label
3807,0,label
3808,0,label
3809,0,label
3810,0,label
3811,0,label
3812,0,label
3813,0,label
3814,0,label
3815,0,label
3816,0,label
3817,0,label
3818,0,label
3819,0,label
3820,0,label
3821,0,label
3822,0,label
3823,0,label
3824,0,label
3825,0,label
3826,0,label
3827,0,label
3828,0,label
3829,0,label
3830,0,label
3831,0,label
3832,0,label
3833,0,label
3834,0,label
3835,0,label
3836,0,label
3837,0,label
3838,0,label
3839,0,label
3840,0,label
3841,0,label
3842,0,label
3843,0,label
3844,0,label
3845,0,label
3846,0,label
3847,0,label
3848,0,label
3849,0,label
3850,0,label
3851,0,label
3852,0,label
3853,0,label
3854,0,label
3855,0,label
3856,0,label
3857,0,label
3858,0,label
3859,0,label
3860,0,label
3861,0,label
3862,0,label
3863,0,label
3864,0,label
3865,0,label
3866,0,label
3867,0,label
3868,0,label
3869,0,label
3870,0,label
3871,0,label
3872,0,label
3873,0,label
3874,0,label
3875,0,label
3876,0,label
3877,0,label
3878,0,label
3879,0,label
3880,0,label
3881,0,label
3882,0,label
3883,0,label
3884,0,label
3885,0,label
3886,0,label
3887,0,label
3888,0,label
3889,0,label
3890,0,label
3891,0,label
3892,0,label
3893,0,label
3894,0,label
3895,0,label
3896,0,label
3897,0,label
3898,0,label
3899,0,label
3900,0,label
3901,0,label
3902,0,label
3903,0,label
3904,0,label
3905,0,label
3906,0,label
3907,0,label
3908,0,label
3909,0,label
3910,0,label
3911,0,label
3912,0,label
3913,0,label
3914,0,label
3915,0,label
3916,0,label
3917,0,label
3918,0,label
3919,0,label
3920,0,label
3921,0,label
3922,0,label
3923,0,label
3924,0,label
3925,0,label
3926,0,label
3927,0,label
3928,0,label
3929,0,label
3930,0,label
3931,0,label
3932,0,label
3933,0,label
3934,0,label
3935,0,label
3936,0,label
3937,0,label
3938,0,label
3939,0,label
3940,0,label
3941,0,label
3942,0,label
3943,0,label
3944,0,label
3945,0,label
3946,0,label
3947,0,label
3948,0,label
3949,0,label
3950,0,label
3951,0,label
3952,0,label
3953,0,label
3954,0,label
3955,0,label
3956,0,label
3957,0,label
3958,0,label
3959,0,label
3960,0,label
3961,0,label
3962,0,label
3963,0,label
3964,0,label
3965,0,label
3966,0,label
3967,0,label
3968,0,label
3969,0,label
3970,0,label
3971,0,label
3972,0,label
3973,0,label
3974,0,label
3975,0,label
3976,0,label
3977,0,label
3978,0,label
3979,0,label
3980,0,label
3981,0,label
3982,0,label
3983,0,label
3984,0,label
3985,0,label
3986,0,label
3987,0,label
3988,0,label
3989,0,label
3990,0,label
3991,0,label
3992,0,label
3993,0,label
3994,0,label
3995,0,label
3996,0,label
3997,0,label
3998,0,label
3999,0,label
4000,0,label
4001,0,label
4002,0,label
4003,0,label
4004,0,label
4005,0,label
4006,0,label
4007,0,label
4008,0,label
4009,0,label
4010,0,label
4011,0,label
4012,0,label
4013,0,label
4014,0,label
4015,0,label
4016,0,label
4017,0,label
4018,0,label
4019,0,label
4020,0,label
4021,0,label
4022,0,label
4023,0,label
4024,0,label
4025,0,label
4026,0,label
4027,0,label
4028,0,label
4029,0,label
4030,0,label
4031,0,label
4032,0,label
4033,0,label
4034,0,label
4035,0,label
4036,0,label
4037,0,label
4038,0,label
4039,0,label
4040,0,label
4041,0,label
4042,0,label
4043,0,label
4044,0,label
4045,0,label
4046,0,label
4047,0,label
4048,0,label
4049,0,label
4050,0,label
4051,0,label
4052,0,label
4053,0,label
4054,0,label
4055,0,label
4056,0,label
4057,0,label
4058,0,label
4059,0,label
4060,0,label
4061,0,label
4062,0,label
4063,0,label
4064,0,label
4065,0,label
4066,0,label
4067,0,label
4068,0,label
4069,0,label
4070,0,label
4071,0,label
4072,0,label
4073,0,label
4074,0,label
4075,0,label
4076,0,label
4077,0,label
4078,0,label
4079,0,label
4080,0,label
4081,0,label
4082,0,label
4083,0,label
4084,0,label
4085,0,label
4086,0,label
4087,0,label
4088,0,label
4089,0,label
4090,0,label
4091,0,label
4092,0,label
4093,0,label
4094,0,label
4095,0,label
4096,0,label
4097,0,label
4098,0,label
4099,0,label
4100,0,label
4101,0,label
4102,0,label
4103,0,label
4104,0,label
4105,0,label
4106,0,label
4107,0,label
4108,0,label
4109,0,label
4110,0,label
4111,0,label
4112,0,label
4113,0,label
4114,0,label
4115,0,label
4116,0,label
4117,0,label
4118,0,label
4119,0,label
4120,0,label
4121,0,label
4122,0,label
4123,0,label
4124,0,label
4125,0,label
4126,0,label
4127,0,label
4128,0,label
4129,0,label
4130,0,label
4131,0,label
4132,0,label
4133,0,label
4134,0,label
4135,0,label
4136,0,label
4137,0,label
4138,0,label
4139,0,label
4140,0,label
4141,0,label
4142,0,label
4143,0,label
4144,0,label
4145,0,label
4146,0,label
4147,0,label
4148,0,label
4149,0,label
4150,0,label
4151,0,label
4152,0,label
4153,0,label
4154,0,label
4155,0,label
4156,0,label
4157,0,label
4158,0,label
4159,0,label
4160,0,label
4161,0,label
4162,0,label
4163,0,label
4164,0,label
4165,0,label
4166,0,label
4167,0,label
4168,0,label
4169,0,label
4170,0,label
4171,0,label
4172,0,label
4173,0,label
4174,0,label
4175,0,label
4176,0,label
4177,0,label
4178,0,label
4179,0,label
4180,0,label
4181,0,label
4182,0,label
4183,0,label
4184,0,label
4185,0,label
4186,0,label
4187,0,label
4188,0,label
4189,0,label
4190,0,label
4191,0,label
4192,0,label
4193,0,label
4194,0,label
4195,0,label
4196,0,label
4197,0,label
4198,0,label
4199,0,label
4200,0,label
4201,0,label
4202,0,label
4203,0,label
4204,0,label
4205,0,label
4206,0,label
4207,0,label
4208,0,label
4209,0,label
4210,0,label
4211,0,label
4212,0,label
4213,0,label
4214,0,label
4215,0,label
4216,0,label
4217,0,label
4218,0,label
4219,0,label
4220,0,label
4221,0,label
4222,0,label
4223,0,label
4224,0,label
4225,0,label
4226,0,label
4227,0,label
4228,0,label
4229,0,label
4230,0,label
4231,0,label
4232,0,label
4233,0,label
4234,0,label
4235,0,label
4236,0,label
4237,0,label
4238,0,label
4239,0,label
4240,0,label
4241,0,label
4242,0,label
4243,0,label
4244,0,label
4245,0,label
4246,0,label
4247,0,label
4248,0,label
4249,0,label
4250,0,label
4251,0,label
4252,0,label
4253,0,label
4254,0,label
4255,0,label
4256,0,label
4257,0,label
4258,0,label
4259,0,label
4260,0,label
4261,0,label
4262,0,label
4263,0,label
4264,0,label
4265,0,label
4266,0,label
4267,0,label
4268,0,label
4269,0,label
4270,0,label
4271,0,label
4272,0,label
4273,0,label
4274,0,label
4275,0,label
4276,0,label
4277,0,label
4278,0,label
4279,0,label
4280,0,label
4281,0,label
4282,0,label
4283,0,label
4284,0,label
4285,0,label
4286,0,label
4287,0,label
4288,0,label
4289,0,label
4290,0,label
4291,0,label
4292,0,label
4293,0,label
4294,0,label
4295,0,label
4296,0,label
4297,0,label
4298,0,label
4299,0,label
4300,0,label
4301,0,label
4302,0,label
4303,0,label
4304,0,label
4305,0,label
4306,0,label
4307,0,label
4308,0,label
4309,0,label
4310,0,label
4311,0,label
4312,0,label
4313,0,label
4314,0,label
4315,0,label
4316,0,label
4317,0,label
4318,0,label
4319,0,label
4320,0,label
4321,0,label
4322,0,label
4323,0,label
4324,0,label
4325,0,label
4326,0,label
4327,0,label
4328,0,label
4329,0,label
4330,0,label
4331,0,label
4332,0,label
4333,0,label
4334,0,label
4335,0,label
4336,0,label
4337,0,label
4338,0,label
4339,0,label
4340,0,label
4341,0,label
4342,0,label
4343,0,label
4344,0,label
4345,0,label
4346,0,label
4347,0,label
4348,0,label
4349,0,label
4350,0,label
4351,0,label
4352,0,label
4353,0,label
4354,0,label
4355,0,label
4356,0,label
4357,0,label
4358,0,label
4359,0,label
4360,0,label
4361,0,label
4362,0,label
4363,0,label
4364,0,label
4365,0,label
4366,0,label
4367,0,label
4368,0,label
4369,0,label
4370,0,label
4371,0,label
4372,0,label
4373,0,label
4374,0,label
4375,0,label
4376,0,label
4377,0,label
4378,0,label
4379,0,label
4380,0,label
4381,0,label
4382,0,label
4383,0,label
4384,0,label
4385,0,label
4386,0,label
4387,0,label
4388,0,label
4389,0,label
4390,0,label
4391,0,label
4392,0,label
4393,0,label
4394,0,label
4395,0,label
4396,0,label
4397,0,label
4398,0,label
4399,0,label
4400,0,label
4401,0,label
4402,0,label
4403,0,label
4404,0,label
4405,0,label
4406,0,label
4407,0,label
4408,0,label
4409,0,label
4410,0,label
4411,0,label
4412,0,label
4413,0,label
4414,0,label
4415,0,label
4416,0,label
4417,0,label
4418,0,label
4419,0,label
4420,0,label
4421,0,label
4422,0,label
4423,0,label
4424,0,label
4425,0,label
4426,0,label
4427,0,label
4428,0,label
4429,0,label
4430,0,label
4431,0,label
4432,0,label
4433,0,label
4434,0,label
4435,0,label
4436,0,label
4437,0,label
4438,0,label
4439,0,label
4440,0,label
4441,0,label
4442,0,label
4443,0,label
4444,0,label
4445,0,label
4446,0,label
4447,0,label
4448,0,label
4449,0,label
4450,0,label
4451,0,label
4452,0,label
4453,0,label
4454,0,label
4455,0,label
4456,0,label
4457,0,label
4458,0,label
4459,0,label
4460,0,label
4461,0,label
4462,0,label
4463,0,label
4464,0,label
4465,0,label
4466,0,label
4467,0,label
4468,0,label
4469,0,label
4470,0,label
4471,0,label
4472,0,label
4473,0,label
4474,0,label
4475,0,label
4476,0,label
4477,0,label
4478,0,label
4479,0,label
4480,0,label
4481,0,label
4482,0,label
4483,0,label
4484,0,label
4485,0,label
4486,0,label
4487,0,label
4488,0,label
4489,0,label
4490,0,label
4491,0,label
4492,0,label
4493,0,label
4494,0,label
4495,0,label
4496,0,label
4497,0,label
4498,0,label
4499,0,label
4500,0,label
4501,0,label
4502,0,label
4503,0,label
4504,0,label
4505,0,label
4506,0,label
4507,0,label
4508,0,label
4509,0,label
4510,0,label
4511,0,label
4512,0,label
4513,0,label
4514,0,label
4515,0,label
4516,0,label
4517,0,label
4518,0,label
4519,0,label
4520,0,label
4521,0,label
4522,0,label
4523,0,label
4524,0,label
4525,0,label
4526,0,label
4527,0,label
4528,0,label
4529,0,label
4530,0,label
4531,0,label
4532,0,label
4533,0,label
4534,0,label
4535,0,label
4536,0,label
4537,0,label
4538,0,label
4539,0,label
4540,0,label
4541,0,label
4542,0,label
4543,0,label
4544,0,label
4545,0,label
4546,0,label
4547,0,label
4548,0,label
4549,0,label
4550,0,label
4551,0,label
4552,0,label
4553,0,label
4554,0,label
4555,0,label
4556,0,label
4557,0,label
4558,0,label
4559,0,label
4560,0,label
4561,0,label
4562,0,label
4563,0,label
4564,0,label
4565,0,label
4566,0,label
4567,0,label
4568,0,label
4569,0,label
4570,0,label
4571,0,label
4572,0,label
4573,0,label
4574,0,label
4575,0,label
4576,0,label
4577,0,label
4578,0,label
4579,0,label
4580,0,label
4581,0,label
4582,0,label
4583,0,label
4584,0,label
4585,0,label
4586,0,label
4587,0,label
4588,0,label
4589,0,label
4590,0,label
4591,0,label
4592,0,label
4593,0,label
4594,0,label
4595,0,label
4596,0,label
4597,0,label
4598,0,label
4599,0,label
4600,0,label
4601,0,label
4602,0,label
4603,0,label
4604,0,label
4605,0,label
4606,0,label
4607,0,label
4608,0,label
4609,0,label
4610,0,label
4611,0,label
4612,0,label
4613,0,label
4614,0,label
4615,0,label
4616,0,label
4617,0,label
4618,0,label
4619,0,label
4620,0,label
4621,0,label
4622,0,label
4623,0,label
4624,0,label
4625,0,label
4626,0,label
4627,0,label
4628,0,label
4629,0,label
4630,0,label
4631,0,label
4632,0,label
4633,0,label
4634,0,label
4635,0,label
4636,0,label
4637,0,label
4638,0,label
4639,0,label
4640,0,label
4641,0,label
4642,0,label
4643,0,label
4644,0,label
4645,0,label
4646,0,label
4647,0,label
4648,0,label
4649,0,label
4650,0,label
4651,0,label
4652,0,label
4653,0,label
4654,0,label
4655,0,label
4656,0,label
4657,0,label
4658,0,label
4659,0,label
4660,0,label
4661,0,label
4662,0,label
4663,0,label
4664,0,label
4665,0,label
4666,0,label
4667,0,label
4668,0,label
4669,0,label
4670,0,label
4671,0,label
4672,0,label
4673,0,label
4674,0,label
4675,0,label
4676,0,label
4677,0,label
4678,0,label
4679,0,label
4680,0,label
4681,0,label
4682,0,label
4683,0,label
4684,0,label
4685,0,label
4686,0,label
4687,0,label
4688,0,label
4689,0,label
4690,0,label
4691,0,label
4692,0,label
4693,0,label
4694,0,label
4695,0,label
4696,0,label
4697,0,label
4698,0,label
4699,0,label
4700,0,label
4701,0,label
4702,0,label
4703,0,label
4704,0,label
4705,0,label
4706,0,label
4707,0,label
4708,0,label
4709,0,label
4710,0,label
4711,0,label
4712,0,label
4713,0,label
4714,0,label
4715,0,label
4716,0,label
4717,0,label
4718,0,label
4719,0,label
4720,0,label
4721,0,label
4722,0,label
4723,0,label
4724,0,label
4725,0,label
4726,0,label
4727,0,label
4728,0,label
4729,0,label
4730,0,label
4731,0,label
4732,0,label
4733,0,label
4734,0,label
4735,0,label
4736,0,label
4737,0,label
4738,0,label
4739,0,label
4740,0,label
4741,0,label
4742,0,label
4743,0,label
4744,0,label
4745,0,label
4746,0,label
4747,0,label
4748,0,label
4749,0,label
4750,0,label
4751,0,label
4752,0,label
4753,0,label
4754,0,label
4755,0,label
4756,0,label
4757,0,label
4758,0,label
4759,0,label
4760,0,label
4761,0,label
4762,0,label
4763,0,label
4764,0,label
4765,0,label
4766,0,label
4767,0,label
4768,0,label
4769,0,label
4770,0,label
4771,0,label
4772,0,label
4773,0,label
4774,0,label
4775,0,label
4776,0,label
4777,0,label
4778,0,label
4779,0,label
4780,0,label
4781,0,label
4782,0,label
4783,0,label
4784,0,label
4785,0,label
4786,0,label
4787,0,label
4788,0,label
4789,0,label
4790,0,label
4791,0,label
4792,0,label
4793,0,label
4794,0,label
4795,0,label
4796,0,label
4797,0,label
4798,0,label
4799,0,label
4800,0,label
4801,0,label
4802,0,label
4803,0,label
4804,0,label
4805,0,label
4806,0,label
4807,0,label
4808,0,label
4809,0,label
4810,0,label
4811,0,label
4812,0,label
4813,0,label
4814,0,label
4815,0,label
4816,0,label
4817,0,label
4818,0,label
4819,0,label
4820,0,label
4821,0,label
4822,0,label
4823,0,label
4824,0,label
4825,0,label
4826,0,label
4827,0,label
4828,0,label
4829,0,label
4830,0,label
4831,0,label
4832,0,label
4833,0,label
4834,0,label
4835,0,label
4836,0,label
4837,0,label
4838,0,label
4839,0,label
4840,0,label
4841,0,label
4842,0,label
4843,0,label
4844,0,label
4845,0,label
4846,0,label
4847,0,label
4848,0,label
4849,0,label
4850,0,label
4851,0,label
4852,0,label
4853,0,label
4854,0,label
4855,0,label
4856,0,label
4857,0,label
4858,0,label
4859,0,label
4860,0,label
4861,0,label
4862,0,label
4863,0,label
4864,0,label
4865,0,label
4866,0,label
4867,0,label
4868,0,label
4869,0,label
4870,0,label
4871,0,label
4872,0,label
4873,0,label
4874,0,label
4875,0,label
4876,0,label
4877,0,label
4878,0,label
4879,0,label
4880,0,label
4881,0,label
4882,0,label
4883,0,label
4884,0,label
4885,0,label
4886,0,label
4887,0,label
4888,0,label
4889,0,label
4890,0,label
4891,0,label
4892,0,label
4893,0,label
4894,0,label
4895,0,label
4896,0,label
4897,0,label
4898,0,label
4899,0,label
4900,0,label
4901,0,label
4902,0,label
4903,0,label
4904,0,label
4905,0,label
4906,0,label
4907,0,label
4908,0,label
4909,0,label
4910,0,label
4911,0,label
4912,0,label
4913,0,label
4914,0,label
4915,0,label
4916,0,label
4917,0,label
4918,0,label
4919,0,label
4920,0,label
4921,0,label
4922,0,label
4923,0,label
4924,0,label
4925,0,label
4926,0,label
4927,0,label
4928,0,label
4929,0,label
4930,0,label
4931,0,label
4932,0,label
4933,0,label
4934,0,label
4935,0,label
4936,0,label
4937,0,label
4938,0,label
4939,0,label
4940,0,label
4941,0,label
4942,0,label
4943,0,label
4944,0,label
4945,0,label
4946,0,label
4947,0,label
4948,0,label
4949,0,label
4950,0,label
4951,0,label
4952,0,label
4953,0,label
4954,0,label
4955,0,label
4956,0,label
4957,0,label
4958,0,label
4959,0,label
4960,0,label
4961,0,label
4962,0,label
4963,0,label
4964,0,label
4965,0,label
4966,0,label
4967,0,label
4968,0,label
4969,0,label
4970,0,label
4971,0,label
4972,0,label
4973,0,label
4974,0,label
4975,0,label
4976,0,label
4977,0,label
4978,0,label
4979,0,label
4980,0,label
4981,0,label
4982,0,label
4983,0,label
4984,0,label
4985,0,label
4986,0,label
4987,0,label
4988,0,label
4989,0,label
4990,0,label
4991,0,label
4992,0,label
4993,0,label
4994,0,label
4995,0,label
4996,0,label
4997,0,label
4998,0,label
4999,0,label
5000,0,label
5001,0,label
5002,0,label
5003,0,label
5004,0,label
5005,0,label
5006,0,label
5007,0,label
5008,0,label
5009,0,label
5010,0,label
5011,0,label
5012,0,label
5013,0,label
5014,0,label
5015,0,label
5016,0,label
5017,0,label
5018,0,label
5019,0,label
5020,0,label
5021,0,label
5022,0,label
5023,0,label
5024,0,label
5025,0,label
5026,0,label
5027,0,label
5028,0,label
5029,0,label
5030,0,label
5031,0,label
5032,0,label
5033,0,label
5034,0,label
5035,0,label
5036,0,label
5037,0,label
5038,0,label
5039,0,label
5040,0,label
5041,0,label
5042,0,label
5043,0,label
5044,0,label
5045,0,label
5046,0,label
5047,0,label
5048,0,label
5049,0,label
5050,0,label
5051,0,label
5052,0,label
5053,0,label
5054,0,label
5055,0,label
5056,0,label
5057,0,label
5058,0,label
5059,0,label
5060,0,label
5061,0,label
5062,0,label
5063,0,label
5064,0,label
5065,0,label
5066,0,label
5067,0,label
5068,0,label
5069,0,label
5070,0,label
5071,0,label
5072,0,label
5073,0,label
5074,0,label
5075,0,label
5076,0,label
5077,0,label
5078,0,label
5079,0,label
5080,0,label
5081,0,label
5082,0,label
5083,0,label
5084,0,label
5085,0,label
5086,0,label
5087,0,label
5088,0,label
5089,0,label
5090,0,label
5091,0,label
5092,0,label
5093,0,label
5094,0,label
5095,0,label
5096,0,label
5097,0,label
5098,0,label
5099,0,label
5100,0,label
5101,0,label
5102,0,label
5103,0,label
5104,0,label
5105,0,label
5106,0,label
5107,0,label
5108,0,label
5109,0,label
5110,0,label
5111,0,label
5112,0,label
5113,0,label
5114,0,label
5115,0,label
5116,0,label
5117,0,label
5118,0,label
5119,0,label
5120,0,label
5121,0,label
5122,0,label
5123,0,label
5124,0,label
5125,0,label
5126,0,label
5127,0,label
5128,0,label
5129,0,label
5130,0,label
5131,0,label
5132,0,label
5133,0,label
5134,0,label
5135,0,label
5136,0,label
5137,0,label
5138,0,label
5139,0,label
5140,0,label
5141,0,label
5142,0,label
5143,0,label
5144,0,label
5145,0,label
5146,0,label
5147,0,label
5148,0,label
5149,0,label
5150,0,label
5151,0,label
5152,0,label
5153,0,label
5154,0,label
5155,0,label
5156,0,label
5157,0,label
5158,0,label
5159,0,label
5160,0,label
5161,0,label
5162,0,label
5163,0,label
5164,0,label
5165,0,label
5166,0,label
5167,0,label
5168,0,label
5169,0,label
5170,0,label
5171,0,label
5172,0,label
5173,0,label
5174,0,label
5175,0,label
5176,0,label
5177,0,label
5178,0,label
5179,0,label
5180,0,label
5181,0,label
5182,0,label
5183,0,label
5184,0,label
5185,0,label
5186,0,label
5187,0,label
5188,0,label
5189,0,label
5190,0,label
5191,0,label
5192,0,label
5193,0,label
5194,0,label
5195,0,label
5196,0,label
5197,0,label
5198,0,label
5199,0,label
5200,0,label
5201,0,label
5202,0,label
5203,0,label
5204,0,label
5205,0,label
5206,0,label
5207,0,label
5208,0,label
5209,0,label
5210,0,label
5211,0,label
5212,0,label
5213,0,label
5214,0,label
5215,0,label
5216,0,label
5217,0,label
5218,0,label
5219,0,label
5220,0,label
5221,0,label
5222,0,label
5223,0,label
5224,0,label
5225,0,label
5226,0,label
5227,0,label
5228,0,label
5229,0,label
5230,0,label
5231,0,label
5232,0,label
5233,0,label
5234,0,label
5235,0,label
5236,0,label
5237,0,label
5238,0,label
5239,0,label
5240,0,label
5241,0,label
5242,0,label
5243,0,label
5244,0,label
5245,0,label
5246,0,label
5247,0,label
5248,0,label
5249,0,label
5250,0,label
5251,0,label
5252,0,label
5253,0,label
5254,0,label
5255,0,label
5256,0,label
5257,0,label
5258,0,label
5259,0,label
5260,0,label
5261,0,label
5262,0,label
5263,0,label
5264,0,label
5265,0,label
5266,0,label
5267,0,label
5268,0,label
5269,0,label
5270,0,label
5271,0,label
5272,0,label
5273,0,label
5274,0,label
5275,0,label
5276,0,label
5277,0,label
5278,0,label
5279,0,label
5280,0,label
5281,0,label
5282,0,label
5283,0,label
5284,0,label
5285,0,label
5286,0,label
5287,0,label
5288,0,label
5289,0,label
5290,0,label
5291,0,label
5292,0,label
5293,0,label
5294,0,label
5295,0,label
5296,0,label
5297,0,label
5298,0,label
5299,0,label
5300,0,label
5301,0,label
5302,0,label
5303,0,label
5304,0,label
5305,0,label
5306,0,label
5307,0,label
5308,0,label
5309,0,label
5310,0,label
5311,0,label
5312,0,label
5313,0,label
5314,0,label
5315,0,label
5316,0,label
5317,0,label
5318,0,label
5319,0,label
5320,0,label
5321,0,label
5322,0,label
5323,0,label
5324,0,label
5325,0,label
5326,0,label
5327,0,label
5328,0,label
5329,0,label
5330,0,label
5331,0,label
5332,0,label
5333,0,label
5334,0,label
5335,0,label
5336,0,label
5337,0,label
5338,0,label
5339,0,label
5340,0,label
5341,0,label
5342,0,label
5343,0,label
5344,0,label
5345,0,label
5346,0,label
5347,0,label
5348,0,label
5349,0,label
5350,0,label
5351,0,label
5352,0,label
5353,0,label
5354,0,label
5355,0,label
5356,0,label
5357,0,label
5358,0,label
5359,0,label
5360,0,label
5361,0,label
5362,0,label
5363,0,label
5364,0,label
5365,0,label
5366,0,label
5367,0,label
5368,0,label
5369,0,label
5370,0,label
5371,0,label
5372,0,label
5373,0,label
5374,0,label
5375,0,label
5376,0,label
5377,0,label
5378,0,label
5379,0,label
5380,0,label
5381,0,label
5382,0,label
5383,0,label
5384,0,label
5385,0,label
5386,0,label
5387,0,label
5388,0,label
5389,0,label
5390,0,label
5391,0,label
5392,0,label
5393,0,label
5394,0,label
5395,0,label
5396,0,label
5397,0,label
5398,0,label
5399,0,label
5400,0,label
5401,0,label
5402,0,label
5403,0,label
5404,0,label
5405,0,label
5406,0,label
5407,0,label
5408,0,label
5409,0,label
5410,0,label
5411,0,label
5412,0,label
5413,0,label
5414,0,label
5415,0,label
5416,0,label
5417,0,label
5418,0,label
5419,0,label
5420,0,label
5421,0,label
5422,0,label
5423,0,label
5424,0,label
5425,0,label
5426,0,label
5427,0,label
5428,0,label
5429,0,label
5430,0,label
5431,0,label
5432,0,label
5433,0,label
5434,0,label
5435,0,label
5436,0,label
5437,0,label
5438,0,label
5439,0,label
5440,0,label
5441,0,label
5442,0,label
5443,0,label
5444,0,label
5445,0,label
5446,0,label
5447,0,label
5448,0,label
5449,0,label
5450,0,label
5451,0,label
5452,0,label
5453,0,label
5454,0,label
5455,0,label
5456,0,label
5457,0,label
5458,0,label
5459,0,label
5460,0,label
5461,0,label
5462,0,label
5463,0,label
5464,0,label
5465,0,label
5466,0,label
5467,0,label
5468,0,label
5469,0,label
5470,0,label
5471,0,label
5472,0,label
5473,0,label
5474,0,label
5475,0,label
5476,0,label
5477,0,label
5478,0,label
5479,0,label
5480,0,label
5481,0,label
5482,0,label
5483,0,label
5484,0,label
5485,0,label
5486,0,label
5487,0,label
5488,0,label
5489,0,label
5490,0,label
5491,0,label
5492,0,label
5493,0,label
5494,0,label
5495,0,label
5496,0,label
5497,0,label
5498,0,label
5499,0,label
5500,0,label
5501,0,label
5502,0,label
5503,0,label
5504,0,label
5505,0,label
5506,0,label
5507,0,label
5508,0,label
5509,0,label
5510,0,label
5511,0,label
5512,0,label
5513,0,label
5514,0,label
5515,0,label
5516,0,label
5517,0,label
5518,0,label
5519,0,label
5520,0,label
5521,0,label
5522,0,label
5523,0,label
5524,0,label
5525,0,label
5526,0,label
5527,0,label
5528,0,label
5529,0,label
5530,0,label
5531,0,label
5532,0,label
5533,0,label
5534,0,label
5535,0,label
5536,0,label
5537,0,label
5538,0,label
5539,0,label
5540,0,label
5541,0,label
5542,0,label
5543,0,label
5544,0,label
5545,0,label
5546,0,label
5547,0,label
5548,0,label
5549,0,label
5550,0,label
5551,0,label
5552,0,label
5553,0,label
5554,0,label
5555,0,label
5556,0,label
5557,0,label
5558,0,label
5559,0,label
5560,0,label
5561,0,label
5562,0,label
5563,0,label
5564,0,label
5565,0,label
5566,0,label
5567,0,label
5568,0,label
5569,0,label
5570,0,label
5571,0,label
5572,0,label
5573,0,label
5574,0,label
5575,0,label
5576,0,label
5577,0,label
5578,0,label
5579,0,label
5580,0,label
5581,0,label
5582,0,label
5583,0,label
5584,0,label
5585,0,label
5586,0,label
5587,0,label
5588,0,label
5589,0,label
5590,0,label
5591,0,label
5592,0,label
5593,0,label
5594,0,label
5595,0,label
5596,0,label
5597,0,label
5598,0,label
5599,0,label
5600,0,label
5601,0,label
5602,0,label
5603,0,label
5604,0,label
5605,0,label
5606,0,label
5607,0,label
5608,0,label
5609,0,label
5610,0,label
5611,0,label
5612,0,label
5613,0,label
5614,0,label
5615,0,label
5616,0,label
5617,0,label
5618,0,label
5619,0,label
5620,0,label
5621,0,label
5622,0,label
5623,0,label
5624,0,label
5625,0,label
5626,0,label
5627,0,label
5628,0,label
5629,0,label
5630,0,label
5631,0,label
5632,0,label
5633,0,label
5634,0,label
5635,0,label
5636,0,label
5637,0,label
5638,0,label
5639,0,label
5640,0,label
5641,0,label
5642,0,label
5643,0,label
5644,0,label
5645,0,label
5646,0,label
5647,0,label
5648,0,label
5649,0,label
5650,0,label
5651,0,label
5652,0,label
5653,0,label
5654,0,label
5655,0,label
5656,0,label
5657,0,label
5658,0,label
5659,0,label
5660,0,label
5661,0,label
5662,0,label
5663,0,label
5664,0,label
5665,0,label
5666,0,label
5667,0,label
5668,0,label
5669,0,label
5670,0,label
5671,0,label
5672,0,label
5673,0,label
5674,0,label
5675,0,label
5676,0,label
5677,0,label
5678,0,label
5679,0,label
5680,0,label
5681,0,label
5682,0,label
5683,0,label
5684,0,label
5685,0,label
5686,0,label
5687,0,label
5688,0,label
5689,0,label
5690,0,label
5691,0,label
5692,0,label
5693,0,label
5694,0,label
5695,0,label
5696,0,label
5697,0,label
5698,0,label
5699,0,label
5700,0,label
5701,0,label
5702,0,label
5703,0,label
5704,0,label
5705,0,label
5706,0,label
5707,0,label
5708,0,label
5709,0,label
5710,0,label
5711,0,label
5712,0,label
5713,0,label
5714,0,label
5715,0,label
5716,0,label
5717,0,label
5718,0,label
5719,0,label
5720,0,label
5721,0,label
5722,0,label
5723,0,label
5724,0,label
5725,0,label
5726,0,label
5727,0,label
5728,0,label
5729,0,label
5730,0,label
5731,0,label
5732,0,label
5733,0,label
5734,0,label
5735,0,label
5736,0,label
5737,0,label
5738,0,label
5739,0,label
5740,0,label
5741,0,label
5742,0,label
5743,0,label
5744,0,label
5745,0,label
5746,0,label
5747,0,label
5748,0,label
5749,0,label
5750,0,label
5751,0,label
5752,0,label
5753,0,label
5754,0,label
5755,0,label
5756,0,label
5757,0,label
5758,0,label
5759,0,label
5760,0,label
5761,0,label
5762,0,label
5763,0,label
5764,0,label
5765,0,label
5766,0,label
5767,0,label
5768,0,label
5769,0,label
5770,0,label
5771,0,label
5772,0,label
5773,0,label
5774,0,label
5775,0,label
5776,0,label
5777,0,label
5778,0,label
5779,0,label
5780,0,label
5781,0,label
5782,0,label
5783,0,label
5784,0,label
5785,0,label
5786,0,label
5787,0,label
5788,0,label
5789,0,label
5790,0,label
5791,0,label
5792,0,label
5793,0,label
5794,0,label
5795,0,label
5796,0,label
5797,0,label
5798,0,label
5799,0,label
5800,0,label
5801,0,label
5802,0,label
5803,0,label
5804,0,label
5805,0,label
5806,0,label
5807,0,label
5808,0,label
5809,0,label
5810,0,label
5811,0,label
5812,0,label
5813,0,label
5814,0,label
5815,0,label
5816,0,label
5817,0,label
5818,0,label
5819,0,label
5820,0,label
5821,0,label
5822,0,label
5823,0,label
5824,0,label
5825,0,label
5826,0,label
5827,0,label
5828,0,label
5829,0,label
5830,0,label
5831,0,label
5832,0,label
5833,0,label
5834,0,label
5835,0,label
5836,0,label
5837,0,label
5838,0,label
5839,0,label
5840,0,label
5841,0,label
5842,0,label
5843,0,label
5844,0,label
5845,0,label
5846,0,label
5847,0,label
5848,0,label
5849,0,label
5850,0,label
5851,0,label
5852,0,label
5853,0,label
5854,0,label
5855,0,label
5856,0,label
5857,0,label
5858,0,label
5859,0,label
5860,0,label
5861,0,label
5862,0,label
5863,0,label
5864,0,label
5865,0,label
5866,0,label
5867,0,label
5868,0,label
5869,0,label
5870,0,label
5871,0,label
5872,0,label
5873,0,label
5874,0,label
5875,0,label
5876,0,label
5877,0,label
5878,0,label
5879,0,label
5880,0,label
5881,0,label
5882,0,label
5883,0,label
5884,0,label
5885,0,label
5886,0,label
5887,0,label
5888,0,label
5889,0,label
5890,0,label
5891,0,label
5892,0,label
5893,0,label
5894,0,label
5895,0,label
5896,0,label
5897,0,label
5898,0,label
5899,0,label
5900,0,label
5901,0,label
5902,0,label
5903,0,label
5904,0,label
5905,0,label
5906,0,label
5907,0,label
5908,0,label
5909,0,label
5910,0,label
5911,0,label
5912,0,label
5913,0,label
5914,0,label
5915,0,label
5916,0,label
5917,0,label
5918,0,label
5919,0,label
5920,0,label
5921,0,label
5922,0,label
5923,0,label
5924,0,label
5925,0,label
5926,0,label
5927,0,label
5928,0,label
5929,0,label
5930,0,label
5931,0,label
5932,0,label
5933,0,label
5934,0,label
5935,0,label
5936,0,label
5937,0,label
5938,0,label
5939,0,label
5940,0,label
5941,0,label
5942,0,label
5943,0,label
5944,0,label
5945,0,label
5946,0,label
5947,0,label
5948,0,label
5949,0,label
5950,0,label
5951,0,label
5952,0,label
5953,0,label
5954,0,label
5955,0,label
5956,0,label
5957,0,label
5958,0,label
5959,0,label
5960,0,label
5961,0,label
5962,0,label
5963,0,label
5964,0,label
5965,0,label
5966,0,label
5967,0,label
5968,0,label
5969,0,label
5970,0,label
5971,0,label
5972,0,label
5973,0,label
5974,0,label
5975,0,label
5976,0,label
5977,0,label
5978,0,label
5979,0,label
5980,0,label
5981,0,label
5982,0,label
5983,0,label
5984,0,label
5985,0,label
5986,0,label
5987,0,label
5988,0,label
5989,0,label
5990,0,label
5991,0,label
5992,0,label
5993,0,label
5994,0,label
5995,0,label
5996,0,label
5997,0,label
5998,0,label
5999,0,label
6000,0,label
6001,0,label
6002,0,label
6003,0,label
6004,0,label
6005,0,label
6006,0,label
6007,0,label
6008,0,label
6009,0,label
6010,0,label
6011,0,label
6012,0,label
6013,0,label
6014,0,label
6015,0,label
6016,0,label
6017,0,label
6018,0,label
6019,0,label
6020,0,label
6021,0,label
6022,0,label
6023,0,label
6024,0,label
6025,0,label
6026,0,label
6027,0,label
6028,0,label
6029,0,label
6030,0,label
6031,0,label
6032,0,label
6033,0,label
6034,0,label
6035,0,label
6036,0,label
6037,0,label
6038,0,label
6039,0,label
6040,0,label
6041,0,label
6042,0,label
6043,0,label
6044,0,label
6045,0,label
6046,0,label
6047,0,label
6048,0,label
6049,0,label
6050,0,label
6051,0,label
6052,0,label
6053,0,label
6054,0,label
6055,0,label
6056,0,label
6057,0,label
6058,0,label
6059,0,label
6060,0,label
6061,0,label
6062,0,label
6063,0,label
6064,0,label
6065,0,label
6066,0,label
6067,0,label
6068,0,label
6069,0,label
6070,0,label
6071,0,label
6072,0,label
6073,0,label
6074,0,label
6075,0,label
6076,0,label
6077,0,label
6078,0,label
6079,0,label
6080,0,label
6081,0,label
6082,0,label
6083,0,label
6084,0,label
6085,0,label
6086,0,label
6087,0,label
6088,0,label
6089,0,label
6090,0,label
6091,0,label
6092,0,label
6093,0,label
6094,0,label
6095,0,label
6096,0,label
6097,0,label
6098,0,label
6099,0,label
6100,0,label
6101,0,label
6102,0,label
6103,0,label
6104,0,label
6105,0,label
6106,0,label
6107,0,label
6108,0,label
6109,0,label
6110,0,label
6111,0,label
6112,0,label
6113,0,label
6114,0,label
6115,0,label
6116,0,label
6117,0,label
6118,0,label
6119,0,label
6120,0,label
6121,0,label
6122,0,label
6123,0,label
6124,0,label
6125,0,label
6126,0,label
6127,0,label
6128,0,label
6129,0,label
6130,0,label
6131,0,label
6132,0,label
6133,0,label
6134,0,label
6135,0,label
6136,0,label
6137,0,label
6138,0,label
6139,0,label
6140,0,label
6141,0,label
6142,0,label
6143,0,label
6144,0,label
6145,0,label
6146,0,label
6147,0,label
6148,0,label
6149,0,label
6150,0,label
6151,0,label
6152,0,label
6153,0,label
6154,0,label
6155,0,label
6156,0,label
6157,0,label
6158,0,label
6159,0,label
6160,0,label
6161,0,label
6162,0,label
6163,0,label
6164,0,label
6165,0,label
6166,0,label
6167,0,label
6168,0,label
6169,0,label
6170,0,label
6171,0,label
6172,0,label
6173,0,label
6174,0,label
6175,0,label
6176,0,label
6177,0,label
6178,0,label
6179,0,label
6180,0,label
6181,0,label
6182,0,label
6183,0,label
6184,0,label
6185,0,label
6186,0,label
6187,0,label
6188,0,label
6189,0,label
6190,0,label
6191,0,label
6192,0,label
6193,0,label
6194,0,label
6195,0,label
6196,0,label
6197,0,label
6198,0,label
6199,0,label
6200,0,label
6201,0,label
6202,0,label
6203,0,label
6204,0,label
6205,0,label
6206,0,label
6207,0,label
6208,0,label
6209,0,label
6210,0,label
6211,0,label
6212,0,label
6213,0,label
6214,0,label
6215,0,label
6216,0,label
6217,0,label
6218,0,label
6219,0,label
6220,0,label
6221,0,label
6222,0,label
6223,0,label
6224,0,label
6225,0,label
6226,0,label
6227,0,label
6228,0,label
6229,0,label
6230,0,label
6231,0,label
6232,0,label
6233,0,label
6234,0,label
6235,0,label
6236,0,label
6237,0,label
6238,0,label
6239,0,label
6240,0,label
6241,0,label
6242,0,label
6243,0,label
6244,0,label
6245,0,label
6246,0,label
6247,0,label
6248,0,label
6249,0,label
6250,0,label
6251,0,label
6252,0,label
6253,0,label
6254,0,label
6255,0,label
6256,0,label
6257,0,label
6258,0,label
6259,0,label
6260,0,label
6261,0,label
6262,0,label
6263,0,label
6264,0,label
6265,0,label
6266,0,label
6267,0,label
6268,0,label
6269,0,label
6270,0,label
6271,0,label
6272,0,label
6273,0,label
6274,0,label
6275,0,label
6276,0,label
6277,0,label
6278,0,label
6279,0,label
6280,0,label
6281,0,label
6282,0,label
6283,0,label
6284,0,label
6285,0,label
6286,0,label
6287,0,label
6288,0,label
6289,0,label
6290,0,label
6291,0,label
6292,0,label
6293,0,label
6294,0,label
6295,0,label
6296,0,label
6297,0,label
6298,0,label
6299,0,label
6300,0,label
6301,0,label
6302,0,label
6303,0,label
6304,0,label
6305,0,label
6306,0,label
6307,0,label
6308,0,label
6309,0,label
6310,0,label
6311,0,label
6312,0,label
6313,0,label
6314,0,label
6315,0,label
6316,0,label
6317,0,label
6318,0,label
6319,0,label
6320,0,label
6321,0,label
6322,0,label
6323,0,label
6324,0,label
6325,0,label
6326,0,label
6327,0,label
6328,0,label
6329,0,label
6330,0,label
6331,0,label
6332,0,label
6333,0,label
6334,0,label
6335,0,label
6336,0,label
6337,0,label
6338,0,label
6339,0,label
6340,0,label
6341,0,label
6342,0,label
6343,0,label
6344,0,label
6345,0,label
6346,0,label
6347,0,label
6348,0,label
6349,0,label
6350,0,label
6351,0,label
6352,0,label
6353,0,label
6354,0,label
6355,0,label
6356,0,label
6357,0,label
6358,0,label
6359,0,label
6360,0,label
6361,0,label
6362,0,label
6363,0,label
6364,0,label
6365,0,label
6366,0,label
6367,0,label
6368,0,label
6369,0,label
6370,0,label
6371,0,label
6372,0,label
6373,0,label
6374,0,label
6375,0,label
6376,0,label
6377,0,label
6378,0,label
6379,0,label
6380,0,label
6381,0,label
6382,0,label
6383,0,label
6384,0,label
6385,0,label
6386,0,label
6387,0,label
6388,0,label
6389,0,label
6390,0,label
6391,0,label
6392,0,label
6393,0,label
6394,0,label
6395,0,label
6396,0,label
6397,0,label
6398,0,label
6399,0,label
6400,0,label
6401,0,label
6402,0,label
6403,0,label
6404,0,label
6405,0,label
6406,0,label
6407,0,label
6408,0,label
6409,0,label
6410,0,label
6411,0,label
6412,0,label
6413,0,label
6414,0,label
6415,0,label
6416,0,label
6417,0,label
6418,0,label
6419,0,label
6420,0,label
6421,0,label
6422,0,label
6423,0,label
6424,0,label
6425,0,label
6426,0,label
6427,0,label
6428,0,label
6429,0,label
6430,0,label
6431,0,label
6432,0,label
6433,0,label
6434,0,label
6435,0,label
6436,0,label
6437,0,label
6438,0,label
6439,0,label
6440,0,label
6441,0,label
6442,0,label
6443,0,label
6444,0,label
6445,0,label
6446,0,label
6447,0,label
6448,0,label
6449,0,label
6450,0,label
6451,0,label
6452,0,label
6453,0,label
6454,0,label
6455,0,label
6456,0,label
6457,0,label
6458,0,label
6459,0,label
6460,0,label
6461,0,label
6462,0,label
6463,0,label
6464,0,label
6465,0,label
6466,0,label
6467,0,label
6468,0,label
6469,0,label
6470,0,label
6471,0,label
6472,0,label
6473,0,label
6474,0,label
6475,0,label
6476,0,label
6477,0,label
6478,0,label
6479,0,label
6480,0,label
6481,0,label
6482,0,label
6483,0,label
6484,0,label
6485,0,label
6486,0,label
6487,0,label
6488,0,label
6489,0,label
6490,0,label
6491,0,label
6492,0,label
6493,0,label
6494,0,label
6495,0,label
6496,0,label
6497,0,label
6498,0,label
6499,0,label
6500,0,label
6501,0,label
6502,0,label
6503,0,label
6504,0,label
6505,0,label
6506,0,label
6507,0,label
6508,0,label
6509,0,label
6510,0,label
6511,0,label
6512,0,label
6513,0,label
6514,0,label
6515,0,label
6516,0,label
6517,0,label
6518,0,label
6519,0,label
6520,0,label
6521,0,label
6522,0,label
6523,0,label
6524,0,label
6525,0,label
6526,0,label
6527,0,label
6528,0,label
6529,0,label
6530,0,label
6531,0,label
6532,0,label
6533,0,label
6534,0,label
6535,0,label
6536,0,label
6537,0,label
6538,0,label
6539,0,label
6540,0,label
6541,0,label
6542,0,label
6543,0,label
6544,0,label
6545,0,label
6546,0,label
6547,0,label
6548,0,label
6549,0,label
6550,0,label
6551,0,label
6552,0,label
6553,0,label
6554,0,label
6555,0,label
6556,0,label
6557,0,label
6558,0,label
6559,0,label
6560,0,label
6561,0,label
6562,0,label
6563,0,label
6564,0,label
6565,0,label
6566,0,label
6567,0,label
6568,0,label
6569,0,label
6570,0,label
6571,0,label
6572,0,label
6573,0,label
6574,0,label
6575,0,label
6576,0,label
6577,0,label
6578,0,label
6579,0,label
6580,0,label
6581,0,label
6582,0,label
6583,0,label
6584,0,label
6585,0,label
6586,0,label
6587,0,label
6588,0,label
6589,0,label
6590,0,label
6591,0,label
6592,0,label
6593,0,label
6594,0,label
6595,0,label
6596,0,label
6597,0,label
6598,0,label
6599,0,label
6600,0,label
6601,0,label
6602,0,label
6603,0,label
6604,0,label
6605,0,label
6606,0,label
6607,0,label
6608,0,label
6609,0,label
6610,0,label
6611,0,label
6612,0,label
6613,0,label
6614,0,label
6615,0,label
6616,0,label
6617,0,label
6618,0,label
6619,0,label
6620,0,label
6621,0,label
6622,0,label
6623,0,label
6624,0,label
6625,0,label
6626,0,label
6627,0,label
6628,0,label
6629,0,label
6630,0,label
6631,0,label
6632,0,label
6633,0,label
6634,0,label
6635,0,label
6636,0,label
6637,0,label
6638,0,label
6639,0,label
6640,0,label
6641,0,label
6642,0,label
6643,0,label
6644,0,label
6645,0,label
6646,0,label
6647,0,label
6648,0,label
6649,0,label
6650,0,label
6651,0,label
6652,0,label
6653,0,label
6654,0,label
6655,0,label
6656,0,label
6657,0,label
6658,0,label
6659,0,label
6660,0,label
6661,0,label
6662,0,label
6663,0,label
6664,0,label
6665,0,label
6666,0,label
6667,0,label
6668,0,label
6669,0,label
6670,0,label
6671,0,label
6672,0,label
6673,0,label
6674,0,label
6675,0,label
6676,0,label
6677,0,label
6678,0,label
6679,0,label
6680,0,label
6681,0,label
6682,0,label
6683,0,label
6684,0,label
6685,0,label
6686,0,label
6687,0,label
6688,0,label
6689,0,label
6690,0,label
6691,0,label
6692,0,label
6693,0,label
6694,0,label
6695,0,label
6696,0,label
6697,0,label
6698,0,label
6699,0,label
6700,0,label
6701,0,label
6702,0,label
6703,0,label
6704,0,label
6705,0,label
6706,0,label
6707,0,label
6708,0,label
6709,0,label
6710,0,label
6711,0,label
6712,0,label
6713,0,label
6714,0,label
6715,0,label
6716,0,label
6717,0,label
6718,0,label
6719,0,label
6720,0,label
6721,0,label
6722,0,label
6723,0,label
6724,0,label
6725,0,label
6726,0,label
6727,0,label
6728,0,label
6729,0,label
6730,0,label
6731,0,label
6732,0,label
6733,0,label
6734,0,label
6735,0,label
6736,0,label
6737,0,label
6738,0,label
6739,0,label
6740,0,label
6741,0,label
6742,0,label
6743,0,label
6744,0,label
6745,0,label
6746,0,label
6747,0,label
6748,0,label
6749,0,label
6750,0,label
6751,0,label
6752,0,label
6753,0,label
6754,0,label
6755,0,label
6756,0,label
6757,0,label
6758,0,label
6759,0,label
6760,0,label
6761,0,label
6762,0,label
6763,0,label
6764,0,label
6765,0,label
6766,0,label
6767,0,label
6768,0,label
6769,0,label
6770,0,label
6771,0,label
6772,0,label
6773,0,label
6774,0,label
6775,0,label
6776,0,label
6777,0,label
6778,0,label
6779,0,label
6780,0,label
6781,0,label
6782,0,label
6783,0,label
6784,0,label
6785,0,label
6786,0,label
6787,0,label
6788,0,label
6789,0,label
6790,0,label
6791,0,label
6792,0,label
6793,0,label
6794,0,label
6795,0,label
6796,0,label
6797,0,label
6798,0,label
6799,0,label
6800,0,label
6801,0,label
6802,0,label
6803,0,label
6804,0,label
6805,0,label
6806,0,label
6807,0,label
6808,0,label
6809,0,label
6810,0,label
6811,0,label
6812,0,label
6813,0,label
6814,0,label
6815,0,label
6816,0,label
6817,0,label
6818,0,label
6819,0,label
6820,0,label
6821,0,label
6822,0,label
6823,0,label
6824,0,label
6825,0,label
6826,0,label
6827,0,label
6828,0,label
6829,0,label
6830,0,label
6831,0,label
6832,0,label
6833,0,label
6834,0,label
6835,0,label
6836,0,label
6837,0,label
6838,0,label
6839,0,label
6840,0,label
6841,0,label
6842,0,label
6843,0,label
6844,0,label
6845,0,label
6846,0,label
6847,0,label
6848,0,label
6849,0,label
6850,0,label
6851,0,label
6852,0,label
6853,0,label
6854,0,label
6855,0,label
6856,0,label
6857,0,label
6858,0,label
6859,0,label
6860,0,label
6861,0,label
6862,0,label
6863,0,label
6864,0,label
6865,0,label
6866,0,label
6867,0,label
6868,0,label
6869,0,label
6870,0,label
6871,0,label
6872,0,label
6873,0,label
6874,0,label
6875,0,label
6876,0,label
6877,0,label
6878,0,label
6879,0,label
6880,0,label
6881,0,label
6882,0,label
6883,0,label
6884,0,label
6885,0,label
6886,0,label
6887,0,label
6888,0,label
6889,0,label
6890,0,label
6891,0,label
6892,0,label
6893,0,label
6894,0,label
6895,0,label
6896,0,label
6897,0,label
6898,0,label
6899,0,label
6900,0,label
6901,0,label
6902,0,label
6903,0,label
6904,0,label
6905,0,label
6906,0,label
6907,0,label
6908,0,label
6909,0,label
6910,0,label
6911,0,label
6912,0,label
6913,0,label
6914,0,label
6915,0,label
6916,0,label
6917,0,label
6918,0,label
6919,0,label
6920,0,label
6921,0,label
6922,0,label
6923,0,label
6924,0,label
6925,0,label
6926,0,label
6927,0,label
6928,0,label
6929,0,label
6930,0,label
6931,0,label
6932,0,label
6933,0,label
6934,0,label
6935,0,label
6936,0,label
6937,0,label
6938,0,label
6939,0,label
6940,0,label
6941,0,label
6942,0,label
6943,0,label
6944,0,label
6945,0,label
6946,0,label
6947,0,label
6948,0,label
6949,0,label
6950,0,label
6951,0,label
6952,0,label
6953,0,label
6954,0,label
6955,0,label
6956,0,label
6957,0,label
6958,0,label
6959,0,label
6960,0,label
6961,0,label
6962,0,label
6963,0,label
6964,0,label
6965,0,label
6966,0,label
6967,0,label
6968,0,label
6969,0,label
6970,0,label
6971,0,label
6972,0,label
6973,0,label
6974,0,label
6975,0,label
6976,0,label
6977,0,label
6978,0,label
6979,0,label
6980,0,label
6981,0,label
6982,0,label
6983,0,label
6984,0,label
6985,0,label
6986,0,label
6987,0,label
6988,0,label
6989,0,label
6990,0,label
6991,0,label
6992,0,label
6993,0,label
6994,0,label
6995,0,label
6996,0,label
6997,0,label
6998,0,label
6999,0,label
7000,0,label
7001,0,label
7002,0,label
7003,0,label
7004,0,label
7005,0,label
7006,0,label
7007,0,label
7008,0,label
7009,0,label
7010,0,label
7011,0,label
7012,0,label
7013,0,label
7014,0,label
7015,0,label
7016,0,label
7017,0,label
7018,0,label
7019,0,label
7020,0,label
7021,0,label
7022,0,label
7023,0,label
7024,0,label
7025,0,label
7026,0,label
7027,0,label
7028,0,label
7029,0,label
7030,0,label
7031,0,label
7032,0,label
7033,0,label
7034,0,label
7035,0,label
7036,0,label
7037,0,label
7038,0,label
7039,0,label
7040,0,label
7041,0,label
7042,0,label
7043,0,label
7044,0,label
7045,0,label
7046,0,label
7047,0,label
7048,0,label
7049,0,label
7050,0,label
7051,0,label
7052,0,label
7053,0,label
7054,0,label
7055,0,label
7056,0,label
7057,0,label
7058,0,label
7059,0,label
7060,0,label
7061,0,label
7062,0,label
7063,0,label
7064,0,label
7065,0,label
7066,0,label
7067,0,label
7068,0,label
7069,0,label
7070,0,label
7071,0,label
7072,0,label
7073,0,label
7074,0,label
7075,0,label
7076,0,label
7077,0,label
7078,0,label
7079,0,label
7080,0,label
7081,0,label
7082,0,label
7083,0,label
7084,0,label
7085,0,label
7086,0,label
7087,0,label
7088,0,label
7089,0,label
7090,0,label
7091,0,label
7092,0,label
7093,0,label
7094,0,label
7095,0,label
7096,0,label
7097,0,label
7098,0,label
7099,0,label
7100,0,label
7101,0,label
7102,0,label
7103,0,label
7104,0,label
7105,0,label
7106,0,label
7107,0,label
7108,0,label
7109,0,label
7110,0,label
7111,0,label
7112,0,label
7113,0,label
7114,0,label
7115,0,label
7116,0,label
7117,0,label
7118,0,label
7119,0,label
7120,0,label
7121,0,label
7122,0,label
7123,0,label
7124,0,label
7125,0,label
7126,0,label
7127,0,label
7128,0,label
7129,0,label
7130,0,label
7131,0,label
7132,0,label
7133,0,label
7134,0,label
7135,0,label
7136,0,label
7137,0,label
7138,0,label
7139,0,label
7140,0,label
7141,0,label
7142,0,label
7143,0,label
7144,0,label
7145,0,label
7146,0,label
7147,0,label
7148,0,label
7149,0,label
7150,0,label
7151,0,label
7152,0,label
7153,0,label
7154,0,label
7155,0,label
7156,0,label
7157,0,label
7158,0,label
7159,0,label
7160,0,label
7161,0,label
7162,0,label
7163,0,label
7164,0,label
7165,0,label
7166,0,label
7167,0,label
7168,0,label
7169,0,label
7170,0,label
7171,0,label
7172,0,label
7173,0,label
7174,0,label
7175,0,label
7176,0,label
7177,0,label
7178,0,label
7179,0,label
7180,0,label
7181,0,label
7182,0,label
7183,0,label
7184,0,label
7185,0,label
7186,0,label
7187,0,label
7188,0,label
7189,0,label
7190,0,label
7191,0,label
7192,0,label
7193,0,label
7194,0,label
7195,0,label
7196,0,label
7197,0,label
7198,0,label
7199,0,label
7200,0,label
7201,0,label
7202,0,label
7203,0,label
7204,0,label
7205,0,label
7206,0,label
7207,0,label
7208,0,label
7209,0,label
7210,0,label
7211,0,label
7212,0,label
7213,0,label
7214,0,label
7215,0,label
7216,0,label
7217,0,label
7218,0,label
7219,0,label
7220,0,label
7221,0,label
7222,0,label
7223,0,label
7224,0,label
7225,0,label
7226,0,label
7227,0,label
7228,0,label
7229,0,label
7230,0,label
7231,0,label
7232,0,label
7233,0,label
7234,0,label
7235,0,label
7236,0,label
7237,0,label
7238,0,label
7239,0,label
7240,0,label
7241,0,label
7242,0,label
7243,0,label
7244,0,label
7245,0,label
7246,0,label
7247,0,label
7248,0,label
7249,0,label
7250,0,label
7251,0,label
7252,0,label
7253,0,label
7254,0,label
7255,0,label
7256,0,label
7257,0,label
7258,0,label
7259,0,label
7260,0,label
7261,0,label
7262,0,label
7263,0,label
7264,0,label
7265,0,label
7266,0,label
7267,0,label
7268,0,label
7269,0,label
7270,0,label
7271,0,label
7272,0,label
7273,0,label
7274,0,label
7275,0,label
7276,0,label
7277,0,label
7278,0,label
7279,0,label
7280,0,label
7281,0,label
7282,0,label
7283,0,label
7284,0,label
7285,0,label
7286,0,label
7287,0,label
7288,0,label
7289,0,label
7290,0,label
7291,0,label
7292,0,label
7293,0,label
7294,0,label
7295,0,label
7296,0,label
7297,0,label
7298,0,label
7299,0,label
7300,0,label
7301,0,label
7302,0,label
7303,0,label
7304,0,label
7305,0,label
7306,0,label
7307,0,label
7308,0,label
7309,0,label
7310,0,label
7311,0,label
7312,0,label
7313,0,label
7314,0,label
7315,0,label
7316,0,label
7317,0,label
7318,0,label
7319,0,label
7320,0,label
7321,0,label
7322,0,label
7323,0,label
7324,0,label
7325,0,label
7326,0,label
7327,0,label
7328,0,label
7329,0,label
7330,0,label
7331,0,label
7332,0,label
7333,0,label
7334,0,label
7335,0,label
7336,0,label
7337,0,label
7338,0,label
7339,0,label
7340,0,label
7341,0,label
7342,0,label
7343,0,label
7344,0,label
7345,0,label
7346,0,label
7347,0,label
7348,0,label
7349,0,label
7350,0,label
7351,0,label
7352,0,label
7353,0,label
7354,0,label
7355,0,label
7356,0,label
7357,0,label
7358,0,label
7359,0,label
7360,0,label
7361,0,label
7362,0,label
7363,0,label
7364,0,label
7365,0,label
7366,0,label
7367,0,label
7368,0,label
7369,0,label
7370,0,label
7371,0,label
7372,0,label
7373,0,label
7374,0,label
7375,0,label
7376,0,label
7377,0,label
7378,0,label
7379,0,label
7380,0,label
7381,0,label
7382,0,label
7383,0,label
7384,0,label
7385,0,label
7386,0,label
7387,0,label
7388,0,label
7389,0,label
7390,0,label
7391,0,label
7392,0,label
7393,0,label
7394,0,label
7395,0,label
7396,0,label
7397,0,label
7398,0,label
7399,0,label
7400,0,label
7401,0,label
7402,0,label
7403,0,label
7404,0,label
7405,0,label
7406,0,label
7407,0,label
7408,0,label
7409,0,label
7410,0,label
7411,0,label
7412,0,label
7413,0,label
7414,0,label
7415,0,label
7416,0,label
7417,0,label
7418,0,label
7419,0,label
7420,0,label
7421,0,label
7422,0,label
7423,0,label
7424,0,label
7425,0,label
7426,0,label
7427,0,label
7428,0,label
7429,0,label
7430,0,label
7431,0,label
7432,0,label
7433,0,label
7434,0,label
7435,0,label
7436,0,label
7437,0,label
7438,0,label
7439,0,label
7440,0,label
7441,0,label
7442,0,label
7443,0,label
7444,0,label
7445,0,label
7446,0,label
7447,0,label
7448,0,label
7449,0,label
7450,0,label
7451,0,label
7452,0,label
7453,0,label
7454,0,label
7455,0,label
7456,0,label
7457,0,label
7458,0,label
7459,0,label
7460,0,label
7461,0,label
7462,0,label
7463,0,label
7464,0,label
7465,0,label
7466,0,label
7467,0,label
7468,0,label
7469,0,label
7470,0,label
7471,0,label
7472,0,label
7473,0,label
7474,0,label
7475,0,label
7476,0,label
7477,0,label
7478,0,label
7479,0,label
7480,0,label
7481,0,label
7482,0,label
7483,0,label
7484,0,label
7485,0,label
7486,0,label
7487,0,label
7488,0,label
7489,0,label
7490,0,label
7491,0,label
7492,0,label
7493,0,label
7494,0,label
7495,0,label
7496,0,label
7497,0,label
7498,0,label
7499,0,label
7500,0,label
7501,0,label
7502,0,label
7503,0,label
7504,0,label
7505,0,label
7506,0,label
7507,0,label
7508,0,label
7509,0,label
7510,0,label
7511,0,label
7512,0,label
7513,0,label
7514,0,label
7515,0,label
7516,0,label
7517,0,label
7518,0,label
7519,0,label
7520,0,label
7521,0,label
7522,0,label
7523,0,label
7524,0,label
7525,0,label
7526,0,label
7527,0,label
7528,0,label
7529,0,label
7530,0,label
7531,0,label
7532,0,label
7533,0,label
7534,0,label
7535,0,label
7536,0,label
7537,0,label
7538,0,label
7539,0,label
7540,0,label
7541,0,label
7542,0,label
7543,0,label
7544,0,label
7545,0,label
7546,0,label
7547,0,label
7548,0,label
7549,0,label
7550,0,label
7551,0,label
7552,0,label
7553,0,label
7554,0,label
7555,0,label
7556,0,label
7557,0,label
7558,0,label
7559,0,label
7560,0,label
7561,0,label
7562,0,label
7563,0,label
7564,0,label
7565,0,label
7566,0,label
7567,0,label
7568,0,label
7569,0,label
7570,0,label
7571,0,label
7572,0,label
7573,0,label
7574,0,label
7575,0,label
7576,0,label
7577,0,label
7578,0,label
7579,0,label
7580,0,label
7581,0,label
7582,0,label
7583,0,label
7584,0,label
7585,0,label
7586,0,label
7587,0,label
7588,0,label
7589,0,label
7590,0,label
7591,0,label
7592,0,label
7593,0,label
7594,0,label
7595,0,label
7596,0,label
7597,0,label
7598,0,label
7599,0,label
7600,0,label
7601,0,label
7602,0,label
7603,0,label
7604,0,label
7605,0,label
7606,0,label
7607,0,label
7608,0,label
7609,0,label
7610,0,label
7611,0,label
7612,0,label
7613,0,label
7614,0,label
7615,0,label
7616,0,label
7617,0,label
7618,0,label
7619,0,label
7620,0,label
7621,0,label
7622,0,label
7623,0,label
7624,0,label
7625,0,label
7626,0,label
7627,0,label
7628,0,label
7629,0,label
7630,0,label
7631,0,label
7632,0,label
7633,0,label
7634,0,label
7635,0,label
7636,0,label
7637,0,label
7638,0,label
7639,0,label
7640,0,label
7641,0,label
7642,0,label
7643,0,label
7644,0,label
7645,0,label
7646,0,label
7647,0,label
7648,0,label
7649,0,label
7650,0,label
7651,0,label
7652,0,label
7653,0,label
7654,0,label
7655,0,label
7656,0,label
7657,0,label
7658,0,label
7659,0,label
7660,0,label
7661,0,label
7662,0,label
7663,0,label
7664,0,label
7665,0,label
7666,0,label
7667,0,label
7668,0,label
7669,0,label
7670,0,label
7671,0,label
7672,0,label
7673,0,label
7674,0,label
7675,0,label
7676,0,label
7677,0,label
7678,0,label
7679,0,label
7680,0,label
7681,0,label
7682,0,label
7683,0,label
7684,0,label
7685,0,label
7686,0,label
7687,0,label
7688,0,label
7689,0,label
7690,0,label
7691,0,label
7692,0,label
7693,0,label
7694,0,label
7695,0,label
7696,0,label
7697,0,label
7698,0,label
7699,0,label
7700,0,label
7701,0,label
7702,0,label
7703,0,label
7704,0,label
7705,0,label
7706,0,label
7707,0,label
7708,0,label
7709,0,label
7710,0,label
7711,0,label
7712,0,label
7713,0,label
7714,0,label
7715,0,label
7716,0,label
7717,0,label
7718,0,label
7719,0,label
7720,0,label
7721,0,label
7722,0,label
7723,0,label
7724,0,label
7725,0,label
7726,0,label
7727,0,label
7728,0,label
7729,0,label
7730,0,label
7731,0,label
7732,0,label
7733,0,label
7734,0,label
7735,0,label
7736,0,label
7737,0,label
7738,0,label
7739,0,label
7740,0,label
7741,0,label
7742,0,label
7743,0,label
7744,0,label
7745,0,label
7746,0,label
7747,0,label
7748,0,label
7749,0,label
7750,0,label
7751,0,label
7752,0,label
7753,0,label
7754,0,label
7755,0,label
7756,0,label
7757,0,label
7758,0,label
7759,0,label
7760,0,label
7761,0,label
7762,0,label
7763,0,label
7764,0,label
7765,0,label
7766,0,label
7767,0,label
7768,0,label
7769,0,label
7770,0,label
7771,0,label
7772,0,label
7773,0,label
7774,0,label
7775,0,label
7776,0,label
7777,0,label
7778,0,label
7779,0,label
7780,0,label
7781,0,label
7782,0,label
7783,0,label
7784,0,label
7785,0,label
7786,0,label
7787,0,label
7788,0,label
7789,0,label
7790,0,label
7791,0,label
7792,0,label
7793,0,label
7794,0,label
7795,0,label
7796,0,label
7797,0,label
7798,0,label
7799,0,label
7800,0,label
7801,0,label
7802,0,label
7803,0,label
7804,0,label
7805,0,label
7806,0,label
7807,0,label
7808,0,label
7809,0,label
7810,0,label
7811,0,label
7812,0,label
7813,0,label
7814,0,label
7815,0,label
7816,0,label
7817,0,label
7818,0,label
7819,0,label
7820,0,label
7821,0,label
7822,0,label
7823,0,label
7824,0,label
7825,0,label
7826,0,label
7827,0,label
7828,0,label
7829,0,label
7830,0,label
7831,0,label
7832,0,label
7833,0,label
7834,0,label
7835,0,label
7836,0,label
7837,0,label
7838,0,label
7839,0,label
7840,0,label
7841,0,label
7842,0,label
7843,0,label
7844,0,label
7845,0,label
7846,0,label
7847,0,label
7848,0,label
7849,0,label
7850,0,label
7851,0,label
7852,0,label
7853,0,label
7854,0,label
7855,0,label
7856,0,label
7857,0,label
7858,0,label
7859,0,label
7860,0,label
7861,0,label
7862,0,label
7863,0,label
7864,0,label
7865,0,label
7866,0,label
7867,0,label
7868,0,label
7869,0,label
7870,0,label
7871,0,label
7872,0,label
7873,0,label
7874,0,label
7875,0,label
7876,0,label
7877,0,label
7878,0,label
7879,0,label
7880,0,label
7881,0,label
7882,0,label
7883,0,label
7884,0,label
7885,0,label
7886,0,label
7887,0,label
7888,0,label
7889,0,label
7890,0,label
7891,0,label
7892,0,label
7893,0,label
7894,0,label
7895,0,label
7896,0,label
7897,0,label
7898,0,label
7899,0,label
7900,0,label
7901,0,label
7902,0,label
7903,0,label
7904,0,label
7905,0,label
7906,0,label
7907,0,label
7908,0,label
7909,0,label
7910,0,label
7911,0,label
7912,0,label
7913,0,label
7914,0,label
7915,0,label
7916,0,label
7917,0,label
7918,0,label
7919,0,label
7920,0,label
7921,0,label
7922,0,label
7923,0,label
7924,0,label
7925,0,label
7926,0,label
7927,0,label
7928,0,label
7929,0,label
7930,0,label
7931,0,label
7932,0,label
7933,0,label
7934,0,label
7935,0,label
7936,0,label
7937,0,label
7938,0,label
7939,0,label
7940,0,label
7941,0,label
7942,0,label
7943,0,label
7944,0,label
7945,0,label
7946,0,label
7947,0,label
7948,0,label
7949,0,label
7950,0,label
7951,0,label
7952,0,label
7953,0,label
7954,0,label
7955,0,label
7956,0,label
7957,0,label
7958,0,label
7959,0,label
7960,0,label
7961,0,label
7962,0,label
7963,0,label
7964,0,label
7965,0,label
7966,0,label
7967,0,label
7968,0,label
7969,0,label
7970,0,label
7971,0,label
7972,0,label
7973,0,label
7974,0,label
7975,0,label
7976,0,label
7977,0,label
7978,0,label
7979,0,label
7980,0,label
7981,0,label
7982,0,label
7983,0,label
7984,0,label
7985,0,label
7986,0,label
7987,0,label
7988,0,label
7989,0,label
7990,0,label
7991,0,label
7992,0,label
7993,0,label
7994,0,label
7995,0,label
7996,0,label
7997,0,label
7998,0,label
7999,0,label
8000,0,label
8001,0,label
8002,0,label
8003,0,label
8004,0,label
8005,0,label
8006,0,label
8007,0,label
8008,0,label
8009,0,label
8010,0,label
8011,0,label
8012,0,label
8013,0,label
8014,0,label
8015,0,label
8016,0,label
8017,0,label
8018,0,label
8019,0,label
8020,0,label
8021,0,label
8022,0,label
8023,0,label
8024,0,label
8025,0,label
8026,0,label
8027,0,label
8028,0,label
8029,0,label
8030,0,label
8031,0,label
8032,0,label
8033,0,label
8034,0,label
8035,0,label
8036,0,label
8037,0,label
8038,0,label
8039,0,label
8040,0,label
8041,0,label
8042,0,label
8043,0,label
8044,0,label
8045,0,label
8046,0,label
8047,0,label
8048,0,label
8049,0,label
8050,0,label
8051,0,label
8052,0,label
8053,0,label
8054,0,label
8055,0,label
8056,0,label
8057,0,label
8058,0,label
8059,0,label
8060,0,label
8061,0,label
8062,0,label
8063,0,label
8064,0,label
8065,0,label
8066,0,label
8067,0,label
8068,0,label
8069,0,label
8070,0,label
8071,0,label
8072,0,label
8073,0,label
8074,0,label
8075,0,label
8076,0,label
8077,0,label
8078,0,label
8079,0,label
8080,0,label
8081,0,label
8082,0,label
8083,0,label
8084,0,label
8085,0,label
8086,0,label
8087,0,label
8088,0,label
8089,0,label
8090,0,label
8091,0,label
8092,0,label
8093,0,label
8094,0,label
8095,0,label
8096,0,label
8097,0,label
8098,0,label
8099,0,label
8100,0,label
8101,0,label
8102,0,label
8103,0,label
8104,0,label
8105,0,label
8106,0,label
8107,0,label
8108,0,label
8109,0,label
8110,0,label
8111,0,label
8112,0,label
8113,0,label
8114,0,label
8115,0,label
8116,0,label
8117,0,label
8118,0,label
8119,0,label
8120,0,label
8121,0,label
8122,0,label
8123,0,label
8124,0,label
8125,0,label
8126,0,label
8127,0,label
8128,0,label
8129,0,label
8130,0,label
8131,0,label
8132,0,label
8133,0,label
8134,0,label
8135,0,label
8136,0,label
8137,0,label
8138,0,label
8139,0,label
8140,0,label
8141,0,label
8142,0,label
8143,0,label
8144,0,label
8145,0,label
8146,0,label
8147,0,label
8148,0,label
8149,0,label
8150,0,label
8151,0,label
8152,0,label
8153,0,label
8154,0,label
8155,0,label
8156,0,label
8157,0,label
8158,0,label
8159,0,label
8160,0,label
8161,0,label
8162,0,label
8163,0,label
8164,0,label
8165,0,label
8166,0,label
8167,0,label
8168,0,label
8169,0,label
8170,0,label
8171,0,label
8172,0,label
8173,0,label
8174,0,label
8175,0,label
8176,0,label
8177,0,label
8178,0,label
8179,0,label
8180,0,label
8181,0,label
8182,0,label
8183,0,label
8184,0,label
8185,0,label
8186,0,label
8187,0,label
8188,0,label
8189,0,label
8190,0,label
8191,0,label
8192,0,label
8193,0,label
8194,0,label
8195,0,label
8196,0,label
8197,0,label
8198,0,label
8199,0,label
8200,0,label
8201,0,label
8202,0,label
8203,0,label
8204,0,label
8205,0,label
8206,0,label
8207,0,label
8208,0,label
8209,0,label
8210,0,label
8211,0,label
8212,0,label
8213,0,label
8214,0,label
8215,0,label
8216,0,label
8217,0,label
8218,0,label
8219,0,label
8220,0,label
8221,0,label
8222,0,label
8223,0,label
8224,0,label
8225,0,label
8226,0,label
8227,0,label
8228,0,label
8229,0,label
8230,0,label
8231,0,label
8232,0,label
8233,0,label
8234,0,label
8235,0,label
8236,0,label
8237,0,label
8238,0,label
8239,0,label
8240,0,label
8241,0,label
8242,0,label
8243,0,label
8244,0,label
8245,0,label
8246,0,label
8247,0,label
8248,0,label
8249,0,label
8250,0,label
8251,0,label
8252,0,label
8253,0,label
8254,0,label
8255,0,label
8256,0,label
8257,0,label
8258,0,label
8259,0,label
8260,0,label
8261,0,label
8262,0,label
8263,0,label
8264,0,label
8265,0,label
8266,0,label
8267,0,label
8268,0,label
8269,0,label
8270,0,label
8271,0,label
8272,0,label
8273,0,label
8274,0,label
8275,0,label
8276,0,label
8277,0,label
8278,0,label
8279,0,label
8280,0,label
8281,0,label
8282,0,label
8283,0,label
8284,0,label
8285,0,label
8286,0,label
8287,0,label
8288,0,label
8289,0,label
8290,0,label
8291,0,label
8292,0,label
8293,0,label
8294,0,label
8295,0,label
8296,0,label
8297,0,label
8298,0,label
8299,0,label
8300,0,label
8301,0,label
8302,0,label
8303,0,label
8304,0,label
8305,0,label
8306,0,label
8307,0,label
8308,0,label
8309,0,label
8310,0,label
8311,0,label
8312,0,label
8313,0,label
8314,0,label
8315,0,label
8316,0,label
8317,0,label
8318,0,label
8319,0,label
8320,0,label
8321,0,label
8322,0,label
8323,0,label
8324,0,label
8325,0,label
8326,0,label
8327,0,label
8328,0,label
8329,0,label
8330,0,label
8331,0,label
8332,0,label
8333,0,label
8334,0,label
8335,0,label
8336,0,label
8337,0,label
8338,0,label
8339,0,label
8340,0,label
8341,0,label
8342,0,label
8343,0,label
8344,0,label
8345,0,label
8346,0,label
8347,0,label
8348,0,label
8349,0,label
8350,0,label
8351,0,label
8352,0,label
8353,0,label
8354,0,label
8355,0,label
8356,0,label
8357,0,label
8358,0,label
8359,0,label
8360,0,label
8361,0,label
8362,0,label
8363,0,label
8364,0,label
8365,0,label
8366,0,label
8367,0,label
8368,0,label
8369,0,label
8370,0,label
8371,0,label
8372,0,label
8373,0,label
8374,0,label
8375,0,label
8376,0,label
8377,0,label
8378,0,label
8379,0,label
8380,0,label
8381,0,label
8382,0,label
8383,0,label
8384,0,label
8385,0,label
8386,0,label
8387,0,label
8388,0,label
8389,0,label
8390,0,label
8391,0,label
8392,0,label
8393,0,label
8394,0,label
8395,0,label
8396,0,label
8397,0,label
8398,0,label
8399,0,label
8400,0,label
8401,0,label
8402,0,label
8403,0,label
8404,0,label
8405,0,label
8406,0,label
8407,0,label
8408,0,label
8409,0,label
8410,0,label
8411,0,label
8412,0,label
8413,0,label
8414,0,label
8415,0,label
8416,0,label
8417,0,label
8418,0,label
8419,0,label
8420,0,label
8421,0,label
8422,0,label
8423,0,label
8424,0,label
8425,0,label
8426,0,label
8427,0,label
8428,0,label
8429,0,label
8430,0,label
8431,0,label
8432,0,label
8433,0,label
8434,0,label
8435,0,label
8436,0,label
8437,0,label
8438,0,label
8439,0,label
8440,0,label
8441,0,label
8442,0,label
8443,0,label
8444,0,label
8445,0,label
8446,0,label
8447,0,label
8448,0,label
8449,0,label
8450,0,label
8451,0,label
8452,0,label
8453,0,label
8454,0,label
8455,0,label
8456,0,label
8457,0,label
8458,0,label
8459,0,label
8460,0,label
8461,0,label
8462,0,label
8463,0,label
8464,0,label
8465,0,label
8466,0,label
8467,0,label
8468,0,label
8469,0,label
8470,0,label
8471,0,label
8472,0,label
8473,0,label
8474,0,label
8475,0,label
8476,0,label
8477,0,label
8478,0,label
8479,0,label
8480,0,label
8481,0,label
8482,0,label
8483,0,label
8484,0,label
8485,0,label
8486,0,label
8487,0,label
8488,0,label
8489,0,label
8490,0,label
8491,0,label
8492,0,label
8493,0,label
8494,0,label
8495,0,label
8496,0,label
8497,0,label
8498,0,label
8499,0,label
8500,0,label
8501,0,label
8502,0,label
8503,0,label
8504,0,label
8505,0,label
8506,0,label
8507,0,label
8508,0,label
8509,0,label
8510,0,label
8511,0,label
8512,0,label
8513,0,label
8514,0,label
8515,0,label
8516,0,label
8517,0,label
8518,0,label
8519,0,label
8520,0,label
8521,0,label
8522,0,label
8523,0,label
8524,0,label
8525,0,label
8526,0,label
8527,0,label
8528,0,label
8529,0,label
8530,0,label
8531,0,label
8532,0,label
8533,0,label
8534,0,label
8535,0,label
8536,0,label
8537,0,label
8538,0,label
8539,0,label
8540,0,label
8541,0,label
8542,0,label
8543,0,label
8544,0,label
8545,0,label
8546,0,label
8547,0,label
8548,0,label
8549,0,label
8550,0,label
8551,0,label
8552,0,label
8553,0,label
8554,0,label
8555,0,label
8556,0,label
8557,0,label
8558,0,label
8559,0,label
8560,0,label
8561,0,label
8562,0,label
8563,0,label
8564,0,label
8565,0,label
8566,0,label
8567,0,label
8568,0,label
8569,0,label
8570,0,label
8571,0,label
8572,0,label
8573,0,label
8574,0,label
8575,0,label
8576,0,label
8577,0,label
8578,0,label
8579,0,label
8580,0,label
8581,0,label
8582,0,label
8583,0,label
8584,0,label
8585,0,label
8586,0,label
8587,0,label
8588,0,label
8589,0,label
8590,0,label
8591,0,label
8592,0,label
8593,0,label
8594,0,label
8595,0,label
8596,0,label
8597,0,label
8598,0,label
8599,0,label
8600,0,label
8601,0,label
8602,0,label
8603,0,label
8604,0,label
8605,0,label
8606,0,label
8607,0,label
8608,0,label
8609,0,label
8610,0,label
8611,0,label
8612,0,label
8613,0,label
8614,0,label
8615,0,label
8616,0,label
8617,0,label
8618,0,label
8619,0,label
8620,0,label
8621,0,label
8622,0,label
8623,0,label
8624,0,label
8625,0,label
8626,0,label
8627,0,label
8628,0,label
8629,0,label
8630,0,label
8631,0,label
8632,0,label
8633,0,label
8634,0,label
8635,0,label
8636,0,label
8637,0,label
8638,0,label
8639,0,label
8640,0,label
8641,0,label
8642,0,label
8643,0,label
8644,0,label
8645,0,label
8646,0,label
8647,0,label
8648,0,label
8649,0,label
8650,0,label
8651,0,label
8652,0,label
8653,0,label
8654,0,label
8655,0,label
8656,0,label
8657,0,label
8658,0,label
8659,0,label
8660,0,label
8661,0,label
8662,0,label
8663,0,label
8664,0,label
8665,0,label
8666,0,label
8667,0,label
8668,0,label
8669,0,label
8670,0,label
8671,0,label
8672,0,label
8673,0,label
8674,0,label
8675,0,label
8676,0,label
8677,0,label
8678,0,label
8679,0,label
8680,0,label
8681,0,label
8682,0,label
8683,0,label
8684,0,label
8685,0,label
8686,0,label
8687,0,label
8688,0,label
8689,0,label
8690,0,label
8691,0,label
8692,0,label
8693,0,label
8694,0,label
8695,0,label
8696,0,label
8697,0,label
8698,0,label
8699,0,label
8700,0,label
8701,0,label
8702,0,label
8703,0,label
8704,0,label
8705,0,label
8706,0,label
8707,0,label
8708,0,label
8709,0,label
8710,0,label
8711,0,label
8712,0,label
8713,0,label
8714,0,label
8715,0,label
8716,0,label
8717,0,label
8718,0,label
8719,0,label
8720,0,label
8721,0,label
8722,0,label
8723,0,label
8724,0,label
8725,0,label
8726,0,label
8727,0,label
8728,0,label
8729,0,label
8730,0,label
8731,0,label
8732,0,label
8733,0,label
8734,0,label
8735,0,label
8736,0,label
8737,0,label
8738,0,label
8739,0,label
8740,0,label
8741,0,label
8742,0,label
8743,0,label
8744,0,label
8745,0,label
8746,0,label
8747,0,label
8748,0,label
8749,0,label
8750,0,label
8751,0,label
8752,0,label
8753,0,label
8754,0,label
8755,0,label
8756,0,label
8757,0,label
8758,0,label
8759,0,label
8760,0,label
8761,0,label
8762,0,label
8763,0,label
8764,0,label
8765,0,label
8766,0,label
8767,0,label
8768,0,label
8769,0,label
8770,0,label
8771,0,label
8772,0,label
8773,0,label
8774,0,label
8775,0,label
8776,0,label
8777,0,label
8778,0,label
8779,0,label
8780,0,label
8781,0,label
8782,0,label
8783,0,label
8784,0,label
8785,0,label
8786,0,label
8787,0,label
8788,0,label
8789,0,label
8790,0,label
8791,0,label
8792,0,label
8793,0,label
8794,0,label
8795,0,label
8796,0,label
8797,0,label
8798,0,label
8799,0,label
8800,0,label
8801,0,label
8802,0,label
8803,0,label
8804,0,label
8805,0,label
8806,0,label
8807,0,label
8808,0,label
8809,0,label
8810,0,label
8811,0,label
8812,0,label
8813,0,label
8814,0,label
8815,0,label
8816,0,label
8817,0,label
8818,0,label
8819,0,label
8820,0,label
8821,0,label
8822,0,label
8823,0,label
8824,0,label
8825,0,label
8826,0,label
8827,0,label
8828,0,label
8829,0,label
8830,0,label
8831,0,label
8832,0,label
8833,0,label
8834,0,label
8835,0,label
8836,0,label
8837,0,label
8838,0,label
8839,0,label
8840,0,label
8841,0,label
8842,0,label
8843,0,label
8844,0,label
8845,0,label
8846,0,label
8847,0,label
8848,0,label
8849,0,label
8850,0,label
8851,0,label
8852,0,label
8853,0,label
8854,0,label
8855,0,label
8856,0,label
8857,0,label
8858,0,label
8859,0,label
8860,0,label
8861,0,label
8862,0,label
8863,0,label
8864,0,label
8865,0,label
8866,0,label
8867,0,label
8868,0,label
8869,0,label
8870,0,label
8871,0,label
8872,0,label
8873,0,label
8874,0,label
8875,0,label
8876,0,label
8877,0,label
8878,0,label
8879,0,label
8880,0,label
8881,0,label
8882,0,label
8883,0,label
8884,0,label
8885,0,label
8886,0,label
8887,0,label
8888,0,label
8889,0,label
8890,0,label
8891,0,label
8892,0,label
8893,0,label
8894,0,label
8895,0,label
8896,0,label
8897,0,label
8898,0,label
8899,0,label
8900,0,label
8901,0,label
8902,0,label
8903,0,label
8904,0,label
8905,0,label
8906,0,label
8907,0,label
8908,0,label
8909,0,label
8910,0,label
8911,0,label
8912,0,label
8913,0,label
8914,0,label
8915,0,label
8916,0,label
8917,0,label
8918,0,label
8919,0,label
8920,0,label
8921,0,label
8922,0,label
8923,0,label
8924,0,label
8925,0,label
8926,0,label
8927,0,label
8928,0,label
8929,0,label
8930,0,label
8931,0,label
8932,0,label
8933,0,label
8934,0,label
8935,0,label
8936,0,label
8937,0,label
8938,0,label
8939,0,label
8940,0,label
8941,0,label
8942,0,label
8943,0,label
8944,0,label
8945,0,label
8946,0,label
8947,0,label
8948,0,label
8949,0,label
8950,0,label
8951,0,label
8952,0,label
8953,0,label
8954,0,label
8955,0,label
8956,0,label
8957,0,label
8958,0,label
8959,0,label
8960,0,label
8961,0,label
8962,0,label
8963,0,label
8964,0,label
8965,0,label
8966,0,label
8967,0,label
8968,0,label
8969,0,label
8970,0,label
8971,0,label
8972,0,label
8973,0,label
8974,0,label
8975,0,label
8976,0,label
8977,0,label
8978,0,label
8979,0,label
8980,0,label
8981,0,label
8982,0,label
8983,0,label
8984,0,label
8985,0,label
8986,0,label
8987,0,label
8988,0,label
8989,0,label
8990,0,label
8991,0,label
8992,0,label
8993,0,label
8994,0,label
8995,0,label
8996,0,label
8997,0,label
8998,0,label
8999,0,label
9000,0,label
9001,0,label
9002,0,label
9003,0,label
9004,0,label
9005,0,label
9006,0,label
9007,0,label
9008,0,label
9009,0,label
9010,0,label
9011,0,label
9012,0,label
9013,0,label
9014,0,label
9015,0,label
9016,0,label
9017,0,label
9018,0,label
9019,0,label
9020,0,label
9021,0,label
9022,0,label
9023,0,label
9024,0,label
9025,0,label
9026,0,label
9027,0,label
9028,0,label
9029,0,label
9030,0,label
9031,0,label
9032,0,label
9033,0,label
9034,0,label
9035,0,label
9036,0,label
9037,0,label
9038,0,label
9039,0,label
9040,0,label
9041,0,label
9042,0,label
9043,0,label
9044,0,label
9045,0,label
9046,0,label
9047,0,label
9048,0,label
9049,0,label
9050,0,label
9051,0,label
9052,0,label
9053,0,label
9054,0,label
9055,0,label
9056,0,label
9057,0,label
9058,0,label
9059,0,label
9060,0,label
9061,0,label
9062,0,label
9063,0,label
9064,0,label
9065,0,label
9066,0,label
9067,0,label
9068,0,label
9069,0,label
9070,0,label
9071,0,label
9072,0,label
9073,0,label
9074,0,label
9075,0,label
9076,0,label
9077,0,label
9078,0,label
9079,0,label
9080,0,label
9081,0,label
9082,0,label
9083,0,label
9084,0,label
9085,0,label
9086,0,label
9087,0,label
9088,0,label
9089,0,label
9090,0,label
9091,0,label
9092,0,label
9093,0,label
9094,0,label
9095,0,label
9096,0,label
9097,0,label
9098,0,label
9099,0,label
9100,0,label
9101,0,label
9102,0,label
9103,0,label
9104,0,label
9105,0,label
9106,0,label
9107,0,label
9108,0,label
9109,0,label
9110,0,label
9111,0,label
9112,0,label
9113,0,label
9114,0,label
9115,0,label
9116,0,label
9117,0,label
9118,0,label
9119,0,label
9120,0,label
9121,0,label
9122,0,label
9123,0,label
9124,0,label
9125,0,label
9126,0,label
9127,0,label
9128,0,label
9129,0,label
9130,0,label
9131,0,label
9132,0,label
9133,0,label
9134,0,label
9135,0,label
9136,0,label
9137,0,label
9138,0,label
9139,0,label
9140,0,label
9141,0,label
9142,0,label
9143,0,label
9144,0,label
9145,0,label
9146,0,label
9147,0,label
9148,0,label
9149,0,label
9150,0,label
9151,0,label
9152,0,label
9153,0,label
9154,0,label
9155,0,label
9156,0,label
9157,0,label
9158,0,label
9159,0,label
9160,0,label
9161,0,label
9162,0,label
9163,0,label
9164,0,label
9165,0,label
9166,0,label
9167,0,label
9168,0,label
9169,0,label
9170,0,label
9171,0,label
9172,0,label
9173,0,label
9174,0,label
9175,0,label
9176,0,label
9177,0,label
9178,0,label
9179,0,label
9180,0,label
9181,0,label
9182,0,label
9183,0,label
9184,0,label
9185,0,label
9186,0,label
9187,0,label
9188,0,label
9189,0,label
9190,0,label
9191,0,label
9192,0,label
9193,0,label
9194,0,label
9195,0,label
9196,0,label
9197,0,label
9198,0,label
9199,0,label
9200,0,label
9201,0,label
9202,0,label
9203,0,label
9204,0,label
9205,0,label
9206,0,label
9207,0,label
9208,0,label
9209,0,label
9210,0,label
9211,0,label
9212,0,label
9213,0,label
9214,0,label
9215,0,label
9216,0,label
9217,0,label
9218,0,label
9219,0,label
9220,0,label
9221,0,label
9222,0,label
9223,0,label
9224,0,label
9225,0,label
9226,0,label
9227,0,label
9228,0,label
9229,0,label
9230,0,label
9231,0,label
9232,0,label
9233,0,label
9234,0,label
9235,0,label
9236,0,label
9237,0,label
9238,0,label
9239,0,label
9240,0,label
9241,0,label
9242,0,label
9243,0,label
9244,0,label
9245,0,label
9246,0,label
9247,0,label
9248,0,label
9249,0,label
9250,0,label
9251,0,label
9252,0,label
9253,0,label
9254,0,label
9255,0,label
9256,0,label
9257,0,label
9258,0,label
9259,0,label
9260,0,label
9261,0,label
9262,0,label
9263,0,label
9264,0,label
9265,0,label
9266,0,label
9267,0,label
9268,0,label
9269,0,label
9270,0,label
9271,0,label
9272,0,label
9273,0,label
9274,0,label
9275,0,label
9276,0,label
9277,0,label
9278,0,label
9279,0,label
9280,0,label
9281,0,label
9282,0,label
9283,0,label
9284,0,label
9285,0,label
9286,0,label
9287,0,label
9288,0,label
9289,0,label
9290,0,label
9291,0,label
9292,0,label
9293,0,label
9294,0,label
9295,0,label
9296,0,label
9297,0,label
9298,0,label
9299,0,label
9300,0,label
9301,0,label
9302,0,label
9303,0,label
9304,0,label
9305,0,label
9306,0,label
9307,0,label
9308,0,label
9309,0,label
9310,0,label
9311,0,label
9312,0,label
9313,0,label
9314,0,label
9315,0,label
9316,0,label
9317,0,label
9318,0,label
9319,0,label
9320,0,label
9321,0,label
9322,0,label
9323,0,label
9324,0,label
9325,0,label
9326,0,label
9327,0,label
9328,0,label
9329,0,label
9330,0,label
9331,0,label
9332,0,label
9333,0,label
9334,0,label
9335,0,label
9336,0,label
9337,0,label
9338,0,label
9339,0,label
9340,0,label
9341,0,label
9342,0,label
9343,0,label
9344,0,label
9345,0,label
9346,0,label
9347,0,label
9348,0,label
9349,0,label
9350,0,label
9351,0,label
9352,0,label
9353,0,label
9354,0,label
9355,0,label
9356,0,label
9357,0,label
9358,0,label
9359,0,label
9360,0,label
9361,0,label
9362,0,label
9363,0,label
9364,0,label
9365,0,label
9366,0,label
9367,0,label
9368,0,label
9369,0,label
9370,0,label
9371,0,label
9372,0,label
9373,0,label
9374,0,label
9375,0,label
9376,0,label
9377,0,label
9378,0,label
9379,0,label
9380,0,label
9381,0,label
9382,0,label
9383,0,label
9384,0,label
9385,0,label
9386,0,label
9387,0,label
9388,0,label
9389,0,label
9390,0,label
9391,0,label
9392,0,label
9393,0,label
9394,0,label
9395,0,label
9396,0,label
9397,0,label
9398,0,label
9399,0,label
9400,0,label
9401,0,label
9402,0,label
9403,0,label
9404,0,label
9405,0,label
9406,0,label
9407,0,label
9408,0,label
9409,0,label
9410,0,label
9411,0,label
9412,0,label
9413,0,label
9414,0,label
9415,0,label
9416,0,label
9417,0,label
9418,0,label
9419,0,label
9420,0,label
9421,0,label
9422,0,label
9423,0,label
9424,0,label
9425,0,label
9426,0,label
9427,0,label
9428,0,label
9429,0,label
9430,0,label
9431,0,label
9432,0,label
9433,0,label
9434,0,label
9435,0,label
9436,0,label
9437,0,label
9438,0,label
9439,0,label
9440,0,label
9441,0,label
9442,0,label
9443,0,label
9444,0,label
9445,0,label
9446,0,label
9447,0,label
9448,0,label
9449,0,label
9450,0,label
9451,0,label
9452,0,label
9453,0,label
9454,0,label
9455,0,label
9456,0,label
9457,0,label
9458,0,label
9459,0,label
9460,0,label
9461,0,label
9462,0,label
9463,0,label
9464,0,label
9465,0,label
9466,0,label
9467,0,label
9468,0,label
9469,0,label
9470,0,label
9471,0,label
9472,0,label
9473,0,label
9474,0,label
9475,0,label
9476,0,label
9477,0,label
9478,0,label
9479,0,label
9480,0,label
9481,0,label
9482,0,label
9483,0,label
9484,0,label
9485,0,label
9486,0,label
9487,0,label
9488,0,label
9489,0,label
9490,0,label
9491,0,label
9492,0,label
9493,0,label
9494,0,label
9495,0,label
9496,0,label
9497,0,label
9498,0,label
9499,0,label
9500,0,label
9501,0,label
9502,0,label
9503,0,label
9504,0,label
9505,0,label
9506,0,label
9507,0,label
9508,0,label
9509,0,label
9510,0,label
9511,0,label
9512,0,label
9513,0,label
9514,0,label
9515,0,label
9516,0,label
9517,0,label
9518,0,label
9519,0,label
9520,0,label
9521,0,label
9522,0,label
9523,0,label
9524,0,label
9525,0,label
9526,0,label
9527,0,label
9528,0,label
9529,0,label
9530,0,label
9531,0,label
9532,0,label
9533,0,label
9534,0,label
9535,0,label
9536,0,label
9537,0,label
9538,0,label
9539,0,label
9540,0,label
9541,0,label
9542,0,label
9543,0,label
9544,0,label
9545,0,label
9546,0,label
9547,0,label
9548,0,label
9549,0,label
9550,0,label
9551,0,label
9552,0,label
9553,0,label
9554,0,label
9555,0,label
9556,0,label
9557,0,label
9558,0,label
9559,0,label
9560,0,label
9561,0,label
9562,0,label
9563,0,label
9564,0,label
9565,0,label
9566,0,label
9567,0,label
9568,0,label
9569,0,label
9570,0,label
9571,0,label
9572,0,label
9573,0,label
9574,0,label
9575,0,label
9576,0,label
9577,0,label
9578,0,label
9579,0,label
9580,0,label
9581,0,label
9582,0,label
9583,0,label
9584,0,label
9585,0,label
9586,0,label
9587,0,label
9588,0,label
9589,0,label
9590,0,label
9591,0,label
9592,0,label
9593,0,label
9594,0,label
9595,0,label
9596,0,label
9597,0,label
9598,0,label
9599,0,label
9600,0,label
9601,0,label
9602,0,label
9603,0,label
9604,0,label
9605,0,label
9606,0,label
9607,0,label
9608,0,label
9609,0,label
9610,0,label
9611,0,label
9612,0,label
9613,0,label
9614,0,label
9615,0,label
9616,0,label
9617,0,label
9618,0,label
9619,0,label
9620,0,label
9621,0,label
9622,0,label
9623,0,label
9624,0,label
9625,0,label
9626,0,label
9627,0,label
9628,0,label
9629,0,label
9630,0,label
9631,0,label
9632,0,label
9633,0,label
9634,0,label
9635,0,label
9636,0,label
9637,0,label
9638,0,label
9639,0,label
9640,0,label
9641,0,label
9642,0,label
9643,0,label
9644,0,label
9645,0,label
9646,0,label
9647,0,label
9648,0,label
9649,0,label
9650,0,label
9651,0,label
9652,0,label
9653,0,label
9654,0,label
9655,0,label
9656,0,label
9657,0,label
9658,0,label
9659,0,label
9660,0,label
9661,0,label
9662,0,label
9663,0,label
9664,0,label
9665,0,label
9666,0,label
9667,0,label
9668,0,label
9669,0,label
9670,0,label
9671,0,label
9672,0,label
9673,0,label
9674,0,label
9675,0,label
9676,0,label
9677,0,label
9678,0,label
9679,0,label
9680,0,label
9681,0,label
9682,0,label
9683,0,label
9684,0,label
9685,0,label
9686,0,label
9687,0,label
9688,0,label
9689,0,label
9690,0,label
9691,0,label
9692,0,label
9693,0,label
9694,0,label
9695,0,label
9696,0,label
9697,0,label
9698,0,label
9699,0,label
9700,0,label
9701,0,label
9702,0,label
9703,0,label
9704,0,label
9705,0,label
9706,0,label
9707,0,label
9708,0,label
9709,0,label
9710,0,label
9711,0,label
9712,0,label
9713,0,label
9714,0,label
9715,0,label
9716,0,label
9717,0,label
9718,0,label
9719,0,label
9720,0,label
9721,0,label
9722,0,label
9723,0,label
9724,0,label
9725,0,label
9726,0,label
9727,0,label
9728,0,label
9729,0,label
9730,0,label
9731,0,label
9732,0,label
9733,0,label
9734,0,label
9735,0,label
9736,0,label
9737,0,label
9738,0,label
9739,0,label
9740,0,label
9741,0,label
9742,0,label
9743,0,label
9744,0,label
9745,0,label
9746,0,label
9747,0,label
9748,0,label
9749,0,label
9750,0,label
9751,0,label
9752,0,label
9753,0,label
9754,0,label
9755,0,label
9756,0,label
9757,0,label
9758,0,label
9759,0,label
9760,0,label
9761,0,label
9762,0,label
9763,0,label
9764,0,label
9765,0,label
9766,0,label
9767,0,label
9768,0,label
9769,0,label
9770,0,label
9771,0,label
9772,0,label
9773,0,label
9774,0,label
9775,0,label
9776,0,label
9777,0,label
9778,0,label
9779,0,label
9780,0,label
9781,0,label
9782,0,label
9783,0,label
9784,0,label
9785,0,label
9786,0,label
9787,0,label
9788,0,label
9789,0,label
9790,0,label
9791,0,label
9792,0,label
9793,0,label
9794,0,label
9795,0,label
9796,0,label
9797,0,label
9798,0,label
9799,0,label
9800,0,label
9801,0,label
9802,0,label
9803,0,label
9804,0,label
9805,0,label
9806,0,label
9807,0,label
9808,0,label
9809,0,label
9810,0,label
9811,0,label
9812,0,label
9813,0,label
9814,0,label
9815,0,label
9816,0,label
9817,0,label
9818,0,label
9819,0,label
9820,0,label
9821,0,label
9822,0,label
9823,0,label
9824,0,label
9825,0,label
9826,0,label
9827,0,label
9828,0,label
9829,0,label
9830,0,label
9831,0,label
9832,0,label
9833,0,label
9834,0,label
9835,0,label
9836,0,label
9837,0,label
9838,0,label
9839,0,label
9840,0,label
9841,0,label
9842,0,label
9843,0,label
9844,0,label
9845,0,label
9846,0,label
9847,0,label
9848,0,label
9849,0,label
9850,0,label
9851,0,label
9852,0,label
9853,0,label
9854,0,label
9855,0,label
9856,0,label
9857,0,label
9858,0,label
9859,0,label
9860,0,label
9861,0,label
9862,0,label
9863,0,label
9864,0,label
9865,0,label
9866,0,label
9867,0,label
9868,0,label
9869,0,label
9870,0,label
9871,0,label
9872,0,label
9873,0,label
9874,0,label
9875,0,label
9876,0,label
9877,0,label
9878,0,label
9879,0,label
9880,0,label
9881,0,label
9882,0,label
9883,0,label
9884,0,label
9885,0,label
9886,0,label
9887,0,label
9888,0,label
9889,0,label
9890,0,label
9891,0,label
9892,0,label
9893,0,label
9894,0,label
9895,0,label
9896,0,label
9897,0,label
9898,0,label
9899,0,label
9900,0,label
9901,0,label
9902,0,label
9903,0,label
9904,0,label
9905,0,label
9906,0,label
9907,0,label
9908,0,label
9909,0,label
9910,0,label
9911,0,label
9912,0,label
9913,0,label
9914,0,label
9915,0,label
9916,0,label
9917,0,label
9918,0,label
9919,0,label
9920,0,label
9921,0,label
9922,0,label
9923,0,label
9924,0,label
9925,0,label
9926,0,label
9927,0,label
9928,0,label
9929,0,label
9930,0,label
9931,0,label
9932,0,label
9933,0,label
9934,0,label
9935,0,label
9936,0,label
9937,0,label
9938,0,label
9939,0,label
9940,0,label
9941,0,label
9942,0,label
9943,0,label
9944,0,label
9945,0,label
9946,0,label
9947,0,label
9948,0,label
9949,0,label
9950,0,label
9951,0,label
9952,0,label
9953,0,label
9954,0,label
9955,0,label
9956,0,label
9957,0,label
9958,0,label
9959,0,label
9960,0,label
9961,0,label
9962,0,label
9963,0,label
9964,0,label
9965,0,label
9966,0,label
9967,0,label
9968,0,label
9969,0,label
9970,0,label
9971,0,label
9972,0,label
9973,0,label
9974,0,label
9975,0,label
9976,0,label
9977,0,label
9978,0,label
9979,0,label
9980,0,label
9981,0,label
9982,0,label
9983,0,label
9984,0,label
9985,0,label
9986,0,label
9987,0,label
9988,0,label
9989,0,label
9990,0,label
9991,0,label
9992,0,label
9993,0,label
9994,0,label
9995,0,label
9996,0,label
9997,0,label
9998,0,label
9999,0,label
10000,0,label
10001,0,label
10002,0,label
10003,0,label
10004,0,label
10005,0,label
10006,0,label
10007,0,label
10008,0,label
10009,0,label
10010,0,label
10011,0,label
10012,0,label
10013,0,label
10014,0,label
10015,0,label
10016,0,label
10017,0,label
10018,0,label
10019,0,label
10020,0,label
10021,0,label
10022,0,label
10023,0,label
10024,0,label
10025,0,label
10026,0,label
10027,0,label
10028,0,label
10029,0,label
10030,0,label
10031,0,label
10032,0,label
10033,0,label
10034,0,label
10035,0,label
10036,0,label
10037,0,label
10038,0,label
10039,0,label
10040,0,label
10041,0,label
10042,0,label
10043,0,label
10044,0,label
10045,0,label
10046,0,label
10047,0,label
10048,0,label
10049,0,label
10050,0,label
10051,0,label
10052,0,label
10053,0,label
10054,0,label
10055,0,label
10056,0,label
10057,0,label
10058,0,label
10059,0,label
10060,0,label
10061,0,label
10062,0,label
10063,0,label
10064,0,label
10065,0,label
10066,0,label
10067,0,label
10068,0,label
10069,0,label
10070,0,label
10071,0,label
10072,0,label
10073,0,label
10074,0,label
10075,0,label
10076,0,label
10077,0,label
10078,0,label
10079,0,label
10080,0,label
10081,0,label
10082,0,label
10083,0,label
10084,0,label
10085,0,label
10086,0,label
10087,0,label
10088,0,label
10089,0,label
10090,0,label
10091,0,label
10092,0,label
10093,0,label
10094,0,label
10095,0,label
10096,0,label
10097,0,label
10098,0,label
10099,0,label
10100,0,label
10101,0,label
10102,0,label
10103,0,label
10104,0,label
10105,0,label
10106,0,label
10107,0,label
10108,0,label
10109,0,label
10110,0,label
10111,0,label
10112,0,label
10113,0,label
10114,0,label
10115,0,label
10116,0,label
10117,0,label
10118,0,label
10119,0,label
10120,0,label
10121,0,label
10122,0,label
10123,0,label
10124,0,label
10125,0,label
10126,0,label
10127,0,label
10128,0,label
10129,0,label
10130,0,label
10131,0,label
10132,0,label
10133,0,label
10134,0,label
10135,0,label
10136,0,label
10137,0,label
10138,0,label
10139,0,label
10140,0,label
10141,0,label
10142,0,label
10143,0,label
10144,0,label
10145,0,label
10146,0,label
10147,0,label
10148,0,label
10149,0,label
10150,0,label
10151,0,label
10152,0,label
10153,0,label
10154,0,label
10155,0,label
10156,0,label
10157,0,label
10158,0,label
10159,0,label
10160,0,label
10161,0,label
10162,0,label
10163,0,label
10164,0,label
10165,0,label
10166,0,label
10167,0,label
10168,0,label
10169,0,label
10170,0,label
10171,0,label
10172,0,label
10173,0,label
10174,0,label
10175,0,label
10176,0,label
10177,0,label
10178,0,label
10179,0,label
10180,0,label
10181,0,label
10182,0,label
10183,0,label
10184,0,label
10185,0,label
10186,0,label
10187,0,label
10188,0,label
10189,0,label
10190,0,label
10191,0,label
10192,0,label
10193,0,label
10194,0,label
10195,0,label
10196,0,label
10197,0,label
10198,0,label
10199,0,label
10200,0,label
10201,0,label
10202,0,label
10203,0,label
10204,0,label
10205,0,label
10206,0,label
10207,0,label
10208,0,label
10209,0,label
10210,0,label
10211,0,label
10212,0,label
10213,0,label
10214,0,label
10215,0,label
10216,0,label
10217,0,label
10218,0,label
10219,0,label
10220,0,label
10221,0,label
10222,0,label
10223,0,label
10224,0,label
10225,0,label
10226,0,label
10227,0,label
10228,0,label
10229,0,label
10230,0,label
10231,0,label
10232,0,label
10233,0,label
10234,0,label
10235,0,label
10236,0,label
10237,0,label
10238,0,label
10239,0,label
10240,0,label
10241,0,label
10242,0,label
10243,0,label
10244,0,label
10245,0,label
10246,0,label
10247,0,label
10248,0,label
10249,0,label
10250,0,label
10251,0,label
10252,0,label
10253,0,label
10254,0,label
10255,0,label
10256,0,label
10257,0,label
10258,0,label
10259,0,label
10260,0,label
10261,0,label
10262,0,label
10263,0,label
10264,0,label
10265,0,label
10266,0,label
10267,0,label
10268,0,label
10269,0,label
10270,0,label
10271,0,label
10272,0,label
10273,0,label
10274,0,label
10275,0,label
10276,0,label
10277,0,label
10278,0,label
10279,0,label
10280,0,label
10281,0,label
10282,0,label
10283,0,label
10284,0,label
10285,0,label
10286,0,label
10287,0,label
10288,0,label
10289,0,label
10290,0,label
10291,0,label
10292,0,label
10293,0,label
10294,0,label
10295,0,label
10296,0,label
10297,0,label
10298,0,label
10299,0,label
10300,0,label
10301,0,label
10302,0,label
10303,0,label
10304,0,label
10305,0,label
10306,0,label
10307,0,label
10308,0,label
10309,0,label
10310,0,label
10311,0,label
10312,0,label
10313,0,label
10314,0,label
10315,0,label
10316,0,label
10317,0,label
10318,0,label
10319,0,label
10320,0,label
10321,0,label
10322,0,label
10323,0,label
10324,0,label
10325,0,label
10326,0,label
10327,0,label
10328,0,label
10329,0,label
10330,0,label
10331,0,label
10332,0,label
10333,0,label
10334,0,label
10335,0,label
10336,0,label
10337,0,label
10338,0,label
10339,0,label
10340,0,label
10341,0,label
10342,0,label
10343,0,label
10344,0,label
10345,0,label
10346,0,label
10347,0,label
10348,0,label
10349,0,label
10350,0,label
10351,0,label
10352,0,label
10353,0,label
10354,0,label
10355,0,label
10356,0,label
10357,0,label
10358,0,label
10359,0,label
10360,0,label
10361,0,label
10362,0,label
10363,0,label
10364,0,label
10365,0,label
10366,0,label
10367,0,label
10368,0,label
10369,0,label
10370,0,label
10371,0,label
10372,0,label
10373,0,label
10374,0,label
10375,0,label
10376,0,label
10377,0,label
10378,0,label
10379,0,label
10380,0,label
10381,0,label
10382,0,label
10383,0,label
10384,0,label
10385,0,label
10386,0,label
10387,0,label
10388,0,label
10389,0,label
10390,0,label
10391,0,label
10392,0,label
10393,0,label
10394,0,label
10395,0,label
10396,0,label
10397,0,label
10398,0,label
10399,0,label
10400,0,label
10401,0,label
10402,0,label
10403,0,label
10404,0,label
10405,0,label
10406,0,label
10407,0,label
10408,0,label
10409,0,label
10410,0,label
10411,0,label
10412,0,label
10413,0,label
10414,0,label
10415,0,label
10416,0,label
10417,0,label
10418,0,label
10419,0,label
10420,0,label
10421,0,label
10422,0,label
10423,0,label
10424,0,label
10425,0,label
10426,0,label
10427,0,label
10428,0,label
10429,0,label
10430,0,label
10431,0,label
10432,0,label
10433,0,label
10434,0,label
10435,0,label
10436,0,label
10437,0,label
10438,0,label
10439,0,label
10440,0,label
10441,0,label
10442,0,label
10443,0,label
10444,0,label
10445,0,label
10446,0,label
10447,0,label
10448,0,label
10449,0,label
10450,0,label
10451,0,label
10452,0,label
10453,0,label
10454,0,label
10455,0,label
10456,0,label
10457,0,label
10458,0,label
10459,0,label
10460,0,label
10461,0,label
10462,0,label
10463,0,label
10464,0,label
10465,0,label
10466,0,label
10467,0,label
10468,0,label
10469,0,label
10470,0,label
10471,0,label
10472,0,label
10473,0,label
10474,0,label
10475,0,label
10476,0,label
10477,0,label
10478,0,label
10479,0,label
10480,0,label
10481,0,label
10482,0,label
10483,0,label
10484,0,label
10485,0,label
10486,0,label
10487,0,label
10488,0,label
10489,0,label
10490,0,label
10491,0,label
10492,0,label
10493,0,label
10494,0,label
10495,0,label
10496,0,label
10497,0,label
10498,0,label
10499,0,label
10500,0,label
10501,0,label
10502,0,label
10503,0,label
10504,0,label
10505,0,label
10506,0,label
10507,0,label
10508,0,label
10509,0,label
10510,0,label
10511,0,label
10512,0,label
10513,0,label
10514,0,label
10515,0,label
10516,0,label
10517,0,label
10518,0,label
10519,0,label
10520,0,label
10521,0,label
10522,0,label
10523,0,label
10524,0,label
10525,0,label
10526,0,label
10527,0,label
10528,0,label
10529,0,label
10530,0,label
10531,0,label
10532,0,label
10533,0,label
10534,0,label
10535,0,label
10536,0,label
10537,0,label
10538,0,label
10539,0,label
10540,0,label
10541,0,label
10542,0,label
10543,0,label
10544,0,label
10545,0,label
10546,0,label
10547,0,label
10548,0,label
10549,0,label
10550,0,label
10551,0,label
10552,0,label
10553,0,label
10554,0,label
10555,0,label
10556,0,label
10557,0,label
10558,0,label
10559,0,label
10560,0,label
10561,0,label
10562,0,label
10563,0,label
10564,0,label
10565,0,label
10566,0,label
10567,0,label
10568,0,label
10569,0,label
10570,0,label
10571,0,label
10572,0,label
10573,0,label
10574,0,label
10575,0,label
10576,0,label
10577,0,label
10578,0,label
10579,0,label
10580,0,label
10581,0,label
10582,0,label
10583,0,label
10584,0,label
10585,0,label
10586,0,label
10587,0,label
10588,0,label
10589,0,label
10590,0,label
10591,0,label
10592,0,label
10593,0,label
10594,0,label
10595,0,label
10596,0,label
10597,0,label
10598,0,label
10599,0,label
10600,0,label
10601,0,label
10602,0,label
10603,0,label
10604,0,label
10605,0,label
10606,0,label
10607,0,label
10608,0,label
10609,0,label
10610,0,label
10611,0,label
10612,0,label
10613,0,label
10614,0,label
10615,0,label
10616,0,label
10617,0,label
10618,0,label
10619,0,label
10620,0,label
10621,0,label
10622,0,label
10623,0,label
10624,0,label
10625,0,label
10626,0,label
10627,0,label
10628,0,label
10629,0,label
10630,0,label
10631,0,label
10632,0,label
10633,0,label
10634,0,label
10635,0,label
10636,0,label
10637,0,label
10638,0,label
10639,0,label
10640,0,label
10641,0,label
10642,0,label
10643,0,label
10644,0,label
10645,0,label
10646,0,label
10647,0,label
10648,0,label
10649,0,label
10650,0,label
10651,0,label
10652,0,label
10653,0,label
10654,0,label
10655,0,label
10656,0,label
10657,0,label
10658,0,label
10659,0,label
10660,0,label
10661,0,label
10662,0,label
10663,0,label
10664,0,label
10665,0,label
10666,0,label
10667,0,label
10668,0,label
10669,0,label
10670,0,label
10671,0,label
10672,0,label
10673,0,label
10674,0,label
10675,0,label
10676,0,label
10677,0,label
10678,0,label
10679,0,label
10680,0,label
10681,0,label
10682,0,label
10683,0,label
10684,0,label
10685,0,label
10686,0,label
10687,0,label
10688,0,label
10689,0,label
10690,0,label
10691,0,label
10692,0,label
10693,0,label
10694,0,label
10695,0,label
10696,0,label
10697,0,label
10698,0,label
10699,0,label
10700,0,label
10701,0,label
10702,0,label
10703,0,label
10704,0,label
10705,0,label
10706,0,label
10707,0,label
10708,0,label
10709,0,label
10710,0,label
10711,0,label
10712,0,label
10713,0,label
10714,0,label
10715,0,label
10716,0,label
10717,0,label
10718,0,label
10719,0,label
10720,0,label
10721,0,label
10722,0,label
10723,0,label
10724,0,label
10725,0,label
10726,0,label
10727,0,label
10728,0,label
10729,0,label
10730,0,label
10731,0,label
10732,0,label
10733,0,label
10734,0,label
10735,0,label
10736,0,label
10737,0,label
10738,0,label
10739,0,label
10740,0,label
10741,0,label
10742,0,label
10743,0,label
10744,0,label
10745,0,label
10746,0,label
10747,0,label
10748,0,label
10749,0,label
10750,0,label
10751,0,label
10752,0,label
10753,0,label
10754,0,label
10755,0,label
10756,0,label
10757,0,label
10758,0,label
10759,0,label
10760,0,label
10761,0,label
10762,0,label
10763,0,label
10764,0,label
10765,0,label
10766,0,label
10767,0,label
10768,0,label
10769,0,label
10770,0,label
10771,0,label
10772,0,label
10773,0,label
10774,0,label
10775,0,label
10776,0,label
10777,0,label
10778,0,label
10779,0,label
10780,0,label
10781,0,label
10782,0,label
10783,0,label
10784,0,label
10785,0,label
10786,0,label
10787,0,label
10788,0,label
10789,0,label
10790,0,label
10791,0,label
10792,0,label
10793,0,label
10794,0,label
10795,0,label
10796,0,label
10797,0,label
10798,0,label
10799,0,label
10800,0,label
10801,0,label
10802,0,label
10803,0,label
10804,0,label
10805,0,label
10806,0,label
10807,0,label
10808,0,label
10809,0,label
10810,0,label
10811,0,label
10812,0,label
10813,0,label
10814,0,label
10815,0,label
10816,0,label
10817,0,label
10818,0,label
10819,0,label
10820,0,label
10821,0,label
10822,0,label
10823,0,label
10824,0,label
10825,0,label
10826,0,label
10827,0,label
10828,0,label
10829,0,label
10830,0,label
10831,0,label
10832,0,label
10833,0,label
10834,0,label
10835,0,label
10836,0,label
10837,0,label
10838,0,label
10839,0,label
10840,0,label
10841,0,label
10842,0,label
10843,0,label
10844,0,label
10845,0,label
10846,0,label
10847,0,label
10848,0,label
10849,0,label
10850,0,label
10851,0,label
10852,0,label
10853,0,label
10854,0,label
10855,0,label
10856,0,label
10857,0,label
10858,0,label
10859,0,label
10860,0,label
10861,0,label
10862,0,label
10863,0,label
10864,0,label
10865,0,label
10866,0,label
10867,0,label
10868,0,label
10869,0,label
10870,0,label
10871,0,label
10872,0,label
10873,0,label
10874,0,label
10875,0,label
10876,0,label
10877,0,label
10878,0,label
10879,0,label
10880,0,label
10881,0,label
10882,0,label
10883,0,label
10884,0,label
10885,0,label
10886,0,label
10887,0,label
10888,0,label
10889,0,label
10890,0,label
10891,0,label
10892,0,label
10893,0,label
10894,0,label
10895,0,label
10896,0,label
10897,0,label
10898,0,label
10899,0,label
10900,0,label
10901,0,label
10902,0,label
10903,0,label
10904,0,label
10905,0,label
10906,0,label
10907,0,label
10908,0,label
10909,0,label
10910,0,label
10911,0,label
10912,0,label
10913,0,label
10914,0,label
10915,0,label
10916,0,label
10917,0,label
10918,0,label
10919,0,label
10920,0,label
10921,0,label
10922,0,label
10923,0,label
10924,0,label
10925,0,label
10926,0,label
10927,0,label
10928,0,label
10929,0,label
10930,0,label
10931,0,label
10932,0,label
10933,0,label
10934,0,label
10935,0,label
10936,0,label
10937,0,label
10938,0,label
10939,0,label
10940,0,label
10941,0,label
10942,0,label
10943,0,label
10944,0,label
10945,0,label
10946,0,label
10947,0,label
10948,0,label
10949,0,label
10950,0,label
10951,0,label
10952,0,label
10953,0,label
10954,0,label
10955,0,label
10956,0,label
10957,0,label
10958,0,label
10959,0,label
10960,0,label
10961,0,label
10962,0,label
10963,0,label
10964,0,label
10965,0,label
10966,0,label
10967,0,label
10968,0,label
10969,0,label
10970,0,label
10971,0,label
10972,0,label
10973,0,label
10974,0,label
10975,0,label
10976,0,label
10977,0,label
10978,0,label
10979,0,label
10980,0,label
10981,0,label
10982,0,label
10983,0,label
10984,0,label
10985,0,label
10986,0,label
10987,0,label
10988,0,label
10989,0,label
10990,0,label
10991,0,label
10992,0,label
10993,0,label
10994,0,label
10995,0,label
10996,0,label
10997,0,label
10998,0,label
10999,0,label
11000,0,label
11001,0,label
11002,0,label
11003,0,label
11004,0,label
11005,0,label
11006,0,label
11007,0,label
11008,0,label
11009,0,label
11010,0,label
11011,0,label
11012,0,label
11013,0,label
11014,0,label
11015,0,label
11016,0,label
11017,0,label
11018,0,label
11019,0,label
11020,0,label
11021,0,label
11022,0,label
11023,0,label
11024,0,label
11025,0,label
11026,0,label
11027,0,label
11028,0,label
11029,0,label
11030,0,label
11031,0,label
11032,0,label
11033,0,label
11034,0,label
11035,0,label
11036,0,label
11037,0,label
11038,0,label
11039,0,label
11040,0,label
11041,0,label
11042,0,label
11043,0,label
11044,0,label
11045,0,label
11046,0,label
11047,0,label
11048,0,label
11049,0,label
11050,0,label
11051,0,label
11052,0,label
11053,0,label
11054,0,label
11055,0,label
11056,0,label
11057,0,label
11058,0,label
11059,0,label
11060,0,label
11061,0,label
11062,0,label
11063,0,label
11064,0,label
11065,0,label
11066,0,label
11067,0,label
11068,0,label
11069,0,label
11070,0,label
11071,0,label
11072,0,label
11073,0,label
11074,0,label
11075,0,label
11076,0,label
11077,0,label
11078,0,label
11079,0,label
11080,0,label
11081,0,label
11082,0,label
11083,0,label
11084,0,label
11085,0,label
11086,0,label
11087,0,label
11088,0,label
11089,0,label
11090,0,label
11091,0,label
11092,0,label
11093,0,label
11094,0,label
11095,0,label
11096,0,label
11097,0,label
11098,0,label
11099,0,label
11100,0,label
11101,0,label
11102,0,label
11103,0,label
11104,0,label
11105,0,label
11106,0,label
11107,0,label
11108,0,label
11109,0,label
11110,0,label
11111,0,label
11112,0,label
11113,0,label
11114,0,label
11115,0,label
11116,0,label
11117,0,label
11118,0,label
11119,0,label
11120,0,label
11121,0,label
11122,0,label
11123,0,label
11124,0,label
11125,0,label
11126,0,label
11127,0,label
11128,0,label
11129,0,label
11130,0,label
11131,0,label
11132,0,label
11133,0,label
11134,0,label
11135,0,label
11136,0,label
11137,0,label
11138,0,label
11139,0,label
11140,0,label
11141,0,label
11142,0,label
11143,0,label
11144,0,label
11145,0,label
11146,0,label
11147,0,label
11148,0,label
11149,0,label
11150,0,label
11151,0,label
11152,0,label
11153,0,label
11154,0,label
11155,0,label
11156,0,label
11157,0,label
11158,0,label
11159,0,label
11160,0,label
11161,0,label
11162,0,label
11163,0,label
11164,0,label
11165,0,label
11166,0,label
11167,0,label
11168,0,label
11169,0,label
11170,0,label
11171,0,label
11172,0,label
11173,0,label
11174,0,label
11175,0,label
11176,0,label
11177,0,label
11178,0,label
11179,0,label
11180,0,label
11181,0,label
11182,0,label
11183,0,label
11184,0,label
11185,0,label
11186,0,label
11187,0,label
11188,0,label
11189,0,label
11190,0,label
11191,0,label
11192,0,label
11193,0,label
11194,0,label
11195,0,label
11196,0,label
11197,0,label
11198,0,label
11199,0,label
11200,0,label
11201,0,label
11202,0,label
11203,0,label
11204,0,label
11205,0,label
11206,0,label
11207,0,label
11208,0,label
11209,0,label
11210,0,label
11211,0,label
11212,0,label
11213,0,label
11214,0,label
11215,0,label
11216,0,label
11217,0,label
11218,0,label
11219,0,label
11220,0,label
11221,0,label
11222,0,label
11223,0,label
11224,0,label
11225,0,label
11226,0,label
11227,0,label
11228,0,label
11229,0,label
11230,0,label
11231,0,label
11232,0,label
11233,0,label
11234,0,label
11235,0,label
11236,0,label
11237,0,label
11238,0,label
11239,0,label
11240,0,label
11241,0,label
11242,0,label
11243,0,label
11244,0,label
11245,0,label
11246,0,label
11247,0,label
11248,0,label
11249,0,label
11250,0,label
11251,0,label
11252,0,label
11253,0,label
11254,0,label
11255,0,label
11256,0,label
11257,0,label
11258,0,label
11259,0,label
11260,0,label
11261,0,label
11262,0,label
11263,0,label
11264,0,label
11265,0,label
11266,0,label
11267,0,label
11268,0,label
11269,0,label
11270,0,label
11271,0,label
11272,0,label
11273,0,label
11274,0,label
11275,0,label
11276,0,label
11277,0,label
11278,0,label
11279,0,label
11280,0,label
11281,0,label
11282,0,label
11283,0,label
11284,0,label
11285,0,label
11286,0,label
11287,0,label
11288,0,label
11289,0,label
11290,0,label
11291,0,label
11292,0,label
11293,0,label
11294,0,label
11295,0,label
11296,0,label
11297,0,label
11298,0,label
11299,0,label
11300,0,label
11301,0,label
11302,0,label
11303,0,label
11304,0,label
11305,0,label
11306,0,label
11307,0,label
11308,0,label
11309,0,label
11310,0,label
11311,0,label
11312,0,label
11313,0,label
11314,0,label
11315,0,label
11316,0,label
11317,0,label
11318,0,label
11319,0,label
11320,0,label
11321,0,label
11322,0,label
11323,0,label
11324,0,label
11325,0,label
11326,0,label
11327,0,label
11328,0,label
11329,0,label
11330,0,label
11331,0,label
11332,0,label
11333,0,label
11334,0,label
11335,0,label
11336,0,label
11337,0,label
11338,0,label
11339,0,label
11340,0,label
11341,0,label
11342,0,label
11343,0,label
11344,0,label
11345,0,label
11346,0,label
11347,0,label
11348,0,label
11349,0,label
11350,0,label
11351,0,label
11352,0,label
11353,0,label
11354,0,label
11355,0,label
11356,0,label
11357,0,label
11358,0,label
11359,0,label
11360,0,label
11361,0,label
11362,0,label
11363,0,label
11364,0,label
11365,0,label
11366,0,label
11367,0,label
11368,0,label
11369,0,label
11370,0,label
11371,0,label
11372,0,label
11373,0,label
11374,0,label
11375,0,label
11376,0,label
11377,0,label
11378,0,label
11379,0,label
11380,0,label
11381,0,label
11382,0,label
11383,0,label
11384,0,label
11385,0,label
11386,0,label
11387,0,label
11388,0,label
11389,0,label
11390,0,label
11391,0,label
11392,0,label
11393,0,label
11394,0,label
11395,0,label
11396,0,label
11397,0,label
11398,0,label
11399,0,label
11400,0,label
11401,0,label
11402,0,label
11403,0,label
11404,0,label
11405,0,label
11406,0,label
11407,0,label
11408,0,label
11409,0,label
11410,0,label
11411,0,label
11412,0,label
11413,0,label
11414,0,label
11415,0,label
11416,0,label
11417,0,label
11418,0,label
11419,0,label
11420,0,label
11421,0,label
11422,0,label
11423,0,label
11424,0,label
11425,0,label
11426,0,label
11427,0,label
11428,0,label
11429,0,label
11430,0,label
11431,0,label
11432,0,label
11433,0,label
11434,0,label
11435,0,label
11436,0,label
11437,0,label
11438,0,label
11439,0,label
11440,0,label
11441,0,label
11442,0,label
11443,0,label
11444,0,label
11445,0,label
11446,0,label
11447,0,label
11448,0,label
11449,0,label
11450,0,label
11451,0,label
11452,0,label
11453,0,label
11454,0,label
11455,0,label
11456,0,label
11457,0,label
11458,0,label
11459,0,label
11460,0,label
11461,0,label
11462,0,label
11463,0,label
11464,0,label
11465,0,label
11466,0,label
11467,0,label
11468,0,label
11469,0,label
11470,0,label
11471,0,label
11472,0,label
11473,0,label
11474,0,label
11475,0,label
11476,0,label
11477,0,label
11478,0,label
11479,0,label
11480,0,label
11481,0,label
11482,0,label
11483,0,label
11484,0,label
11485,0,label
11486,0,label
11487,0,label
11488,0,label
11489,0,label
11490,0,label
11491,0,label
11492,0,label
11493,0,label
11494,0,label
11495,0,label
11496,0,label
11497,0,label
11498,0,label
11499,0,label
11500,0,label
11501,0,label
11502,0,label
11503,0,label
11504,0,label
11505,0,label
11506,0,label
11507,0,label
11508,0,label
11509,0,label
11510,0,label
11511,0,label
11512,0,label
11513,0,label
11514,0,label
11515,0,label
11516,0,label
11517,0,label
11518,0,label
11519,0,label
11520,0,label
11521,0,label
11522,0,label
11523,0,label
11524,0,label
11525,0,label
11526,0,label
11527,0,label
11528,0,label
11529,0,label
11530,0,label
11531,0,label
11532,0,label
11533,0,label
11534,0,label
11535,0,label
11536,0,label
11537,0,label
11538,0,label
11539,0,label
11540,0,label
11541,0,label
11542,0,label
11543,0,label
11544,0,label
11545,0,label
11546,0,label
11547,0,label
11548,0,label
11549,0,label
11550,0,label
11551,0,label
11552,0,label
11553,0,label
11554,0,label
11555,0,label
11556,0,label
11557,0,label
11558,0,label
11559,0,label
11560,0,label
11561,0,label
11562,0,label
11563,0,label
11564,0,label
11565,0,label
11566,0,label
11567,0,label
11568,0,label
11569,0,label
11570,0,label
11571,0,label
11572,0,label
11573,0,label
11574,0,label
11575,0,label
11576,0,label
11577,0,label
11578,0,label
11579,0,label
11580,0,label
11581,0,label
11582,0,label
11583,0,label
11584,0,label
11585,0,label
11586,0,label
11587,0,label
11588,0,label
11589,0,label
11590,0,label
11591,0,label
11592,0,label
11593,0,label
11594,0,label
11595,0,label
11596,0,label
11597,0,label
11598,0,label
11599,0,label
11600,0,label
11601,0,label
11602,0,label
11603,0,label
11604,0,label
11605,0,label
11606,0,label
11607,0,label
11608,0,label
11609,0,label
11610,0,label
11611,0,label
11612,0,label
11613,0,label
11614,0,label
11615,0,label
11616,0,label
11617,0,label
11618,0,label
11619,0,label
11620,0,label
11621,0,label
11622,0,label
11623,0,label
11624,0,label
11625,0,label
11626,0,label
11627,0,label
11628,0,label
11629,0,label
11630,0,label
11631,0,label
11632,0,label
11633,0,label
11634,0,label
11635,0,label
11636,0,label
11637,0,label
11638,0,label
11639,0,label
11640,0,label
11641,0,label
11642,0,label
11643,0,label
11644,0,label
11645,0,label
11646,0,label
11647,0,label
11648,0,label
11649,0,label
11650,0,label
11651,0,label
11652,0,label
11653,0,label
11654,0,label
11655,0,label
11656,0,label
11657,0,label
11658,0,label
11659,0,label
11660,0,label
11661,0,label
11662,0,label
11663,0,label
11664,0,label
11665,0,label
11666,0,label
11667,0,label
11668,0,label
11669,0,label
11670,0,label
11671,0,label
11672,0,label
11673,0,label
11674,0,label
11675,0,label
11676,0,label
11677,0,label
11678,0,label
11679,0,label
11680,0,label
11681,0,label
11682,0,label
11683,0,label
11684,0,label
11685,0,label
11686,0,label
11687,0,label
11688,0,label
11689,0,label
11690,0,label
11691,0,label
11692,0,label
11693,0,label
11694,0,label
11695,0,label
11696,0,label
11697,0,label
11698,0,label
11699,0,label
11700,0,label
11701,0,label
11702,0,label
11703,0,label
11704,0,label
11705,0,label
11706,0,label
11707,0,label
11708,0,label
11709,0,label
11710,0,label
11711,0,label
11712,0,label
11713,0,label
11714,0,label
11715,0,label
11716,0,label
11717,0,label
11718,0,label
11719,0,label
11720,0,label
11721,0,label
11722,0,label
11723,0,label
11724,0,label
11725,0,label
11726,0,label
11727,0,label
11728,0,label
11729,0,label
11730,0,label
11731,0,label
11732,0,label
11733,0,label
11734,0,label
11735,0,label
11736,0,label
11737,0,label
11738,0,label
11739,0,label
11740,0,label
11741,0,label
11742,0,label
11743,0,label
11744,0,label
11745,0,label
11746,0,label
11747,0,label
11748,0,label
11749,0,label
11750,0,label
11751,0,label
11752,0,label
11753,0,label
11754,0,label
11755,0,label
11756,0,label
11757,0,label
11758,0,label
11759,0,label
11760,0,label
11761,0,label
11762,0,label
11763,0,label
11764,0,label
11765,0,label
11766,0,label
11767,0,label
11768,0,label
11769,0,label
11770,0,label
11771,0,label
11772,0,label
11773,0,label
11774,0,label
11775,0,label
11776,0,label
11777,0,label
11778,0,label
11779,0,label
11780,0,label
11781,0,label
11782,0,label
11783,0,label
11784,0,label
11785,0,label
11786,0,label
11787,0,label
11788,0,label
11789,0,label
11790,0,label
11791,0,label
11792,0,label
11793,0,label
11794,0,label
11795,0,label
11796,0,label
11797,0,label
11798,0,label
11799,0,label
11800,0,label
11801,0,label
11802,0,label
11803,0,label
11804,0,label
11805,0,label
11806,0,label
11807,0,label
11808,0,label
11809,0,label
11810,0,label
11811,0,label
11812,0,label
11813,0,label
11814,0,label
11815,0,label
11816,0,label
11817,0,label
11818,0,label
11819,0,label
11820,0,label
11821,0,label
11822,0,label
11823,0,label
11824,0,label
11825,0,label
11826,0,label
11827,0,label
11828,0,label
11829,0,label
11830,0,label
11831,0,label
11832,0,label
11833,0,label
11834,0,label
11835,0,label
11836,0,label
11837,0,label
11838,0,label
11839,0,label
11840,0,label
11841,0,label
11842,0,label
11843,0,label
11844,0,label
11845,0,label
11846,0,label
11847,0,label
11848,0,label
11849,0,label
11850,0,label
11851,0,label
11852,0,label
11853,0,label
11854,0,label
11855,0,label
11856,0,label
11857,0,label
11858,0,label
11859,0,label
11860,0,label
11861,0,label
11862,0,label
11863,0,label
11864,0,label
11865,0,label
11866,0,label
11867,0,label
11868,0,label
11869,0,label
11870,0,label
11871,0,label
11872,0,label
11873,0,label
11874,0,label
11875,0,label
11876,0,label
11877,0,label
11878,0,label
11879,0,label
11880,0,label
11881,0,label
11882,0,label
11883,0,label
11884,0,label
11885,0,label
11886,0,label
11887,0,label
11888,0,label
11889,0,label
11890,0,label
11891,0,label
11892,0,label
11893,0,label
11894,0,label
11895,0,label
11896,0,label
11897,0,label
11898,0,label
11899,0,label
11900,0,label
11901,0,label
11902,0,label
11903,0,label
11904,0,label
11905,0,label
11906,0,label
11907,0,label
11908,0,label
11909,0,label
11910,0,label
11911,0,label
11912,0,label
11913,0,label
11914,0,label
11915,0,label
11916,0,label
11917,0,label
11918,0,label
11919,0,label
11920,0,label
11921,0,label
11922,0,label
11923,0,label
11924,0,label
11925,0,label
11926,0,label
11927,0,label
11928,0,label
11929,0,label
11930,0,label
11931,0,label
11932,0,label
11933,0,label
11934,0,label
11935,0,label
11936,0,label
11937,0,label
11938,0,label
11939,0,label
11940,0,label
11941,0,label
11942,0,label
11943,0,label
11944,0,label
11945,0,label
11946,0,label
11947,0,label
11948,0,label
11949,0,label
11950,0,label
11951,0,label
11952,0,label
11953,0,label
11954,0,label
11955,0,label
11956,0,label
11957,0,label
11958,0,label
11959,0,label
11960,0,label
11961,0,label
11962,0,label
11963,0,label
11964,0,label
11965,0,label
11966,0,label
11967,0,label
11968,0,label
11969,0,label
11970,0,label
11971,0,label
11972,0,label
11973,0,label
11974,0,label
11975,0,label
11976,0,label
11977,0,label
11978,0,label
11979,0,label
11980,0,label
11981,0,label
11982,0,label
11983,0,label
11984,0,label
11985,0,label
11986,0,label
11987,0,label
11988,0,label
11989,0,label
11990,0,label
11991,0,label
11992,0,label
11993,0,label
11994,0,label
11995,0,label
11996,0,label
11997,0,label
11998,0,label
11999,0,label
12000,0,label
12001,0,label
12002,0,label
12003,0,label
12004,0,label
12005,0,label
12006,0,label
12007,0,label
12008,0,label
12009,0,label
12010,0,label
12011,0,label
12012,0,label
12013,0,label
12014,0,label
12015,0,label
12016,0,label
12017,0,label
12018,0,label
12019,0,label
12020,0,label
12021,0,label
12022,0,label
12023,0,label
12024,0,label
12025,0,label
12026,0,label
12027,0,label
12028,0,label
12029,0,label
12030,0,label
12031,0,label
12032,0,label
12033,0,label
12034,0,label
12035,0,label
12036,0,label
12037,0,label
12038,0,label
12039,0,label
12040,0,label
12041,0,label
12042,0,label
12043,0,label
12044,0,label
12045,0,label
12046,0,label
12047,0,label
12048,0,label
12049,0,label
12050,0,label
12051,0,label
12052,0,label
12053,0,label
12054,0,label
12055,0,label
12056,0,label
12057,0,label
12058,0,label
12059,0,label
12060,0,label
12061,0,label
12062,0,label
12063,0,label
12064,0,label
12065,0,label
12066,0,label
12067,0,label
12068,0,label
12069,0,label
12070,0,label
12071,0,label
12072,0,label
12073,0,label
12074,0,label
12075,0,label
12076,0,label
12077,0,label
12078,0,label
12079,0,label
12080,0,label
12081,0,label
12082,0,label
12083,0,label
12084,0,label
12085,0,label
12086,0,label
12087,0,label
12088,0,label
12089,0,label
12090,0,label
12091,0,label
12092,0,label
12093,0,label
12094,0,label
12095,0,label
12096,0,label
12097,0,label
12098,0,label
12099,0,label
12100,0,label
12101,0,label
12102,0,label
12103,0,label
12104,0,label
12105,0,label
12106,0,label
12107,0,label
12108,0,label
12109,0,label
12110,0,label
12111,0,label
12112,0,label
12113,0,label
12114,0,label
12115,0,label
12116,0,label
12117,0,label
12118,0,label
12119,0,label
12120,0,label
12121,0,label
12122,0,label
12123,0,label
12124,0,label
12125,0,label
12126,0,label
12127,0,label
12128,0,label
12129,0,label
12130,0,label
12131,0,label
12132,0,label
12133,0,label
12134,0,label
12135,0,label
12136,0,label
12137,0,label
12138,0,label
12139,0,label
12140,0,label
12141,0,label
12142,0,label
12143,0,label
12144,0,label
12145,0,label
12146,0,label
12147,0,label
12148,0,label
12149,0,label
12150,0,label
12151,0,label
12152,0,label
12153,0,label
12154,0,label
12155,0,label
12156,0,label
12157,0,label
12158,0,label
12159,0,label
12160,0,label
12161,0,label
12162,0,label
12163,0,label
12164,0,label
12165,0,label
12166,0,label
12167,0,label
12168,0,label
12169,0,label
12170,0,label
12171,0,label
12172,0,label
12173,0,label
12174,0,label
12175,0,label
12176,0,label
12177,0,label
12178,0,label
12179,0,label
12180,0,label
12181,0,label
12182,0,label
12183,0,label
12184,0,label
12185,0,label
12186,0,label
12187,0,label
12188,0,label
12189,0,label
12190,0,label
12191,0,label
12192,0,label
12193,0,label
12194,0,label
12195,0,label
12196,0,label
12197,0,label
12198,0,label
12199,0,label
12200,0,label
12201,0,label
12202,0,label
12203,0,label
12204,0,label
12205,0,label
12206,0,label
12207,0,label
12208,0,label
12209,0,label
12210,0,label
12211,0,label
12212,0,label
12213,0,label
12214,0,label
12215,0,label
12216,0,label
12217,0,label
12218,0,label
12219,0,label
12220,0,label
12221,0,label
12222,0,label
12223,0,label
12224,0,label
12225,0,label
12226,0,label
12227,0,label
12228,0,label
12229,0,label
12230,0,label
12231,0,label
12232,0,label
12233,0,label
12234,0,label
12235,0,label
12236,0,label
12237,0,label
12238,0,label
12239,0,label
12240,0,label
12241,0,label
12242,0,label
12243,0,label
12244,0,label
12245,0,label
12246,0,label
12247,0,label
12248,0,label
12249,0,label
12250,0,label
12251,0,label
12252,0,label
12253,0,label
12254,0,label
12255,0,label
12256,0,label
12257,0,label
12258,0,label
12259,0,label
12260,0,label
12261,0,label
12262,0,label
12263,0,label
12264,0,label
12265,0,label
12266,0,label
12267,0,label
12268,0,label
12269,0,label
12270,0,label
12271,0,label
12272,0,label
12273,0,label
12274,0,label
12275,0,label
12276,0,label
12277,0,label
12278,0,label
12279,0,label
12280,0,label
12281,0,label
12282,0,label
12283,0,label
12284,0,label
12285,0,label
12286,0,label
12287,0,label
12288,0,label
12289,0,label
12290,0,label
12291,0,label
12292,0,label
12293,0,label
12294,0,label
12295,0,label
12296,0,label
12297,0,label
12298,0,label
12299,0,label
12300,0,label
12301,0,label
12302,0,label
12303,0,label
12304,0,label
12305,0,label
12306,0,label
12307,0,label
12308,0,label
12309,0,label
12310,0,label
12311,0,label
12312,0,label
12313,0,label
12314,0,label
12315,0,label
12316,0,label
12317,0,label
12318,0,label
12319,0,label
12320,0,label
12321,0,label
12322,0,label
12323,0,label
12324,0,label
12325,0,label
12326,0,label
12327,0,label
12328,0,label
12329,0,label
12330,0,label
12331,0,label
12332,0,label
12333,0,label
12334,0,label
12335,0,label
12336,0,label
12337,0,label
12338,0,label
12339,0,label
12340,0,label
12341,0,label
12342,0,label
12343,0,label
12344,0,label
12345,0,label
12346,0,label
12347,0,label
12348,0,label
12349,0,label
12350,0,label
12351,0,label
12352,0,label
12353,0,label
12354,0,label
12355,0,label
12356,0,label
12357,0,label
12358,0,label
12359,0,label
12360,0,label
12361,0,label
12362,0,label
12363,0,label
12364,0,label
12365,0,label
12366,0,label
12367,0,label
12368,0,label
12369,0,label
12370,0,label
12371,0,label
12372,0,label
12373,0,label
12374,0,label
12375,0,label
12376,0,label
12377,0,label
12378,0,label
12379,0,label
12380,0,label
12381,0,label
12382,0,label
12383,0,label
12384,0,label
12385,0,label
12386,0,label
12387,0,label
12388,0,label
12389,0,label
12390,0,label
12391,0,label
12392,0,label
12393,0,label
12394,0,label
12395,0,label
12396,0,label
12397,0,label
12398,0,label
12399,0,label
12400,0,label
12401,0,label
12402,0,label
12403,0,label
12404,0,label
12405,0,label
12406,0,label
12407,0,label
12408,0,label
12409,0,label
12410,0,label
12411,0,label
12412,0,label
12413,0,label
12414,0,label
12415,0,label
12416,0,label
12417,0,label
12418,0,label
12419,0,label
12420,0,label
12421,0,label
12422,0,label
12423,0,label
12424,0,label
12425,0,label
12426,0,label
12427,0,label
12428,0,label
12429,0,label
12430,0,label
12431,0,label
12432,0,label
12433,0,label
12434,0,label
12435,0,label
12436,0,label
12437,0,label
12438,0,label
12439,0,label
12440,0,label
12441,0,label
12442,0,label
12443,0,label
12444,0,label
12445,0,label
12446,0,label
12447,0,label
12448,0,label
12449,0,label
12450,0,label
12451,0,label
12452,0,label
12453,0,label
12454,0,label
12455,0,label
12456,0,label
12457,0,label
12458,0,label
12459,0,label
12460,0,label
12461,0,label
12462,0,label
12463,0,label
12464,0,label
12465,0,label
12466,0,label
12467,0,label
12468,0,label
12469,0,label
12470,0,label
12471,0,label
12472,0,label
12473,0,label
12474,0,label
12475,0,label
12476,0,label
12477,0,label
12478,0,label
12479,0,label
12480,0,label
12481,0,label
12482,0,label
12483,0,label
12484,0,label
12485,0,label
12486,0,label
12487,0,label
12488,0,label
12489,0,label
12490,0,label
12491,0,label
12492,0,label
12493,0,label
12494,0,label
12495,0,label
12496,0,label
12497,0,label
12498,0,label
12499,0,label
12500,0,label
12501,0,label
12502,0,label
12503,0,label
12504,0,label
12505,0,label
12506,0,label
12507,0,label
12508,0,label
12509,0,label
12510,0,label
12511,0,label
12512,0,label
12513,0,label
12514,0,label
12515,0,label
12516,0,label
12517,0,label
12518,0,label
12519,0,label
12520,0,label
12521,0,label
12522,0,label
12523,0,label
12524,0,label
12525,0,label
12526,0,label
12527,0,label
12528,0,label
12529,0,label
12530,0,label
12531,0,label
12532,0,label
12533,0,label
12534,0,label
12535,0,label
12536,0,label
12537,0,label
12538,0,label
12539,0,label
12540,0,label
12541,0,label
12542,0,label
12543,0,label
12544,0,label
12545,0,label
12546,0,label
12547,0,label
12548,0,label
12549,0,label
12550,0,label
12551,0,label
12552,0,label
12553,0,label
12554,0,label
12555,0,label
12556,0,label
12557,0,label
12558,0,label
12559,0,label
12560,0,label
12561,0,label
12562,0,label
12563,0,label
12564,0,label
12565,0,label
12566,0,label
12567,0,label
12568,0,label
12569,0,label
12570,0,label
12571,0,label
12572,0,label
12573,0,label
12574,0,label
12575,0,label
12576,0,label
12577,0,label
12578,0,label
12579,0,label
12580,0,label
12581,0,label
12582,0,label
12583,0,label
12584,0,label
12585,0,label
12586,0,label
12587,0,label
12588,0,label
12589,0,label
12590,0,label
12591,0,label
12592,0,label
12593,0,label
12594,0,label
12595,0,label
12596,0,label
12597,0,label
12598,0,label
12599,0,label
12600,0,label
12601,0,label
12602,0,label
12603,0,label
12604,0,label
12605,0,label
12606,0,label
12607,0,label
12608,0,label
12609,0,label
12610,0,label
12611,0,label
12612,0,label
12613,0,label
12614,0,label
12615,0,label
12616,0,label
12617,0,label
12618,0,label
12619,0,label
12620,0,label
12621,0,label
12622,0,label
12623,0,label
12624,0,label
12625,0,label
12626,0,label
12627,0,label
12628,0,label
12629,0,label
12630,0,label
12631,0,label
12632,0,label
12633,0,label
12634,0,label
12635,0,label
12636,0,label
12637,0,label
12638,0,label
12639,0,label
12640,0,label
12641,0,label
12642,0,label
12643,0,label
12644,0,label
12645,0,label
12646,0,label
12647,0,label
12648,0,label
12649,0,label
12650,0,label
12651,0,label
12652,0,label
12653,0,label
12654,0,label
12655,0,label
12656,0,label
12657,0,label
12658,0,label
12659,0,label
12660,0,label
12661,0,label
12662,0,label
12663,0,label
12664,0,label
12665,0,label
12666,0,label
12667,0,label
12668,0,label
12669,0,label
12670,0,label
12671,0,label
12672,0,label
12673,0,label
12674,0,label
12675,0,label
12676,0,label
12677,0,label
12678,0,label
12679,0,label
12680,0,label
12681,0,label
12682,0,label
12683,0,label
12684,0,label
12685,0,label
12686,0,label
12687,0,label
12688,0,label
12689,0,label
12690,0,label
12691,0,label
12692,0,label
12693,0,label
12694,0,label
12695,0,label
12696,0,label
12697,0,label
12698,0,label
12699,0,label
12700,0,label
12701,0,label
12702,0,label
12703,0,label
12704,0,label
12705,0,label
12706,0,label
12707,0,label
12708,0,label
12709,0,label
12710,0,label
12711,0,label
12712,0,label
12713,0,label
12714,0,label
12715,0,label
12716,0,label
12717,0,label
12718,0,label
12719,0,label
12720,0,label
12721,0,label
12722,0,label
12723,0,label
12724,0,label
12725,0,label
12726,0,label
12727,0,label
12728,0,label
12729,0,label
12730,0,label
12731,0,label
12732,0,label
12733,0,label
12734,0,label
12735,0,label
12736,0,label
12737,0,label
12738,0,label
12739,0,label
12740,0,label
12741,0,label
12742,0,label
12743,0,label
12744,0,label
12745,0,label
12746,0,label
12747,0,label
12748,0,label
12749,0,label
12750,0,label
12751,0,label
12752,0,label
12753,0,label
12754,0,label
12755,0,label
12756,0,label
12757,0,label
12758,0,label
12759,0,label
12760,0,label
12761,0,label
12762,0,label
12763,0,label
12764,0,label
12765,0,label
12766,0,label
12767,0,label
12768,0,label
12769,0,label
12770,0,label
12771,0,label
12772,0,label
12773,0,label
12774,0,label
12775,0,label
12776,0,label
12777,0,label
12778,0,label
12779,0,label
12780,0,label
12781,0,label
12782,0,label
12783,0,label
12784,0,label
12785,0,label
12786,0,label
12787,0,label
12788,0,label
12789,0,label
12790,0,label
12791,0,label
12792,0,label
12793,0,label
12794,0,label
12795,0,label
12796,0,label
12797,0,label
12798,0,label
12799,0,label
12800,0,label
12801,0,label
12802,0,label
12803,0,label
12804,0,label
12805,0,label
12806,0,label
12807,0,label
12808,0,label
12809,0,label
12810,0,label
12811,0,label
12812,0,label
12813,0,label
12814,0,label
12815,0,label
12816,0,label
12817,0,label
12818,0,label
12819,0,label
12820,0,label
12821,0,label
12822,0,label
12823,0,label
12824,1,label
12825,0,label
12826,0,label
12827,0,label
12828,0,label
12829,0,label
12830,0,label
12831,0,label
12832,0,label
12833,0,label
12834,0,label
12835,0,label
12836,0,label
12837,0,label
12838,0,label
12839,0,label
12840,0,label
12841,1,label
12842,0,label
12843,0,label
12844,0,label
12845,0,label
12846,0,label
12847,0,label
12848,0,label
12849,0,label
12850,0,label
12851,0,label
12852,0,label
12853,0,label
12854,1,label
12855,0,label
12856,0,label
12857,0,label
12858,0,label
12859,0,label
12860,0,label
12861,0,label
12862,0,label
12863,0,label
12864,0,label
12865,0,label
12866,0,label
12867,0,label
12868,0,label
12869,0,label
12870,0,label
12871,0,label
12872,0,label
12873,0,label
12874,0,label
12875,0,label
12876,0,label
12877,0,label
12878,0,label
12879,0,label
12880,0,label
12881,0,label
12882,0,label
12883,0,label
12884,0,label
12885,0,label
12886,0,label
12887,0,label
12888,0,label
12889,0,label
12890,0,label
12891,0,label
12892,0,label
12893,0,label
12894,0,label
12895,0,label
12896,0,label
12897,0,label
12898,0,label
12899,0,label
12900,0,label
12901,0,label
12902,0,label
12903,0,label
12904,0,label
12905,0,label
12906,0,label
12907,0,label
12908,0,label
12909,1,label
12910,1,label
12911,0,label
12912,0,label
12913,1,label
12914,0,label
12915,0,label
12916,0,label
12917,0,label
12918,0,label
12919,0,label
12920,0,label
12921,0,label
12922,0,label
12923,0,label
12924,0,label
12925,0,label
12926,0,label
12927,0,label
12928,0,label
12929,0,label
12930,0,label
12931,0,label
12932,0,label
12933,0,label
12934,0,label
12935,0,label
12936,0,label
12937,0,label
12938,1,label
12939,0,label
12940,0,label
12941,0,label
12942,0,label
12943,0,label
12944,0,label
12945,0,label
12946,0,label
12947,1,label
12948,1,label
12949,0,label
12950,0,label
12951,0,label
12952,0,label
12953,0,label
12954,0,label
12955,0,label
12956,0,label
12957,0,label
12958,0,label
12959,0,label
12960,0,label
12961,0,label
12962,0,label
12963,0,label
12964,0,label
12965,0,label
12966,0,label
12967,0,label
12968,0,label
12969,0,label
12970,0,label
12971,0,label
12972,0,label
12973,0,label
12974,0,label
12975,0,label
12976,0,label
12977,0,label
12978,0,label
12979,0,label
12980,0,label
12981,0,label
12982,0,label
12983,0,label
12984,0,label
12985,0,label
12986,0,label
12987,0,label
12988,0,label
12989,0,label
12990,0,label
12991,0,label
12992,0,label
12993,0,label
12994,0,label
12995,0,label
12996,0,label
12997,0,label
12998,0,label
12999,0,label
13000,0,label
13001,0,label
13002,0,label
13003,0,label
13004,0,label
13005,0,label
13006,0,label
13007,1,label
13008,1,label
13009,0,label
13010,0,label
13011,0,label
13012,0,label
13013,0,label
13014,0,label
13015,0,label
13016,0,label
13017,1,label
13018,0,label
13019,0,label
13020,0,label
13021,0,label
13022,0,label
13023,0,label
13024,0,label
13025,0,label
13026,0,label
13027,0,label
13028,0,label
13029,1,label
13030,1,label
13031,1,label
13032,0,label
13033,0,label
13034,0,label
13035,0,label
13036,0,label
13037,0,label
13038,0,label
13039,0,label
13040,0,label
13041,0,label
13042,0,label
13043,0,label
13044,0,label
13045,1,label
13046,1,label
13047,0,label
13048,0,label
13049,0,label
13050,0,label
13051,0,label
13052,0,label
13053,0,label
13054,0,label
13055,0,label
13056,0,label
13057,0,label
13058,0,label
13059,0,label
13060,0,label
13061,0,label
13062,0,label
13063,0,label
13064,0,label
13065,0,label
13066,0,label
13067,0,label
13068,0,label
13069,0,label
13070,0,label
13071,0,label
13072,0,label
13073,0,label
13074,0,label
13075,0,label
13076,0,label
13077,0,label
13078,0,label
13079,0,label
13080,0,label
13081,0,label
13082,0,label
13083,0,label
13084,0,label
13085,0,label
13086,0,label
13087,0,label
13088,0,label
13089,0,label
13090,0,label
13091,0,label
13092,0,label
13093,0,label
13094,1,label
13095,0,label
13096,0,label
13097,0,label
13098,0,label
13099,0,label
13100,0,label
13101,0,label
13102,0,label
13103,0,label
13104,0,label
13105,0,label
13106,0,label
13107,0,label
13108,0,label
13109,0,label
13110,0,label
13111,0,label
13112,0,label
13113,0,label
13114,0,label
13115,0,label
13116,0,label
13117,0,label
13118,0,label
13119,0,label
13120,0,label
13121,0,label
13122,0,label
13123,0,label
13124,0,label
13125,0,label
13126,1,label
13127,0,label
13128,1,label
13129,0,label
13130,0,label
13131,1,label
13132,1,label
13133,0,label
13134,0,label
13135,0,label
13136,0,label
13137,0,label
13138,0,label
13139,0,label
13140,0,label
13141,0,label
13142,0,label
13143,0,label
13144,0,label
13145,0,label
13146,0,label
13147,0,label
13148,0,label
13149,0,label
13150,0,label
13151,0,label
13152,0,label
13153,0,label
13154,0,label
13155,0,label
13156,0,label
13157,1,label
13158,0,label
13159,0,label
13160,0,label
13161,0,label
13162,0,label
13163,0,label
13164,0,label
13165,1,label
13166,0,label
13167,0,label
13168,0,label
13169,0,label
13170,0,label
13171,0,label
13172,0,label
13173,0,label
13174,0,label
13175,0,label
13176,1,label
13177,0,label
13178,1,label
13179,0,label
13180,0,label
13181,0,label
13182,0,label
13183,0,label
13184,0,label
13185,0,label
13186,0,label
13187,0,label
13188,0,label
13189,0,label
13190,0,label
13191,0,label
13192,0,label
13193,0,label
13194,0,label
13195,0,label
13196,0,label
13197,0,label
13198,0,label
13199,0,label
13200,0,label
13201,0,label
13202,0,label
13203,0,label
13204,0,label
13205,0,label
13206,0,label
13207,0,label
13208,1,label
13209,0,label
13210,0,label
13211,0,label
13212,0,label
13213,0,label
13214,0,label
13215,0,label
13216,0,label
13217,0,label
13218,0,label
13219,1,label
13220,0,label
13221,0,label
13222,0,label
13223,0,label
13224,0,label
13225,0,label
13226,0,label
13227,0,label
13228,0,label
13229,0,label
13230,0,label
13231,0,label
13232,0,label
13233,0,label
13234,0,label
13235,0,label
13236,0,label
13237,0,label
13238,0,label
13239,0,label
13240,0,label
13241,0,label
13242,0,label
13243,0,label
13244,0,label
13245,0,label
13246,0,label
13247,0,label
13248,0,label
13249,0,label
13250,0,label
13251,0,label
13252,0,label
13253,0,label
13254,0,label
13255,0,label
13256,0,label
13257,0,label
13258,0,label
13259,1,label
13260,0,label
13261,0,label
13262,0,label
13263,1,label
13264,0,label
13265,0,label
13266,0,label
13267,0,label
13268,0,label
13269,0,label
13270,0,label
13271,0,label
13272,0,label
13273,0,label
13274,0,label
13275,0,label
13276,1,label
13277,0,label
13278,0,label
13279,0,label
13280,0,label
13281,0,label
13282,0,label
13283,0,label
13284,0,label
13285,0,label
13286,0,label
13287,0,label
13288,0,label
13289,0,label
13290,0,label
13291,0,label
13292,0,label
13293,0,label
13294,0,label
13295,0,label
13296,1,label
13297,1,label
13298,0,label
13299,0,label
13300,0,label
13301,0,label
13302,0,label
13303,0,label
13304,0,label
13305,0,label
13306,0,label
13307,0,label
13308,0,label
13309,0,label
13310,1,label
13311,0,label
13312,0,label
13313,0,label
13314,0,label
13315,0,label
13316,0,label
13317,0,label
13318,0,label
13319,0,label
13320,0,label
13321,0,label
13322,0,label
13323,0,label
13324,0,label
13325,0,label
13326,0,label
13327,0,label
13328,0,label
13329,0,label
13330,0,label
13331,0,label
13332,0,label
13333,0,label
13334,0,label
13335,0,label
13336,0,label
13337,0,label
13338,0,label
13339,0,label
13340,0,label
13341,1,label
13342,1,label
13343,0,label
13344,0,label
13345,0,label
13346,0,label
13347,0,label
13348,0,label
13349,0,label
13350,0,label
13351,0,label
13352,0,label
13353,0,label
13354,1,label
13355,0,label
13356,0,label
13357,0,label
13358,0,label
13359,0,label
13360,0,label
13361,0,label
13362,0,label
13363,0,label
13364,0,label
13365,0,label
13366,0,label
13367,0,label
13368,0,label
13369,0,label
13370,0,label
13371,0,label
13372,0,label
13373,0,label
13374,0,label
13375,0,label
13376,0,label
13377,0,label
13378,0,label
13379,0,label
13380,0,label
13381,0,label
13382,0,label
13383,0,label
13384,0,label
13385,0,label
13386,0,label
13387,1,label
13388,0,label
13389,0,label
13390,0,label
13391,0,label
13392,0,label
13393,0,label
13394,0,label
13395,0,label
13396,0,label
13397,0,label
13398,0,label
13399,0,label
13400,0,label
13401,0,label
13402,1,label
13403,0,label
13404,1,label
13405,0,label
13406,0,label
13407,0,label
13408,1,label
13409,0,label
13410,0,label
13411,0,label
13412,0,label
13413,0,label
13414,0,label
13415,0,label
13416,0,label
13417,1,label
13418,0,label
13419,0,label
13420,0,label
13421,0,label
13422,0,label
13423,0,label
13424,0,label
13425,0,label
13426,0,label
13427,0,label
13428,0,label
13429,0,label
13430,0,label
13431,0,label
13432,0,label
13433,0,label
13434,0,label
13435,0,label
13436,0,label
13437,0,label
13438,0,label
13439,0,label
13440,0,label
13441,0,label
13442,0,label
13443,0,label
13444,0,label
13445,0,label
13446,0,label
13447,0,label
13448,0,label
13449,0,label
13450,0,label
13451,0,label
13452,0,label
13453,0,label
13454,0,label
13455,0,label
13456,0,label
13457,0,label
13458,0,label
13459,0,label
13460,0,label
13461,0,label
13462,0,label
13463,0,label
13464,0,label
13465,0,label
13466,0,label
13467,0,label
13468,0,label
13469,0,label
13470,0,label
13471,0,label
13472,0,label
13473,0,label
13474,0,label
13475,0,label
13476,0,label
13477,0,label
13478,0,label
13479,0,label
13480,0,label
13481,0,label
13482,0,label
13483,0,label
13484,0,label
13485,0,label
13486,0,label
13487,0,label
13488,0,label
13489,0,label
13490,0,label
13491,0,label
13492,0,label
13493,0,label
13494,0,label
13495,0,label
13496,0,label
13497,0,label
13498,0,label
13499,0,label
13500,0,label
13501,0,label
13502,0,label
13503,0,label
13504,0,label
13505,1,label
13506,0,label
13507,0,label
13508,0,label
13509,0,label
13510,0,label
13511,0,label
13512,0,label
13513,0,label
13514,0,label
13515,0,label
13516,0,label
13517,0,label
13518,0,label
13519,0,label
13520,0,label
13521,0,label
13522,0,label
13523,0,label
13524,0,label
13525,0,label
13526,0,label
13527,0,label
13528,0,label
13529,0,label
13530,0,label
13531,0,label
13532,0,label
13533,1,label
13534,0,label
13535,0,label
13536,0,label
13537,0,label
13538,0,label
13539,0,label
13540,0,label
13541,0,label
13542,0,label
13543,0,label
13544,0,label
13545,0,label
13546,0,label
13547,0,label
13548,0,label
13549,0,label
13550,0,label
13551,1,label
13552,0,label
13553,1,label
13554,1,label
13555,0,label
13556,0,label
13557,0,label
13558,0,label
13559,0,label
13560,0,label
13561,0,label
13562,0,label
13563,0,label
13564,0,label
13565,0,label
13566,0,label
13567,0,label
13568,0,label
13569,0,label
13570,0,label
13571,0,label
13572,0,label
13573,0,label
13574,0,label
13575,0,label
13576,0,label
13577,0,label
13578,0,label
13579,0,label
13580,0,label
13581,0,label
13582,0,label
13583,0,label
13584,0,label
13585,0,label
13586,0,label
13587,0,label
13588,0,label
13589,0,label
13590,0,label
13591,0,label
13592,0,label
13593,0,label
13594,0,label
13595,0,label
13596,0,label
13597,0,label
13598,0,label
13599,0,label
13600,0,label
13601,0,label
13602,0,label
13603,0,label
13604,0,label
13605,0,label
13606,0,label
13607,0,label
13608,0,label
13609,0,label
13610,0,label
13611,0,label
13612,0,label
13613,0,label
13614,0,label
13615,0,label
13616,1,label
13617,1,label
13618,0,label
13619,0,label
13620,0,label
13621,0,label
13622,0,label
13623,0,label
13624,0,label
13625,0,label
13626,0,label
13627,0,label
13628,0,label
13629,0,label
13630,0,label
13631,0,label
13632,0,label
13633,0,label
13634,1,label
13635,0,label
13636,0,label
13637,0,label
13638,0,label
13639,0,label
13640,0,label
13641,0,label
13642,0,label
13643,0,label
13644,0,label
13645,0,label
13646,0,label
13647,0,label
13648,0,label
13649,0,label
13650,0,label
13651,0,label
13652,0,label
13653,1,label
13654,1,label
13655,0,label
13656,0,label
13657,0,label
13658,0,label
13659,0,label
13660,0,label
13661,0,label
13662,0,label
13663,0,label
13664,0,label
13665,0,label
13666,1,label
13667,0,label
13668,0,label
13669,0,label
13670,0,label
13671,0,label
13672,0,label
13673,0,label
13674,0,label
13675,0,label
13676,0,label
13677,1,label
13678,1,label
13679,1,label
13680,0,label
13681,0,label
13682,0,label
13683,0,label
13684,0,label
13685,0,label
13686,0,label
13687,0,label
13688,0,label
13689,1,label
13690,0,label
13691,0,label
13692,0,label
13693,0,label
13694,0,label
13695,0,label
13696,0,label
13697,1,label
13698,0,label
13699,0,label
13700,0,label
13701,0,label
13702,0,label
13703,0,label
13704,0,label
13705,0,label
13706,0,label
13707,0,label
13708,0,label
13709,0,label
13710,1,label
13711,1,label
13712,0,label
13713,0,label
13714,0,label
13715,0,label
13716,0,label
13717,1,label
13718,0,label
13719,1,label
13720,0,label
13721,0,label
13722,0,label
13723,0,label
13724,0,label
13725,0,label
13726,0,label
13727,0,label
13728,1,label
13729,1,label
13730,0,label
13731,1,label
13732,0,label
13733,0,label
13734,0,label
13735,0,label
13736,0,label
13737,0,label
13738,0,label
13739,0,label
13740,0,label
13741,0,label
13742,0,label
13743,0,label
13744,0,label
13745,0,label
13746,0,label
13747,0,label
13748,0,label
13749,0,label
13750,0,label
13751,0,label
13752,0,label
13753,0,label
13754,0,label
13755,0,label
13756,0,label
13757,0,label
13758,0,label
13759,0,label
13760,0,label
13761,0,label
13762,0,label
13763,0,label
13764,0,label
13765,0,label
13766,0,label
13767,0,label
13768,0,label
13769,0,label
13770,0,label
13771,0,label
13772,0,label
13773,0,label
13774,0,label
13775,0,label
13776,0,label
13777,0,label
13778,0,label
13779,0,label
13780,0,label
13781,0,label
13782,0,label
13783,1,label
13784,0,label
13785,0,label
13786,0,label
13787,0,label
13788,0,label
13789,0,label
13790,0,label
13791,0,label
13792,0,label
13793,0,label
13794,0,label
13795,0,label
13796,0,label
13797,1,label
13798,0,label
13799,0,label
13800,0,label
13801,0,label
13802,0,label
13803,0,label
13804,0,label
13805,0,label
13806,0,label
13807,0,label
13808,0,label
13809,0,label
13810,0,label
13811,0,label
13812,0,label
13813,0,label
13814,0,label
13815,0,label
13816,0,label
13817,0,label
13818,0,label
13819,0,label
13820,0,label
13821,0,label
13822,0,label
13823,0,label
13824,0,label
13825,0,label
13826,0,label
13827,0,label
13828,0,label
13829,0,label
13830,0,label
13831,0,label
13832,0,label
13833,0,label
13834,0,label
13835,0,label
13836,0,label
13837,0,label
13838,0,label
13839,0,label
13840,0,label
13841,0,label
13842,0,label
13843,0,label
13844,0,label
13845,0,label
13846,0,label
13847,0,label
13848,0,label
13849,0,label
13850,0,label
13851,0,label
13852,0,label
13853,1,label
13854,1,label
13855,0,label
13856,0,label
13857,0,label
13858,0,label
13859,0,label
13860,0,label
13861,0,label
13862,0,label
13863,1,label
13864,0,label
13865,1,label
13866,0,label
13867,0,label
13868,0,label
13869,0,label
13870,0,label
13871,0,label
13872,0,label
13873,0,label
13874,0,label
13875,0,label
13876,0,label
13877,0,label
13878,0,label
13879,0,label
13880,0,label
13881,0,label
13882,0,label
13883,0,label
13884,1,label
13885,0,label
13886,0,label
13887,0,label
13888,0,label
13889,0,label
13890,0,label
13891,0,label
13892,1,label
13893,0,label
13894,0,label
13895,0,label
13896,0,label
13897,0,label
13898,0,label
13899,0,label
13900,0,label
13901,0,label
13902,0,label
13903,1,label
13904,0,label
13905,0,label
13906,0,label
13907,0,label
13908,0,label
13909,0,label
13910,0,label
13911,0,label
13912,0,label
13913,0,label
13914,0,label
13915,0,label
13916,0,label
13917,0,label
13918,0,label
13919,0,label
13920,0,label
13921,0,label
13922,0,label
13923,0,label
13924,0,label
13925,0,label
13926,0,label
13927,0,label
13928,0,label
13929,0,label
13930,0,label
13931,0,label
13932,0,label
13933,0,label
13934,0,label
13935,0,label
13936,0,label
13937,0,label
13938,0,label
13939,0,label
13940,0,label
13941,0,label
13942,0,label
13943,0,label
13944,0,label
13945,0,label
13946,1,label
13947,0,label
13948,0,label
13949,0,label
13950,0,label
13951,0,label
13952,0,label
13953,0,label
13954,0,label
13955,0,label
13956,0,label
13957,0,label
13958,0,label
13959,0,label
13960,0,label
13961,0,label
13962,0,label
13963,0,label
13964,0,label
13965,0,label
13966,0,label
13967,0,label
13968,0,label
13969,0,label
13970,0,label
13971,0,label
13972,0,label
13973,0,label
13974,0,label
13975,0,label
13976,0,label
13977,0,label
13978,0,label
13979,0,label
13980,0,label
13981,0,label
13982,0,label
13983,0,label
13984,0,label
13985,0,label
13986,0,label
13987,0,label
13988,0,label
13989,0,label
13990,0,label
13991,0,label
13992,0,label
13993,0,label
13994,0,label
13995,0,label
13996,0,label
13997,0,label
13998,0,label
13999,0,label
14000,0,label
14001,0,label
14002,0,label
14003,1,label
14004,0,label
14005,0,label
14006,0,label
14007,0,label
14008,0,label
14009,0,label
14010,0,label
14011,0,label
14012,0,label
14013,0,label
14014,0,label
14015,0,label
14016,0,label
14017,0,label
14018,0,label
14019,0,label
14020,0,label
14021,0,label
14022,0,label
14023,0,label
14024,0,label
14025,0,label
14026,0,label
14027,0,label
14028,0,label
14029,0,label
14030,0,label
14031,0,label
14032,0,label
14033,0,label
14034,0,label
14035,0,label
14036,0,label
14037,0,label
14038,0,label
14039,0,label
14040,0,label
14041,1,label
14042,0,label
14043,0,label
14044,0,label
14045,0,label
14046,0,label
14047,0,label
14048,0,label
14049,1,label
14050,1,label
14051,0,label
14052,0,label
14053,0,label
14054,0,label
14055,0,label
14056,0,label
14057,0,label
14058,0,label
14059,0,label
14060,0,label
14061,0,label
14062,0,label
14063,1,label
14064,1,label
14065,0,label
14066,0,label
14067,0,label
14068,0,label
14069,0,label
14070,0,label
14071,1,label
14072,1,label
14073,0,label
14074,0,label
14075,0,label
14076,0,label
14077,0,label
14078,0,label
14079,0,label
14080,0,label
14081,0,label
14082,0,label
14083,0,label
14084,0,label
14085,0,label
14086,0,label
14087,0,label
14088,0,label
14089,0,label
14090,1,label
14091,0,label
14092,0,label
14093,0,label
14094,0,label
14095,0,label
14096,0,label
14097,0,label
14098,0,label
14099,1,label
14100,0,label
14101,1,label
14102,0,label
14103,0,label
14104,0,label
14105,0,label
14106,1,label
14107,0,label
14108,0,label
14109,0,label
14110,1,label
14111,0,label
14112,0,label
14113,0,label
14114,0,label
14115,0,label
14116,0,label
14117,0,label
14118,0,label
14119,0,label
14120,0,label
14121,1,label
14122,1,label
14123,0,label
14124,0,label
14125,0,label
14126,0,label
14127,0,label
14128,0,label
14129,1,label
14130,1,label
14131,0,label
14132,0,label
14133,0,label
14134,0,label
14135,0,label
14136,0,label
14137,0,label
14138,0,label
14139,0,label
14140,0,label
14141,0,label
14142,0,label
14143,0,label
14144,0,label
14145,0,label
14146,0,label
14147,0,label
14148,0,label
14149,0,label
14150,0,label
14151,0,label
14152,0,label
14153,0,label
14154,0,label
14155,0,label
14156,0,label
14157,0,label
14158,0,label
14159,0,label
14160,0,label
14161,0,label
14162,0,label
14163,0,label
14164,0,label
14165,0,label
14166,0,label
14167,0,label
14168,0,label
14169,0,label
14170,0,label
14171,0,label
14172,0,label
14173,0,label
14174,0,label
14175,0,label
14176,0,label
14177,0,label
14178,0,label
14179,0,label
14180,0,label
14181,0,label
14182,0,label
14183,0,label
14184,0,label
14185,0,label
14186,0,label
14187,0,label
14188,0,label
14189,0,label
14190,0,label
14191,0,label
14192,0,label
14193,0,label
14194,0,label
14195,0,label
14196,0,label
14197,0,label
14198,0,label
14199,0,label
14200,0,label
14201,0,label
14202,0,label
14203,0,label
14204,0,label
14205,0,label
14206,0,label
14207,0,label
14208,0,label
14209,0,label
14210,0,label
14211,0,label
14212,0,label
14213,0,label
14214,0,label
14215,0,label
14216,0,label
14217,0,label
14218,0,label
14219,0,label
14220,0,label
14221,0,label
14222,0,label
14223,0,label
14224,0,label
14225,0,label
14226,1,label
14227,0,label
14228,0,label
14229,0,label
14230,0,label
14231,0,label
14232,0,label
14233,0,label
14234,0,label
14235,0,label
14236,0,label
14237,0,label
14238,0,label
14239,0,label
14240,0,label
14241,0,label
14242,0,label
14243,0,label
14244,0,label
14245,0,label
14246,0,label
14247,0,label
14248,0,label
14249,0,label
14250,0,label
14251,0,label
14252,0,label
14253,0,label
14254,1,label
14255,0,label
14256,0,label
14257,0,label
14258,0,label
14259,0,label
14260,0,label
14261,0,label
14262,0,label
14263,0,label
14264,1,label
14265,0,label
14266,0,label
14267,0,label
14268,0,label
14269,0,label
14270,0,label
14271,0,label
14272,0,label
14273,0,label
14274,0,label
14275,0,label
14276,0,label
14277,0,label
14278,0,label
14279,0,label
14280,1,label
14281,0,label
14282,0,label
14283,0,label
14284,0,label
14285,0,label
14286,0,label
14287,0,label
14288,0,label
14289,0,label
14290,0,label
14291,0,label
14292,0,label
14293,0,label
14294,0,label
14295,0,label
14296,0,label
14297,1,label
14298,0,label
14299,0,label
14300,0,label
14301,0,label
14302,0,label
14303,0,label
14304,1,label
14305,0,label
14306,1,label
14307,0,label
14308,0,label
14309,0,label
14310,0,label
14311,0,label
14312,0,label
14313,0,label
14314,1,label
14315,0,label
14316,0,label
14317,0,label
14318,0,label
14319,0,label
14320,0,label
14321,0,label
14322,0,label
14323,0,label
14324,0,label
14325,0,label
14326,0,label
14327,0,label
14328,0,label
14329,0,label
14330,0,label
14331,0,label
14332,0,label
14333,0,label
14334,0,label
14335,0,label
14336,1,label
14337,0,label
14338,0,label
14339,0,label
14340,0,label
14341,0,label
14342,0,label
14343,0,label
14344,0,label
14345,0,label
14346,0,label
14347,0,label
14348,0,label
14349,0,label
14350,0,label
14351,0,label
14352,0,label
14353,0,label
14354,0,label
14355,0,label
14356,0,label
14357,0,label
14358,0,label
14359,0,label
14360,0,label
14361,0,label
14362,0,label
14363,0,label
14364,0,label
14365,0,label
14366,0,label
14367,0,label
14368,0,label
14369,0,label
14370,1,label
14371,0,label
14372,0,label
14373,0,label
14374,0,label
14375,0,label
14376,0,label
14377,0,label
14378,0,label
14379,0,label
14380,0,label
14381,0,label
14382,0,label
14383,0,label
14384,0,label
14385,0,label
14386,0,label
14387,0,label
14388,0,label
14389,0,label
14390,0,label
14391,0,label
14392,0,label
14393,0,label
14394,0,label
14395,0,label
14396,0,label
14397,1,label
14398,0,label
14399,0,label
14400,0,label
14401,0,label
14402,1,label
14403,0,label
14404,0,label
14405,0,label
14406,0,label
14407,0,label
14408,0,label
14409,0,label
14410,0,label
14411,0,label
14412,0,label
14413,0,label
14414,0,label
14415,0,label
14416,0,label
14417,0,label
14418,0,label
14419,0,label
14420,0,label
14421,0,label
14422,0,label
14423,0,label
14424,0,label
14425,1,label
14426,0,label
14427,0,label
14428,0,label
14429,1,label
14430,0,label
14431,0,label
14432,0,label
14433,0,label
14434,0,label
14435,0,label
14436,0,label
14437,0,label
14438,0,label
14439,0,label
14440,0,label
14441,0,label
14442,0,label
14443,1,label
14444,0,label
14445,0,label
14446,0,label
14447,0,label
14448,0,label
14449,0,label
14450,0,label
14451,0,label
14452,0,label
14453,0,label
14454,0,label
14455,1,label
14456,1,label
14457,0,label
14458,0,label
14459,0,label
14460,0,label
14461,0,label
14462,0,label
14463,0,label
14464,0,label
14465,0,label
14466,0,label
14467,0,label
14468,0,label
14469,0,label
14470,0,label
14471,0,label
14472,0,label
14473,0,label
14474,0,label
14475,0,label
14476,0,label
14477,0,label
14478,0,label
14479,0,label
14480,0,label
14481,0,label
14482,1,label
14483,1,label
14484,0,label
14485,0,label
14486,0,label
14487,0,label
14488,1,label
14489,1,label
14490,0,label
14491,0,label
14492,0,label
14493,0,label
14494,0,label
14495,0,label
14496,0,label
14497,0,label
14498,0,label
14499,0,label
14500,1,label
14501,0,label
14502,0,label
14503,0,label
14504,0,label
14505,0,label
14506,0,label
14507,0,label
14508,0,label
14509,0,label
14510,0,label
14511,1,label
14512,1,label
14513,0,label
14514,0,label
14515,0,label
14516,0,label
14517,0,label
14518,0,label
14519,0,label
14520,0,label
14521,0,label
14522,0,label
14523,0,label
14524,0,label
14525,0,label
14526,0,label
14527,0,label
14528,1,label
14529,0,label
14530,0,label
14531,0,label
14532,0,label
14533,0,label
14534,0,label
14535,0,label
14536,0,label
14537,0,label
14538,0,label
14539,0,label
14540,0,label
14541,0,label
14542,0,label
14543,0,label
14544,1,label
14545,0,label
14546,0,label
14547,0,label
14548,0,label
14549,0,label
14550,0,label
14551,0,label
14552,0,label
14553,0,label
14554,0,label
14555,0,label
14556,0,label
14557,0,label
14558,0,label
14559,0,label
14560,0,label
14561,1,label
14562,0,label
14563,0,label
14564,0,label
14565,0,label
14566,0,label
14567,0,label
14568,0,label
14569,0,label
14570,0,label
14571,0,label
14572,0,label
14573,0,label
14574,0,label
14575,0,label
14576,1,label
14577,0,label
14578,0,label
14579,0,label
14580,0,label
14581,0,label
14582,0,label
14583,0,label
14584,0,label
14585,0,label
14586,0,label
14587,0,label
14588,0,label
14589,0,label
14590,0,label
14591,0,label
14592,0,label
14593,0,label
14594,0,label
14595,0,label
14596,0,label
14597,0,label
14598,0,label
14599,0,label
14600,0,label
14601,0,label
14602,1,label
14603,1,label
14604,0,label
14605,0,label
14606,0,label
14607,0,label
14608,0,label
14609,0,label
14610,0,label
14611,0,label
14612,0,label
14613,0,label
14614,0,label
14615,0,label
14616,0,label
14617,0,label
14618,0,label
14619,0,label
14620,0,label
14621,0,label
14622,0,label
14623,0,label
14624,0,label
14625,0,label
14626,0,label
14627,0,label
14628,0,label
14629,0,label
14630,0,label
14631,0,label
14632,0,label
14633,0,label
14634,1,label
14635,1,label
14636,0,label
14637,0,label
14638,0,label
14639,0,label
14640,0,label
14641,0,label
14642,0,label
14643,0,label
14644,0,label
14645,0,label
14646,0,label
14647,0,label
14648,0,label
14649,0,label
14650,0,label
14651,0,label
14652,0,label
14653,0,label
14654,0,label
14655,0,label
14656,0,label
14657,0,label
14658,0,label
14659,0,label
14660,0,label
14661,0,label
14662,0,label
14663,0,label
14664,0,label
14665,0,label
14666,0,label
14667,0,label
14668,0,label
14669,0,label
14670,0,label
14671,0,label
14672,0,label
14673,0,label
14674,0,label
14675,0,label
14676,0,label
14677,0,label
14678,0,label
14679,0,label
14680,0,label
14681,0,label
14682,0,label
14683,0,label
14684,0,label
14685,0,label
14686,0,label
14687,0,label
14688,0,label
14689,0,label
14690,0,label
14691,0,label
14692,0,label
14693,0,label
14694,0,label
14695,0,label
14696,0,label
14697,0,label
14698,0,label
14699,0,label
14700,0,label
14701,0,label
14702,0,label
14703,0,label
14704,0,label
14705,0,label
14706,0,label
14707,0,label
14708,0,label
14709,0,label
14710,0,label
14711,0,label
14712,0,label
14713,0,label
14714,0,label
14715,0,label
14716,0,label
14717,0,label
14718,0,label
14719,0,label
14720,0,label
14721,0,label
14722,0,label
14723,0,label
14724,0,label
14725,0,label
14726,0,label
14727,0,label
14728,0,label
14729,0,label
14730,0,label
14731,0,label
14732,0,label
14733,0,label
14734,0,label
14735,0,label
14736,0,label
14737,0,label
14738,0,label
14739,0,label
14740,0,label
14741,1,label
14742,0,label
14743,0,label
14744,0,label
14745,0,label
14746,0,label
14747,0,label
14748,0,label
14749,0,label
14750,0,label
14751,0,label
14752,0,label
14753,0,label
14754,0,label
14755,0,label
14756,0,label
14757,0,label
14758,0,label
14759,0,label
14760,0,label
14761,0,label
14762,0,label
14763,0,label
14764,0,label
14765,0,label
14766,0,label
14767,1,label
14768,0,label
14769,0,label
14770,0,label
14771,0,label
14772,1,label
14773,1,label
14774,0,label
14775,0,label
14776,0,label
14777,0,label
14778,0,label
14779,0,label
14780,0,label
14781,1,label
14782,0,label
14783,0,label
14784,0,label
14785,0,label
14786,0,label
14787,0,label
14788,0,label
14789,0,label
14790,0,label
14791,0,label
14792,0,label
14793,0,label
14794,0,label
14795,0,label
14796,0,label
14797,0,label
14798,0,label
14799,0,label
14800,0,label
14801,0,label
14802,0,label
14803,0,label
14804,0,label
14805,0,label
14806,0,label
14807,0,label
14808,0,label
14809,1,label
14810,0,label
14811,0,label
14812,0,label
14813,1,label
14814,0,label
14815,0,label
14816,0,label
14817,1,label
14818,0,label
14819,0,label
14820,0,label
14821,0,label
14822,0,label
14823,1,label
14824,0,label
14825,0,label
14826,0,label
14827,0,label
14828,0,label
14829,0,label
14830,0,label
14831,0,label
14832,0,label
14833,0,label
14834,1,label
14835,0,label
14836,0,label
14837,0,label
14838,0,label
14839,0,label
14840,0,label
14841,0,label
14842,0,label
14843,0,label
14844,0,label
14845,0,label
14846,0,label
14847,0,label
14848,0,label
14849,0,label
14850,0,label
14851,0,label
14852,0,label
14853,0,label
14854,0,label
14855,0,label
14856,0,label
14857,0,label
14858,0,label
14859,0,label
14860,0,label
14861,0,label
14862,0,label
14863,0,label
14864,0,label
14865,0,label
14866,0,label
14867,0,label
14868,0,label
14869,0,label
14870,0,label
14871,0,label
14872,0,label
14873,0,label
14874,0,label
14875,0,label
14876,0,label
14877,0,label
14878,0,label
14879,0,label
14880,0,label
14881,0,label
14882,0,label
14883,0,label
14884,0,label
14885,0,label
14886,0,label
14887,0,label
14888,0,label
14889,0,label
14890,0,label
14891,0,label
14892,0,label
14893,0,label
14894,0,label
14895,0,label
14896,0,label
14897,0,label
14898,0,label
14899,0,label
14900,0,label
14901,0,label
14902,0,label
14903,0,label
14904,0,label
14905,0,label
14906,0,label
14907,1,label
14908,0,label
14909,0,label
14910,0,label
14911,0,label
14912,0,label
14913,0,label
14914,0,label
14915,0,label
14916,0,label
14917,0,label
14918,0,label
14919,0,label
14920,0,label
14921,0,label
14922,0,label
14923,0,label
14924,1,label
14925,1,label
14926,0,label
14927,0,label
14928,0,label
14929,0,label
14930,0,label
14931,0,label
14932,0,label
14933,0,label
14934,0,label
14935,0,label
14936,0,label
14937,0,label
14938,0,label
14939,0,label
14940,0,label
14941,0,label
14942,0,label
14943,0,label
14944,0,label
14945,0,label
14946,0,label
14947,0,label
14948,0,label
14949,0,label
14950,0,label
14951,0,label
14952,0,label
14953,0,label
14954,0,label
14955,0,label
14956,0,label
14957,0,label
14958,1,label
14959,0,label
14960,0,label
14961,0,label
14962,0,label
14963,0,label
14964,0,label
14965,0,label
14966,1,label
14967,1,label
14968,0,label
14969,0,label
14970,0,label
14971,0,label
14972,0,label
14973,0,label
14974,0,label
14975,0,label
14976,0,label
14977,0,label
14978,0,label
14979,0,label
14980,0,label
14981,0,label
14982,0,label
14983,0,label
14984,0,label
14985,0,label
14986,0,label
14987,0,label
14988,0,label
14989,1,label
14990,1,label
14991,1,label
14992,0,label
14993,0,label
14994,0,label
14995,0,label
14996,0,label
14997,0,label
14998,0,label
14999,0,label
15000,0,label
15001,0,label
15002,0,label
15003,0,label
15004,0,label
15005,0,label
15006,0,label
15007,0,label
15008,0,label
15009,0,label
15010,0,label
15011,0,label
15012,0,label
15013,0,label
15014,0,label
15015,0,label
15016,0,label
15017,0,label
15018,0,label
15019,0,label
15020,0,label
15021,0,label
15022,0,label
15023,0,label
15024,0,label
15025,0,label
15026,0,label
15027,0,label
15028,0,label
15029,0,label
15030,0,label
15031,0,label
15032,0,label
15033,0,label
15034,0,label
15035,0,label
15036,0,label
15037,0,label
15038,0,label
15039,0,label
15040,0,label
15041,0,label
15042,0,label
15043,0,label
15044,0,label
15045,0,label
15046,0,label
15047,1,label
15048,0,label
15049,0,label
15050,0,label
15051,0,label
15052,0,label
15053,0,label
15054,0,label
15055,0,label
15056,0,label
15057,0,label
15058,0,label
15059,0,label
15060,0,label
15061,0,label
15062,0,label
15063,0,label
15064,0,label
15065,0,label
15066,0,label
15067,0,label
15068,0,label
15069,0,label
15070,0,label
15071,0,label
15072,0,label
15073,0,label
15074,0,label
15075,0,label
15076,0,label
15077,0,label
15078,0,label
15079,0,label
15080,0,label
15081,0,label
15082,0,label
15083,0,label
15084,0,label
15085,0,label
15086,0,label
15087,0,label
15088,0,label
15089,0,label
15090,0,label
15091,0,label
15092,0,label
15093,0,label
15094,0,label
15095,0,label
15096,0,label
15097,0,label
15098,0,label
15099,0,label
15100,0,label
15101,0,label
15102,0,label
15103,0,label
15104,0,label
15105,0,label
15106,0,label
15107,0,label
15108,0,label
15109,0,label
15110,0,label
15111,0,label
15112,0,label
15113,0,label
15114,0,label
15115,0,label
15116,1,label
15117,0,label
15118,1,label
15119,0,label
15120,0,label
15121,0,label
15122,0,label
15123,1,label
15124,0,label
15125,0,label
15126,0,label
15127,0,label
15128,0,label
15129,0,label
15130,0,label
15131,0,label
15132,0,label
15133,1,label
15134,1,label
15135,0,label
15136,0,label
15137,0,label
15138,0,label
15139,0,label
15140,0,label
15141,0,label
15142,0,label
15143,0,label
15144,0,label
15145,0,label
15146,1,label
15147,1,label
15148,0,label
15149,0,label
15150,0,label
15151,0,label
15152,0,label
15153,0,label
15154,0,label
15155,0,label
15156,0,label
15157,1,label
15158,1,label
15159,0,label
15160,0,label
15161,0,label
15162,0,label
15163,0,label
15164,0,label
15165,1,label
15166,0,label
15167,0,label
15168,0,label
15169,0,label
15170,0,label
15171,0,label
15172,0,label
15173,0,label
15174,0,label
15175,0,label
15176,0,label
15177,0,label
15178,1,label
15179,0,label
15180,0,label
15181,0,label
15182,0,label
15183,0,label
15184,1,label
15185,0,label
15186,0,label
15187,0,label
15188,0,label
15189,0,label
15190,0,label
15191,0,label
15192,0,label
15193,0,label
15194,0,label
15195,1,label
15196,0,label
15197,0,label
15198,0,label
15199,0,label
15200,0,label
15201,0,label
15202,1,label
15203,0,label
15204,0,label
15205,0,label
15206,0,label
15207,0,label
15208,0,label
15209,0,label
15210,0,label
15211,0,label
15212,0,label
15213,0,label
15214,0,label
15215,1,label
15216,1,label
15217,0,label
15218,0,label
15219,0,label
15220,0,label
15221,0,label
15222,0,label
15223,1,label
15224,0,label
15225,0,label
15226,0,label
15227,0,label
15228,0,label
15229,0,label
15230,0,label
15231,0,label
15232,0,label
15233,0,label
15234,0,label
15235,0,label
15236,0,label
15237,0,label
15238,0,label
15239,0,label
15240,0,label
15241,0,label
15242,0,label
15243,0,label
15244,0,label
15245,0,label
15246,0,label
15247,0,label
15248,0,label
15249,0,label
15250,0,label
15251,0,label
15252,0,label
15253,0,label
15254,0,label
15255,0,label
15256,0,label
15257,0,label
15258,0,label
15259,0,label
15260,0,label
15261,0,label
15262,0,label
15263,0,label
15264,0,label
15265,0,label
15266,0,label
15267,0,label
15268,0,label
15269,0,label
15270,0,label
15271,0,label
15272,0,label
15273,0,label
15274,0,label
15275,0,label
15276,0,label
15277,0,label
15278,0,label
15279,0,label
15280,0,label
15281,0,label
15282,0,label
15283,0,label
15284,0,label
15285,0,label
15286,0,label
15287,0,label
15288,0,label
15289,0,label
15290,0,label
15291,0,label
15292,0,label
15293,0,label
15294,0,label
15295,0,label
15296,0,label
15297,0,label
15298,1,label
15299,1,label
15300,0,label
15301,0,label
15302,0,label
15303,0,label
15304,0,label
15305,0,label
15306,0,label
15307,0,label
15308,0,label
15309,0,label
15310,0,label
15311,0,label
15312,0,label
15313,0,label
15314,0,label
15315,0,label
15316,0,label
15317,0,label
15318,0,label
15319,0,label
15320,0,label
15321,0,label
15322,0,label
15323,0,label
15324,0,label
15325,0,label
15326,0,label
15327,0,label
15328,0,label
15329,0,label
15330,0,label
15331,0,label
15332,0,label
15333,0,label
15334,0,label
15335,0,label
15336,0,label
15337,0,label
15338,0,label
15339,0,label
15340,0,label
15341,0,label
15342,0,label
15343,0,label
15344,0,label
15345,0,label
15346,0,label
15347,0,label
15348,0,label
15349,0,label
15350,0,label
15351,0,label
15352,0,label
15353,0,label
15354,0,label
15355,0,label
15356,0,label
15357,0,label
15358,0,label
15359,0,label
15360,0,label
15361,0,label
15362,0,label
15363,0,label
15364,0,label
15365,0,label
15366,0,label
15367,0,label
15368,0,label
15369,0,label
15370,0,label
15371,0,label
15372,0,label
15373,0,label
15374,0,label
15375,0,label
15376,0,label
15377,0,label
15378,0,label
15379,0,label
15380,0,label
15381,0,label
15382,0,label
15383,0,label
15384,1,label
15385,0,label
15386,0,label
15387,0,label
15388,0,label
15389,1,label
15390,0,label
15391,0,label
15392,0,label
15393,0,label
15394,0,label
15395,0,label
15396,0,label
15397,0,label
15398,0,label
15399,0,label
15400,0,label
15401,0,label
15402,0,label
15403,0,label
15404,0,label
15405,0,label
15406,0,label
15407,0,label
15408,0,label
15409,0,label
15410,0,label
15411,0,label
15412,0,label
15413,0,label
15414,0,label
15415,0,label
15416,0,label
15417,0,label
15418,0,label
15419,0,label
15420,0,label
15421,0,label
15422,0,label
15423,0,label
15424,0,label
15425,0,label
15426,0,label
15427,0,label
15428,0,label
15429,0,label
15430,0,label
15431,0,label
15432,0,label
15433,0,label
15434,0,label
15435,0,label
15436,0,label
15437,0,label
15438,0,label
15439,0,label
15440,0,label
15441,0,label
15442,0,label
15443,0,label
15444,0,label
15445,1,label
15446,0,label
15447,0,label
15448,0,label
15449,0,label
15450,0,label
15451,0,label
15452,0,label
15453,0,label
15454,0,label
15455,0,label
15456,0,label
15457,0,label
15458,0,label
15459,0,label
15460,0,label
15461,0,label
15462,0,label
15463,0,label
15464,0,label
15465,0,label
15466,0,label
15467,0,label
15468,0,label
15469,0,label
15470,0,label
15471,1,label
15472,0,label
15473,0,label
15474,0,label
15475,0,label
15476,0,label
15477,0,label
15478,0,label
15479,0,label
15480,0,label
15481,0,label
15482,0,label
15483,0,label
15484,0,label
15485,0,label
15486,0,label
15487,0,label
15488,0,label
15489,0,label
15490,0,label
15491,0,label
15492,0,label
15493,0,label
15494,0,label
15495,0,label
15496,0,label
15497,0,label
15498,0,label
15499,0,label
15500,0,label
15501,0,label
15502,0,label
15503,0,label
15504,0,label
15505,0,label
15506,0,label
15507,0,label
15508,0,label
15509,0,label
15510,0,label
15511,0,label
15512,0,label
15513,0,label
15514,0,label
15515,0,label
15516,0,label
15517,0,label
15518,0,label
15519,0,label
15520,0,label
15521,0,label
15522,0,label
15523,0,label
15524,0,label
15525,0,label
15526,0,label
15527,0,label
15528,0,label
15529,0,label
15530,0,label
15531,0,label
15532,0,label
15533,0,label
15534,0,label
15535,0,label
15536,0,label
15537,1,label
15538,0,label
15539,0,label
15540,0,label
15541,0,label
15542,0,label
15543,0,label
15544,0,label
15545,0,label
15546,0,label
15547,0,label
15548,0,label
15549,0,label
15550,0,label
15551,0,label
15552,0,label
15553,0,label
15554,0,label
15555,0,label
15556,0,label
15557,0,label
15558,0,label
15559,0,label
15560,0,label
15561,0,label
15562,0,label
15563,0,label
15564,0,label
15565,0,label
15566,0,label
15567,0,label
15568,0,label
15569,0,label
15570,0,label
15571,0,label
15572,0,label
15573,0,label
15574,0,label
15575,0,label
15576,0,label
15577,0,label
15578,0,label
15579,0,label
15580,0,label
15581,0,label
15582,0,label
15583,0,label
15584,0,label
15585,0,label
15586,0,label
15587,0,label
15588,0,label
15589,0,label
15590,0,label
15591,0,label
15592,0,label
15593,0,label
15594,0,label
15595,0,label
15596,0,label
15597,0,label
15598,0,label
15599,0,label
15600,0,label
15601,0,label
15602,0,label
15603,1,label
15604,0,label
15605,0,label
15606,0,label
15607,0,label
15608,0,label
15609,0,label
15610,0,label
15611,0,label
15612,0,label
15613,0,label
15614,0,label
15615,0,label
15616,0,label
15617,0,label
15618,0,label
15619,0,label
15620,0,label
15621,0,label
15622,0,label
15623,0,label
15624,0,label
15625,0,label
15626,0,label
15627,0,label
15628,0,label
15629,0,label
15630,0,label
15631,0,label
15632,0,label
15633,0,label
15634,0,label
15635,0,label
15636,0,label
15637,0,label
15638,0,label
15639,0,label
15640,0,label
15641,0,label
15642,0,label
15643,0,label
15644,0,label
15645,0,label
15646,0,label
15647,0,label
15648,0,label
15649,0,label
15650,0,label
15651,0,label
15652,0,label
15653,0,label
15654,0,label
15655,0,label
15656,0,label
15657,0,label
15658,0,label
15659,0,label
15660,0,label
15661,0,label
15662,0,label
15663,0,label
15664,0,label
15665,0,label
15666,0,label
15667,0,label
15668,0,label
15669,0,label
15670,0,label
15671,0,label
15672,0,label
15673,0,label
15674,0,label
15675,0,label
15676,0,label
15677,0,label
15678,0,label
15679,0,label
15680,0,label
15681,1,label
15682,0,label
15683,0,label
15684,0,label
15685,0,label
15686,0,label
15687,0,label
15688,0,label
15689,0,label
15690,0,label
15691,0,label
15692,0,label
15693,0,label
15694,0,label
15695,0,label
15696,0,label
15697,0,label
15698,0,label
15699,0,label
15700,0,label
15701,0,label
15702,0,label
15703,0,label
15704,0,label
15705,0,label
15706,1,label
15707,1,label
15708,0,label
15709,0,label
15710,0,label
15711,0,label
15712,0,label
15713,0,label
15714,0,label
15715,0,label
15716,0,label
15717,0,label
15718,0,label
15719,0,label
15720,0,label
15721,0,label
15722,0,label
15723,0,label
15724,0,label
15725,0,label
15726,0,label
15727,0,label
15728,0,label
15729,0,label
15730,0,label
15731,0,label
15732,0,label
15733,0,label
15734,0,label
15735,0,label
15736,0,label
15737,0,label
15738,0,label
15739,0,label
15740,0,label
15741,0,label
15742,0,label
15743,0,label
15744,0,label
15745,0,label
15746,0,label
15747,1,label
15748,0,label
15749,0,label
15750,0,label
15751,0,label
15752,0,label
15753,0,label
15754,0,label
15755,0,label
15756,0,label
15757,0,label
15758,0,label
15759,0,label
15760,0,label
15761,0,label
15762,0,label
15763,0,label
15764,0,label
15765,0,label
15766,0,label
15767,0,label
15768,0,label
15769,0,label
15770,0,label
15771,0,label
15772,0,label
15773,0,label
15774,0,label
15775,0,label
15776,0,label
15777,0,label
15778,0,label
15779,0,label
15780,0,label
15781,0,label
15782,0,label
15783,0,label
15784,0,label
15785,0,label
15786,0,label
15787,0,label
15788,0,label
15789,0,label
15790,0,label
15791,0,label
15792,0,label
15793,0,label
15794,0,label
15795,0,label
15796,0,label
15797,0,label
15798,0,label
15799,0,label
15800,0,label
15801,0,label
15802,0,label
15803,0,label
15804,0,label
15805,0,label
15806,0,label
15807,0,label
15808,0,label
15809,0,label
15810,1,label
15811,1,label
15812,0,label
15813,0,label
15814,0,label
15815,0,label
15816,0,label
15817,0,label
15818,0,label
15819,0,label
15820,0,label
15821,0,label
15822,0,label
15823,0,label
15824,0,label
15825,0,label
15826,0,label
15827,0,label
15828,0,label
15829,0,label
15830,0,label
15831,0,label
15832,0,label
15833,0,label
15834,0,label
15835,0,label
15836,0,label
15837,0,label
15838,0,label
15839,0,label
15840,0,label
15841,0,label
15842,0,label
15843,0,label
15844,0,label
15845,0,label
15846,0,label
15847,0,label
15848,0,label
15849,0,label
15850,0,label
15851,0,label
15852,0,label
15853,0,label
15854,0,label
15855,0,label
15856,0,label
15857,0,label
15858,0,label
15859,0,label
15860,1,label
15861,1,label
15862,1,label
15863,0,label
15864,1,label
15865,1,label
15866,1,label
15867,0,label
15868,0,label
15869,0,label
15870,0,label
15871,0,label
15872,0,label
15873,0,label
15874,0,label
15875,0,label
15876,0,label
15877,0,label
15878,0,label
15879,0,label
15880,0,label
15881,0,label
15882,0,label
15883,0,label
15884,0,label
15885,0,label
15886,0,label
15887,1,label
15888,1,label
15889,0,label
15890,0,label
15891,0,label
15892,1,label
15893,0,label
15894,0,label
15895,0,label
15896,0,label
15897,0,label
15898,0,label
15899,0,label
15900,1,label
15901,0,label
15902,0,label
15903,0,label
15904,0,label
15905,0,label
15906,0,label
15907,0,label
15908,0,label
15909,0,label
15910,0,label
15911,0,label
15912,0,label
15913,0,label
15914,0,label
15915,0,label
15916,1,label
15917,0,label
15918,0,label
15919,0,label
15920,0,label
15921,0,label
15922,0,label
15923,0,label
15924,0,label
15925,0,label
15926,0,label
15927,0,label
15928,0,label
15929,0,label
15930,0,label
15931,0,label
15932,0,label
15933,0,label
15934,0,label
15935,0,label
15936,0,label
15937,0,label
15938,0,label
15939,0,label
15940,0,label
15941,0,label
15942,0,label
15943,0,label
15944,0,label
15945,0,label
15946,0,label
15947,0,label
15948,0,label
15949,0,label
15950,0,label
15951,0,label
15952,0,label
15953,0,label
15954,0,label
15955,0,label
15956,0,label
15957,0,label
15958,0,label
15959,0,label
15960,0,label
15961,0,label
15962,0,label
15963,0,label
15964,0,label
15965,0,label
15966,0,label
15967,0,label
15968,0,label
15969,0,label
15970,0,label
15971,0,label
15972,0,label
15973,0,label
15974,0,label
15975,0,label
15976,0,label
15977,0,label
15978,0,label
15979,0,label
15980,0,label
15981,0,label
